<?xml version="1.0" encoding="UTF-8"?>
<widget href="/xapis/catalog/widget/C98EDF82-0A00-11DF-8124-001E681DFAC2" id="C98EDF82-0A00-11DF-8124-001E681DFAC2">
  <name>Missing Children - Missouri</name>
  <description>Missing children from Missouri.  If we all take a state we'll cover a lot of ground my fellow Chumbians!</description>
  <version>1.2</version>
  <play mode="timeout" time="60"/>
  <user type="community" id="1D014ED6-F15E-11DE-A4CB-001B24F07EF4" username="BeeCaper"/>
  <security approval="approved" sendable="true" deletable="true" previewable="true" access="public" overlay="true" virtualable="true"/>
  <rating count="0" value="0.0"/>
  <thumbnail href="http://s3movies.chumby.com/cdn/xmlthumbnail/D0677C0A-0AA6-11DF-82FB-001E681DFAC2" contenttype="image/jpeg"/>
  <template href="/xml/configs/C98EDF82-0A00-11DF-8124-001E681DFAC2" contenttype=""/>
  <category href="http://xml.chumby.com/xapis/catalog/index/57767624-0D88-11DD-9BCD-0030488D0168" name="Community" id="57767624-0D88-11DD-9BCD-0030488D0168"/>
  <movie href="http://s3movies.chumby.com/cdn/xmlmovie/C98F29A6-0A00-11DF-8124-001E681DFAC2" contenttype="application/x-shockwave-flash"/>
  <swfs>
    <swf width="320" microphone="false" kb="false" camera="false" as_version="2" accelerometer="false" previewable="true" content-type="application/x-shockwave-flash" href="http://s3movies.chumby.com/cdn/xmlmovie/C98F29A6-0A00-11DF-8124-001E681DFAC2" fixed_ar="true" swf_version="6" height="240" bgcolor="336699" supports_browser="false" pointing="false" resolution="" scalable="false" requires_sound="false"/>
  </swfs>
</widget>
