<?xml version="1.0" encoding="UTF-8"?>
<widget href="/xapis/catalog/widget/1B1C39C8-23BE-11DE-A24B-001E681DF646" id="1B1C39C8-23BE-11DE-A24B-001E681DF646">
  <name>Albert Einstein Quotes</name>
  <description>Get inspired by Einstein's quotes on science, religion, love and education.</description>
  <version>1.0</version>
  <play mode="timeout" time="60"/>
  <user type="community" id="953AA88A-2048-11DE-8231-001B24F07EF4" username="agoldfinger"/>
  <security sendable="true" approval="approved" previewable="true" access="public" deletable="true" virtualable="true" overlay="true"/>
  <rating count="43" value="3.907"/>
  <thumbnail href="http://s3movies.chumby.com/cdn/xmlthumbnail/1B1C2316-23BE-11DE-A24B-001E681DF646" contenttype="image/jpeg"/>
  <template href="/xml/configs/1B1C39C8-23BE-11DE-A24B-001E681DF646" contenttype=""/>
  <category href="http://xml.chumby.com/xapis/catalog/index/E130976A-09A5-11DC-8592-0030488E34F8" name="Educational" id="E130976A-09A5-11DC-8592-0030488E34F8"/>
  <movie href="http://s3movies.chumby.com/cdn/xmlmovie/0F721656-240E-11DE-B5B6-001E681DF646" contenttype="application/x-shockwave-flash"/>
  <swfs>
    <swf width="320" microphone="false" kb="false" camera="false" as_version="2" accelerometer="false" previewable="true" content-type="application/x-shockwave-flash" href="http://s3movies.chumby.com/cdn/xmlmovie/0F721656-240E-11DE-B5B6-001E681DF646" fixed_ar="true" swf_version="8" height="240" bgcolor="ffffff" supports_browser="false" pointing="false" resolution="" scalable="false" requires_sound="false"/>
  </swfs>
</widget>
