<?xml version="1.0" encoding="UTF-8"?>
<widget href="/xapis/catalog/widget/CC710552-C175-11DC-AA5C-0016353B0686" id="CC710552-C175-11DC-AA5C-0016353B0686">
  <name>Humancalendar.com</name>
  <description>The current date, with people looking at each other.  Touch them, shake them.

See release notes:
http://chumby.humancalendar.com</description>
  <version>1.0</version>
  <play mode="timeout" time="60"/>
  <user type="community" id="8DEBFA1C-9FCE-11DC-A6AB-0016353B0686" username="cgiffen"/>
  <security sendable="true" approval="approved" previewable="true" deletable="true" access="public" virtualable="true" overlay="true"/>
  <rating count="131" value="4.2061"/>
  <thumbnail href="http://s3movies.chumby.com/cdn/xmlthumbnail/78C16606-C34E-11DC-A5CC-001635C47868" contenttype="image/jpeg"/>
  <template href="http://s3movies.chumby.com/cdn/xmltemplate/76CDF4C2-C407-11DC-9FA4-00156009DD9B" contenttype="application/x-shockwave-flash"/>
  <category href="http://xml.chumby.com/xapis/catalog/index/5E907BD0-2F36-11DB-AF6D-001372292121" name="Calendars" id="5E907BD0-2F36-11DB-AF6D-001372292121"/>
  <movie href="http://s3movies.chumby.com/cdn/xmlmovie/D32F91E0-C4DD-11DC-AA5C-0016353B0686" contenttype="application/x-shockwave-flash"/>
  <swfs>
    <swf width="320" microphone="false" kb="false" camera="false" as_version="2" accelerometer="false" previewable="true" content-type="application/x-shockwave-flash" href="http://s3movies.chumby.com/cdn/xmlmovie/D32F91E0-C4DD-11DC-AA5C-0016353B0686" fixed_ar="true" swf_version="8" height="240" bgcolor="000000" supports_browser="false" pointing="false" resolution="" scalable="false" requires_sound="false"/>
  </swfs>
</widget>
