<?xml version="1.0" encoding="UTF-8"?>
<widget href="/xapis/catalog/widget/675EFB74-15E5-11E1-97D7-001E681DF646" id="675EFB74-15E5-11E1-97D7-001E681DF646">
  <name>qlocktwo</name>
  <description>A clock based off the qlocktwo wall clock.</description>
  <version>1.03</version>
  <play mode="timeout" time="60"/>
  <user type="community" id="7D9E7C7E-BDD8-11DD-A4C7-001E681DFAC2" username="AncientMan"/>
  <security sendable="true" approval="approved" previewable="true" access="public" deletable="true" virtualable="true" overlay="true"/>
  <rating count="13" value="4.8462"/>
  <thumbnail href="http://s3movies.chumby.com/cdn/xmlthumbnail/675EB786-15E5-11E1-97D7-001E681DF646" contenttype="image/jpeg"/>
  <template href="http://s3movies.chumby.com/cdn/xmltemplate/13832022-16A1-11E1-95DE-001E681DFAC2" contenttype="application/x-shockwave-flash"/>
  <category href="http://xml.chumby.com/xapis/catalog/index/EF508B70-2F35-11DB-8753-001372292121" name="Clocks" id="EF508B70-2F35-11DB-8753-001372292121"/>
  <movie href="http://s3movies.chumby.com/cdn/xmlmovie/67664F1E-15E5-11E1-97D7-001E681DF646" contenttype="application/x-shockwave-flash"/>
  <swfs>
    <swf width="320" microphone="false" kb="false" camera="false" as_version="2" accelerometer="false" previewable="true" content-type="application/x-shockwave-flash" href="http://s3movies.chumby.com/cdn/xmlmovie/67664F1E-15E5-11E1-97D7-001E681DF646" fixed_ar="true" swf_version="8" height="240" bgcolor="000000" supports_browser="false" pointing="false" resolution="320x240" scalable="false" requires_sound="false"/>
    <swf width="800" microphone="false" kb="false" camera="false" as_version="2" accelerometer="false" previewable="true" content-type="application/x-shockwave-flash" href="http://s3movies.chumby.com/cdn/xmlmovie/67692126-15E5-11E1-97D7-001E681DF646" fixed_ar="true" swf_version="8" height="600" bgcolor="000000" supports_browser="false" pointing="false" resolution="800x600" scalable="false" requires_sound="false"/>
    <swf width="800" microphone="false" kb="false" camera="false" as_version="2" accelerometer="false" previewable="true" content-type="application/x-shockwave-flash" href="http://s3movies.chumby.com/cdn/xmlmovie/6767321C-15E5-11E1-97D7-001E681DF646" fixed_ar="true" swf_version="8" height="480" bgcolor="000000" supports_browser="false" pointing="false" resolution="800x480" scalable="false" requires_sound="false"/>
  </swfs>
</widget>
