<?xml version="1.0" encoding="UTF-8"?>
<widget href="/xapis/catalog/widget/5A47A2A2-336B-11DD-96F7-001B24F07D28" id="5A47A2A2-336B-11DD-96F7-001B24F07D28">
  <name>NuWidgets</name>
  <description>Get the info on the newest widgets on the Chumby Network. A graphic alternative to the Newest Widgets.
New version in the works, so let me know if there is anything you like to see.</description>
  <version>1.0</version>
  <play mode="timeout" time="21"/>
  <user type="community" id="669D077C-273B-11DD-A668-0030485B7900" username="Xacto"/>
  <security sendable="true" overlay="true" previewable="true" access="public" virtualable="true" approval="approved" deletable="true"/>
  <rating count="25" value="4.04"/>
  <thumbnail href="http://s3movies.chumby.com/cdn/xmlthumbnail/5A478D1C-336B-11DD-96F7-001B24F07D28" contenttype="image/jpeg"/>
  <template href="/xml/configs/5A47A2A2-336B-11DD-96F7-001B24F07D28" contenttype=""/>
  <category href="http://xml.chumby.com/xapis/catalog/index/57767624-0D88-11DD-9BCD-0030488D0168" name="Community" id="57767624-0D88-11DD-9BCD-0030488D0168"/>
  <movie href="http://s3movies.chumby.com/cdn/xmlmovie/5A3DBB52-336B-11DD-96F7-001B24F07D28" contenttype="application/x-shockwave-flash"/>
  <swfs>
    <swf width="320" microphone="false" kb="false" camera="false" as_version="2" accelerometer="false" previewable="true" content-type="application/x-shockwave-flash" href="http://s3movies.chumby.com/cdn/xmlmovie/5A3DBB52-336B-11DD-96F7-001B24F07D28" fixed_ar="true" swf_version="6" height="240" bgcolor="ffffff" supports_browser="false" pointing="false" resolution="" scalable="false" requires_sound="false"/>
  </swfs>
</widget>
