<?xml version="1.0" encoding="UTF-8"?>
<widget href="/xapis/catalog/widget/64313F8E-DE76-11DC-89C0-0016353B0686" id="64313F8E-DE76-11DC-89C0-0016353B0686">
  <name>Nothingr - the blank widget</name>
  <description>Just a simple blank widget to let your chumby rest between widgets.

Choose a custom color to fancify it.</description>
  <version>1.1</version>
  <play mode="timeout" time="15"/>
  <user type="community" id="66F2FA0C-837F-11DC-8649-0030488CBE0D" username="jforsythe"/>
  <security sendable="true" deletable="true" previewable="true" overlay="true" access="public" virtualable="true" approval="approved"/>
  <rating count="25" value="3.52"/>
  <thumbnail href="http://s3movies.chumby.com/cdn/xmlthumbnail/54B0EEA0-DE77-11DC-A3BE-00156009DD9B" contenttype="image/jpeg"/>
  <template href="http://s3movies.chumby.com/cdn/xmltemplate/64312166-DE76-11DC-89C0-0016353B0686" contenttype="application/x-shockwave-flash"/>
  <category href="http://xml.chumby.com/xapis/catalog/index/AC50ADA4-4088-11DC-B053-0030485A78AA" name="Animation" id="AC50ADA4-4088-11DC-B053-0030485A78AA"/>
  <movie href="http://s3movies.chumby.com/cdn/xmlmovie/B24F0EBC-DE76-11DC-9104-001635C47868" contenttype="application/x-shockwave-flash"/>
  <swfs>
    <swf width="320" microphone="false" kb="false" camera="false" as_version="2" accelerometer="false" previewable="true" content-type="application/x-shockwave-flash" href="http://s3movies.chumby.com/cdn/xmlmovie/B24F0EBC-DE76-11DC-9104-001635C47868" fixed_ar="true" swf_version="8" height="240" bgcolor="000000" supports_browser="false" pointing="false" resolution="" scalable="false" requires_sound="false"/>
  </swfs>
</widget>
