<?xml version="1.0" encoding="UTF-8"?>
<widget href="/xapis/catalog/widget/FB20672A-632E-11DD-B5F0-001E681DFAC2" id="FB20672A-632E-11DD-B5F0-001E681DFAC2">
  <name>12H Flip Clock with secs - Ivory</name>
  <description>This is the official version of my Flip Clock for the Chumby.Now with Seconds!

Get free clocks for your own website at www.adamdorman.com.</description>
  <version>1.0</version>
  <play mode="timeout" time="15"/>
  <user type="community" id="E790164A-5200-11DD-BAC5-001E681DFAC2" username="adorman"/>
  <security approval="approved" sendable="true" deletable="true" previewable="true" access="public" overlay="true" virtualable="true"/>
  <rating count="38" value="4.1579"/>
  <thumbnail href="http://s3movies.chumby.com/cdn/xmlthumbnail/FB2054EC-632E-11DD-B5F0-001E681DFAC2" contenttype="image/jpeg"/>
  <template href="/xml/configs/FB20672A-632E-11DD-B5F0-001E681DFAC2" contenttype=""/>
  <category href="http://xml.chumby.com/xapis/catalog/index/EF508B70-2F35-11DB-8753-001372292121" name="Clocks" id="EF508B70-2F35-11DB-8753-001372292121"/>
  <movie href="http://s3movies.chumby.com/cdn/xmlmovie/7014538A-6586-11DD-8C46-001E681DF646" contenttype="application/x-shockwave-flash"/>
  <swfs>
    <swf width="320" microphone="false" kb="false" camera="false" as_version="2" accelerometer="false" previewable="true" content-type="application/x-shockwave-flash" href="http://s3movies.chumby.com/cdn/xmlmovie/7014538A-6586-11DD-8C46-001E681DF646" fixed_ar="false" swf_version="7" height="240" bgcolor="000000" supports_browser="false" pointing="false" resolution="" scalable="false" requires_sound="false"/>
  </swfs>
</widget>
