<?xml version="1.0" encoding="UTF-8"?>
<widget href="/xapis/catalog/widget/0F153DC6-DDD4-11DD-A91B-001E681DFAC2" id="0F153DC6-DDD4-11DD-A91B-001E681DFAC2">
  <name>Joost</name>
  <description>This widget allows you to browse what your friends are watching on Joost. You can also see what is most popular and of course add shows to your Joost Queue - so they are all ready for you to watch on your PC, Mac, Media Center, mobile or where ever you are enjoying Joost's 60.000 films, music videos or professional shows.</description>
  <version>1.02</version>
  <play mode="timeout" time="20"/>
  <user type="community" id="9F36CD50-DBD3-11DD-99BA-001E681DFAC2" username="joost.com"/>
  <security sendable="true" approval="approved" previewable="true" deletable="true" access="public" virtualable="true" overlay="true"/>
  <rating count="3" value="2.3333"/>
  <thumbnail href="http://s3movies.chumby.com/cdn/xmlthumbnail/0F14B090-DDD4-11DD-A91B-001E681DFAC2" contenttype="image/jpeg"/>
  <template href="http://s3movies.chumby.com/cdn/xmltemplate/0F14C65C-DDD4-11DD-A91B-001E681DFAC2" contenttype="application/x-shockwave-flash"/>
  <category href="http://xml.chumby.com/xapis/catalog/index/175E3A6A-5D3D-11DB-A0DD-0030485A78AA" name="Entertainment" id="175E3A6A-5D3D-11DB-A0DD-0030485A78AA"/>
  <movie href="http://s3movies.chumby.com/cdn/xmlmovie/0F1428A0-DDD4-11DD-A91B-001E681DFAC2" contenttype="application/x-shockwave-flash"/>
  <swfs>
    <swf width="320" microphone="false" kb="false" camera="false" as_version="2" accelerometer="false" previewable="true" content-type="application/x-shockwave-flash" href="http://s3movies.chumby.com/cdn/xmlmovie/0F1428A0-DDD4-11DD-A91B-001E681DFAC2" fixed_ar="true" swf_version="8" height="240" bgcolor="ff6600" supports_browser="false" pointing="false" resolution="" scalable="false" requires_sound="false"/>
  </swfs>
</widget>
