<?xml version="1.0" encoding="UTF-8"?>
<widget href="/xapis/catalog/widget/355ED5BC-0F00-11DD-8E7D-0030488E34CA" id="355ED5BC-0F00-11DD-8E7D-0030488E34CA">
  <name>Color Wheel Clock</name>
  <description>A simple clock using the Clarendon typeface. Current and approaching hours are displayed. Second hand spins as a muted color wheel.</description>
  <version>1.0</version>
  <play mode="timeout" time="20"/>
  <user type="community" id="C16C3788-BC81-11DC-A690-00156009DD9B" username="McConnell"/>
  <security approval="approved" sendable="true" deletable="true" previewable="true" access="public" overlay="true" virtualable="true"/>
  <rating count="21" value="3.5714"/>
  <thumbnail href="http://s3movies.chumby.com/cdn/xmlthumbnail/355EA114-0F00-11DD-8E7D-0030488E34CA" contenttype="image/jpeg"/>
  <template href="/xml/configs/355ED5BC-0F00-11DD-8E7D-0030488E34CA" contenttype=""/>
  <category href="http://xml.chumby.com/xapis/catalog/index/EF508B70-2F35-11DB-8753-001372292121" name="Clocks" id="EF508B70-2F35-11DB-8753-001372292121"/>
  <movie href="http://s3movies.chumby.com/cdn/xmlmovie/355DB682-0F00-11DD-8E7D-0030488E34CA" contenttype="application/x-shockwave-flash"/>
  <swfs>
    <swf width="320" microphone="false" kb="false" camera="false" as_version="2" accelerometer="false" previewable="true" content-type="application/x-shockwave-flash" href="http://s3movies.chumby.com/cdn/xmlmovie/355DB682-0F00-11DD-8E7D-0030488E34CA" fixed_ar="false" swf_version="6" height="240" bgcolor="ffffff" supports_browser="false" pointing="false" resolution="" scalable="false" requires_sound="false"/>
  </swfs>
</widget>
