<?xml version="1.0" encoding="UTF-8"?>
<widget href="/xapis/catalog/widget/D5355AA0-0DC6-11DE-8D83-001B24F07EF4" id="D5355AA0-0DC6-11DE-8D83-001B24F07EF4">
  <name>Another Nixie Clock</name>
  <description>Before there were LCDs or even LEDs, we had Nixie Tubes. And although developer myridom has made two Nixie tube clocks, I love this retro tech so much that I had to make one too.</description>
  <version>1.0</version>
  <play mode="timeout" time="15"/>
  <user type="community" id="832FF9A6-FC18-11DC-AEDD-00156009DD9B" username="quizengine"/>
  <security sendable="true" approval="approved" previewable="true" access="public" deletable="true" virtualable="true" overlay="true"/>
  <rating count="14" value="3.7143"/>
  <thumbnail href="http://s3movies.chumby.com/cdn/xmlthumbnail/D53544FC-0DC6-11DE-8D83-001B24F07EF4" contenttype="image/jpeg"/>
  <template href="/xml/configs/D5355AA0-0DC6-11DE-8D83-001B24F07EF4" contenttype=""/>
  <category href="http://xml.chumby.com/xapis/catalog/index/EF508B70-2F35-11DB-8753-001372292121" name="Clocks" id="EF508B70-2F35-11DB-8753-001372292121"/>
  <movie href="http://s3movies.chumby.com/cdn/xmlmovie/01B6F70C-0DD4-11DE-AB31-001B24F07EF4" contenttype="application/x-shockwave-flash"/>
  <swfs>
    <swf width="320" microphone="false" kb="false" camera="false" as_version="2" accelerometer="false" previewable="true" content-type="application/x-shockwave-flash" href="http://s3movies.chumby.com/cdn/xmlmovie/01B6F70C-0DD4-11DE-AB31-001B24F07EF4" fixed_ar="true" swf_version="8" height="240" bgcolor="666666" supports_browser="false" pointing="false" resolution="" scalable="false" requires_sound="false"/>
  </swfs>
</widget>
