<?xml version="1.0" encoding="UTF-8"?>
<widget href="/xapis/catalog/widget/129F8070-DF80-11DD-B96F-001E681DF646" id="129F8070-DF80-11DD-B96F-001E681DF646">
  <name>Regional Weather Radar</name>
  <description>Display the weather (rainfall) radar for your corner of Australia</description>
  <version>1.0</version>
  <play mode="timeout" time="60"/>
  <user type="community" id="8A624844-B1E6-11DD-8266-001E681DF646" username="Freman"/>
  <security sendable="true" approval="approved" previewable="true" access="public" deletable="true" virtualable="true" overlay="true"/>
  <rating count="32" value="3.7188"/>
  <thumbnail href="http://s3movies.chumby.com/cdn/xmlthumbnail/E6E55606-DF95-11DD-B96F-001E681DF646" contenttype="image/jpeg"/>
  <template href="http://s3movies.chumby.com/cdn/xmltemplate/25F22582-DF95-11DD-AF55-001E681DF646" contenttype="application/x-shockwave-flash"/>
  <category href="http://xml.chumby.com/xapis/catalog/index/8A3F7906-B75C-11DD-8466-001E681DF646" name="Australian" id="8A3F7906-B75C-11DD-8466-001E681DF646"/>
  <movie href="http://s3movies.chumby.com/cdn/xmlmovie/4B4EB6D6-FE7D-11DD-8217-001B24F07EF4" contenttype="application/x-shockwave-flash"/>
  <swfs>
    <swf width="320" microphone="false" kb="false" camera="false" as_version="2" accelerometer="false" previewable="true" content-type="application/x-shockwave-flash" href="http://s3movies.chumby.com/cdn/xmlmovie/4B4EB6D6-FE7D-11DD-8217-001B24F07EF4" fixed_ar="true" swf_version="8" height="240" bgcolor="ffffff" supports_browser="false" pointing="false" resolution="" scalable="false" requires_sound="false"/>
  </swfs>
</widget>
