<?xml version="1.0" encoding="UTF-8"?>
<widget href="/xapis/catalog/widget/4BED33AE-5A22-11DF-BCAC-001E681DF646" id="4BED33AE-5A22-11DF-BCAC-001E681DF646">
  <name>Clockzilla</name>
  <description>Clockzilla is a clock widget, specifically designed so that nearsighted people can easily read the time. The widget tries to make the clock appear as large as possible, by only showing parts of the clock that are necessary to read the current time.</description>
  <version>1.01</version>
  <play mode="timeout" time="60"/>
  <user type="community" id="2BE722E4-4B23-11DF-8C2C-001B24F07EF4" username="yutak"/>
  <security sendable="true" approval="approved" previewable="true" access="public" deletable="true" virtualable="true" overlay="true"/>
  <rating count="35" value="4.1429"/>
  <thumbnail href="http://s3movies.chumby.com/cdn/xmlthumbnail/0299710C-5C45-11DF-93F2-001E681DFAC2" contenttype="image/jpeg"/>
  <template href="/xml/configs/4BED33AE-5A22-11DF-BCAC-001E681DF646" contenttype=""/>
  <category href="http://xml.chumby.com/xapis/catalog/index/EF508B70-2F35-11DB-8753-001372292121" name="Clocks" id="EF508B70-2F35-11DB-8753-001372292121"/>
  <movie href="http://s3movies.chumby.com/cdn/xmlmovie/4BEEA022-5A22-11DF-BCAC-001E681DF646" contenttype="application/x-shockwave-flash"/>
  <swfs>
    <swf width="320" microphone="false" kb="false" camera="false" as_version="2" accelerometer="false" previewable="true" content-type="application/x-shockwave-flash" href="http://s3movies.chumby.com/cdn/xmlmovie/4BEEA022-5A22-11DF-BCAC-001E681DF646" fixed_ar="true" swf_version="7" height="240" bgcolor="141d14" supports_browser="false" pointing="false" resolution="" scalable="false" requires_sound="false"/>
  </swfs>
</widget>
