<?xml version="1.0" encoding="UTF-8"?>
<widget href="/xapis/catalog/widget/FC32BC8C-1A2A-11DD-8DDE-0030485B7900" id="FC32BC8C-1A2A-11DD-8DDE-0030485B7900">
  <name>Binary Clock - BW Theme</name>
  <description>This is a clock based on binary. The clock separates the digits by seconds, minutes and hours. </description>
  <version>1.0.1</version>
  <play mode="timeout" time="15"/>
  <user type="community" id="853BA7B8-1A27-11DD-A99E-0030488E34F8" username="heltoew"/>
  <security approval="approved" sendable="true" deletable="true" previewable="true" access="public" overlay="true" virtualable="true"/>
  <rating count="22" value="3.5909"/>
  <thumbnail href="http://s3movies.chumby.com/cdn/xmlthumbnail/FC328DAC-1A2A-11DD-8DDE-0030485B7900" contenttype="image/jpeg"/>
  <template href="/xml/configs/FC32BC8C-1A2A-11DD-8DDE-0030485B7900" contenttype=""/>
  <category href="http://xml.chumby.com/xapis/catalog/index/EF508B70-2F35-11DB-8753-001372292121" name="Clocks" id="EF508B70-2F35-11DB-8753-001372292121"/>
  <movie href="http://s3movies.chumby.com/cdn/xmlmovie/5E5465E4-1CA3-11DD-ACDF-0030485B7900" contenttype="application/x-shockwave-flash"/>
  <swfs>
    <swf width="320" microphone="false" kb="false" camera="false" as_version="2" accelerometer="false" previewable="true" content-type="application/x-shockwave-flash" href="http://s3movies.chumby.com/cdn/xmlmovie/5E5465E4-1CA3-11DD-ACDF-0030485B7900" fixed_ar="true" swf_version="8" height="240" bgcolor="333333" supports_browser="false" pointing="false" resolution="" scalable="false" requires_sound="false"/>
  </swfs>
</widget>
