<?xml version="1.0" encoding="UTF-8"?>
<widget href="/xapis/catalog/widget/C0210F4A-598D-11DC-9C50-00146C833363" id="C0210F4A-598D-11DC-9C50-00146C833363">
  <name>Whiteboard</name>
  <description>Obtained from FLASHSOURCECODE.COM! I did not make it; however much thanks to the people of the site!</description>
  <version>1.0</version>
  <play mode="timeout" time="15"/>
  <user type="community" id="913A54A0-115A-11DC-A9AC-0030488CBE0D" username="queenfan02"/>
  <security sendable="true" previewable="true" approval="approved" access="public" deletable="true" virtualable="true" overlay="true"/>
  <rating count="32" value="3.5625"/>
  <thumbnail href="http://s3movies.chumby.com/cdn/xmlthumbnail/C020E3D0-598D-11DC-9C50-00146C833363" contenttype="image/jpeg"/>
  <template href="/xml/configs/C0210F4A-598D-11DC-9C50-00146C833363" contenttype=""/>
  <category href="http://xml.chumby.com/xapis/catalog/index/59BC5264-CF80-11DC-92D5-00156009DD9B" name="Communications" id="59BC5264-CF80-11DC-92D5-00156009DD9B"/>
  <movie href="http://s3movies.chumby.com/cdn/xmlmovie/C01FF09C-598D-11DC-9C50-00146C833363" contenttype="application/x-shockwave-flash"/>
  <swfs>
    <swf width="400" microphone="false" kb="false" camera="false" as_version="2" accelerometer="false" previewable="true" content-type="application/x-shockwave-flash" href="http://s3movies.chumby.com/cdn/xmlmovie/C01FF09C-598D-11DC-9C50-00146C833363" fixed_ar="false" swf_version="6" height="200" bgcolor="ffffff" supports_browser="false" pointing="false" resolution="" scalable="false" requires_sound="false"/>
  </swfs>
</widget>
