<?xml version="1.0" encoding="UTF-8"?>
<widget href="/xapis/catalog/widget/99C36184-79E1-11DD-829B-001B24E044BE" id="99C36184-79E1-11DD-829B-001B24E044BE">
  <name>Dance into the New Season</name>
  <description>Dance your way into the new season of Ellen!</description>
  <version>1.1</version>
  <play mode="timeout" time="45"/>
  <user type="chumby" id="00000000-0000-0000-0000-000000000001" username="chumby"/>
  <security sendable="true" approval="approved" previewable="true" access="public" deletable="true" virtualable="true" overlay="true"/>
  <rating count="5" value="3.4"/>
  <thumbnail href="http://s3movies.chumby.com/cdn/xmlthumbnail/99C43B40-79E1-11DD-829B-001B24E044BE" contenttype="image/jpeg"/>
  <template href="http://s3movies.chumby.com/cdn/xmltemplate/99C475F6-79E1-11DD-829B-001B24E044BE" contenttype="text/xml"/>
  <category href="http://xml.chumby.com/xapis/catalog/index/175E3A6A-5D3D-11DB-A0DD-0030485A78AA" name="Entertainment" id="175E3A6A-5D3D-11DB-A0DD-0030485A78AA"/>
  <movie href="http://s3movies.chumby.com/cdn/xmlmovie/99C4A864-79E1-11DD-829B-001B24E044BE" contenttype="application/x-shockwave-flash"/>
  <swfs>
    <swf width="320" microphone="false" kb="false" camera="false" as_version="2" accelerometer="false" previewable="true" content-type="application/x-shockwave-flash" href="http://s3movies.chumby.com/cdn/xmlmovie/99C4A864-79E1-11DD-829B-001B24E044BE" fixed_ar="true" swf_version="7" height="240" bgcolor="cccccc" supports_browser="false" pointing="false" resolution="" scalable="false" requires_sound="false"/>
  </swfs>
</widget>
