<?xml version="1.0" encoding="UTF-8"?>
<widget href="/xapis/catalog/widget/D19FB5A0-7A56-11DE-A7F1-001E681DFAC2" id="D19FB5A0-7A56-11DE-A7F1-001E681DFAC2">
  <name>panda-clock2</name>
  <description>u-shoku.jp &#12398;&#12510;&#12473;&#12467;&#12483;&#12488;&#12461;&#12515;&#12521;&#12463;&#12479;&#12391;&#12377;</description>
  <version>1.0</version>
  <play mode="timeout" time="60"/>
  <user type="community" id="65835FF4-9F58-11DD-AA94-001B24F07EF4" username="yagi3mee"/>
  <security sendable="true" approval="approved" previewable="true" deletable="true" access="public" virtualable="true" overlay="true"/>
  <rating count="1" value="0.0"/>
  <thumbnail href="http://s3movies.chumby.com/cdn/xmlthumbnail/AF8DB22A-7B12-11DE-B6DB-001E681DFAC2" contenttype="image/jpeg"/>
  <template href="/xml/configs/D19FB5A0-7A56-11DE-A7F1-001E681DFAC2" contenttype=""/>
  <category href="http://xml.chumby.com/xapis/catalog/index/EF508B70-2F35-11DB-8753-001372292121" name="Clocks" id="EF508B70-2F35-11DB-8753-001372292121"/>
  <movie href="http://s3movies.chumby.com/cdn/xmlmovie/D1A276AA-7A56-11DE-A7F1-001E681DFAC2" contenttype="application/x-shockwave-flash"/>
  <swfs>
    <swf width="320" microphone="false" kb="false" camera="false" as_version="2" accelerometer="false" previewable="true" content-type="application/x-shockwave-flash" href="http://s3movies.chumby.com/cdn/xmlmovie/D1A276AA-7A56-11DE-A7F1-001E681DFAC2" fixed_ar="false" swf_version="7" height="240" bgcolor="ffffff" supports_browser="false" pointing="false" resolution="" scalable="false" requires_sound="false"/>
  </swfs>
</widget>
