<?xml version="1.0" encoding="UTF-8"?>
<widget href="/xapis/catalog/widget/EA94DD16-DBCE-11DB-8DEC-00161771249B" id="EA94DD16-DBCE-11DB-8DEC-00161771249B">
  <name>KAI5ER SIMPLISTIC</name>
  <description>SIMPLE CLOCK WITH LOADERS</description>
  <version>1.0</version>
  <play mode="timeout" time="60"/>
  <user type="community" id="C2B732DE-CE96-11DB-AF17-00161771249B" username="Kai5er"/>
  <security approval="approved" sendable="true" deletable="true" previewable="true" access="public" overlay="true" virtualable="true"/>
  <rating count="45" value="3.7955"/>
  <thumbnail href="http://s3movies.chumby.com/cdn/xmlthumbnail/30D96C9A-2415-11DC-A307-0030485A78AA" contenttype="image/pjpeg"/>
  <template href="http://s3movies.chumby.com/cdn/xmltemplate/30D6E1A0-2415-11DC-A307-0030485A78AA" contenttype="application/octet-stream"/>
  <category href="http://xml.chumby.com/xapis/catalog/index/EF508B70-2F35-11DB-8753-001372292121" name="Clocks" id="EF508B70-2F35-11DB-8753-001372292121"/>
  <movie href="http://s3movies.chumby.com/cdn/xmlmovie/30D4549E-2415-11DC-A307-0030485A78AA" contenttype="application/x-shockwave-flash"/>
  <swfs>
    <swf width="320" microphone="false" kb="false" camera="false" as_version="2" accelerometer="false" previewable="true" content-type="application/x-shockwave-flash" href="http://s3movies.chumby.com/cdn/xmlmovie/30D4549E-2415-11DC-A307-0030485A78AA" fixed_ar="true" swf_version="7" height="240" bgcolor="ffffff" supports_browser="false" pointing="false" resolution="" scalable="false" requires_sound="false"/>
  </swfs>
</widget>
