<?xml version="1.0" encoding="UTF-8"?>
<widget href="/xapis/catalog/widget/18779068-8CE3-11DD-80AA-001B24F07EF4" id="18779068-8CE3-11DD-80AA-001B24F07EF4">
  <name>Broadsoft Xtended</name>
  <description>Xtended Chumby application for the Broadsoft Xtended Platform.</description>
  <version>1.0</version>
  <play mode="timeout" time="60"/>
  <user type="community" id="8BB72880-5DFA-11DD-9273-001B24F07D28" username="joedeveloper"/>
  <security sendable="true" overlay="true" previewable="true" access="public" virtualable="true" approval="approved" deletable="true"/>
  <rating count="12" value="2.8333"/>
  <thumbnail href="http://s3movies.chumby.com/cdn/xmlthumbnail/18776782-8CE3-11DD-80AA-001B24F07EF4" contenttype="image/pjpeg"/>
  <template href="http://s3movies.chumby.com/cdn/xmltemplate/18778244-8CE3-11DD-80AA-001B24F07EF4" contenttype="application/x-shockwave-flash"/>
  <category href="http://xml.chumby.com/xapis/catalog/index/59BC5264-CF80-11DC-92D5-00156009DD9B" name="Communications" id="59BC5264-CF80-11DC-92D5-00156009DD9B"/>
  <movie href="http://s3movies.chumby.com/cdn/xmlmovie/DB71D00C-A033-11DD-ACCC-001B24F07EF4" contenttype="application/x-shockwave-flash"/>
  <swfs>
    <swf width="320" microphone="false" kb="false" camera="false" as_version="2" accelerometer="false" previewable="true" content-type="application/x-shockwave-flash" href="http://s3movies.chumby.com/cdn/xmlmovie/DB71D00C-A033-11DD-ACCC-001B24F07EF4" fixed_ar="true" swf_version="8" height="240" bgcolor="ffffff" supports_browser="false" pointing="false" resolution="" scalable="false" requires_sound="false"/>
  </swfs>
</widget>
