<?xml version="1.0" encoding="UTF-8"?>
<widget href="/xapis/catalog/widget/4A48B84A-9854-11E0-AC4B-0021288E720C" id="4A48B84A-9854-11E0-AC4B-0021288E720C">
  <name>Planking Pictures</name>
  <description>Pictures of people planking.</description>
  <version>1.1</version>
  <play mode="timeout" time="30"/>
  <user type="community" id="9AF1E744-9138-11E0-AF5C-001E681DFAC2" username="sbolgert"/>
  <security sendable="true" approval="pending" previewable="true" deletable="true" access="public" virtualable="true" overlay="true"/>
  <rating count="3" value="2.3333"/>
  <thumbnail href="http://s3movies.chumby.com/cdn/xmlthumbnail/D47A37C6-9900-11E0-ABF5-0021288E785A" contenttype="image/jpeg"/>
  <template href="http://s3movies.chumby.com/cdn/xmltemplate/2ED51616-C37A-11E0-B7D9-001B24E044BE" contenttype="text/xml"/>
  <category href="http://xml.chumby.com/xapis/catalog/index/175E3A6A-5D3D-11DB-A0DD-0030485A78AA" name="Entertainment" id="175E3A6A-5D3D-11DB-A0DD-0030485A78AA"/>
  <movie href="http://s3movies.chumby.com/cdn/xmlmovie/4A4A5BDC-9854-11E0-AC4B-0021288E720C" contenttype="application/x-shockwave-flash"/>
  <swfs>
    <swf width="320" microphone="false" kb="false" camera="false" as_version="2" accelerometer="false" previewable="true" content-type="application/x-shockwave-flash" href="http://s3movies.chumby.com/cdn/xmlmovie/4A4A5BDC-9854-11E0-AC4B-0021288E720C" fixed_ar="true" swf_version="8" height="240" bgcolor="d6d6d6" supports_browser="false" pointing="false" resolution="" scalable="false" requires_sound="false"/>
  </swfs>
</widget>
