<?xml version="1.0" encoding="UTF-8"?>
<widget href="/xapis/catalog/widget/4A38DE62-AFEF-11DC-B6C1-0016353B4502" id="4A38DE62-AFEF-11DC-B6C1-0016353B4502">
  <name>Newest Widgets</name>
  <description>The newest widgets on the Chumby Network. Constantly updated, and you can add a widget to your channel straight from this widget.</description>
  <version>1.4.1</version>
  <play mode="default" time="15"/>
  <user type="chumby" id="00000000-0000-0000-0000-000000000001" username="chumby"/>
  <security sendable="true" approval="approved" previewable="true" deletable="true" access="public" virtualable="true" overlay="true"/>
  <rating count="88" value="4.1023"/>
  <thumbnail href="http://s3movies.chumby.com/cdn/xmlthumbnail/798A6E92-0623-11DF-BDA9-001B24E044BE" contenttype="image/jpeg"/>
  <template href="http://s3movies.chumby.com/cdn/xmltemplate/7A0BEE7C-0623-11DF-BDA9-001B24E044BE" contenttype="text/xml"/>
  <category href="http://xml.chumby.com/xapis/catalog/index/57767624-0D88-11DD-9BCD-0030488D0168" name="Community" id="57767624-0D88-11DD-9BCD-0030488D0168"/>
  <movie href="http://s3movies.chumby.com/cdn/xmlmovie/7A7F9778-0623-11DF-BDA9-001B24E044BE" contenttype="application/x-shockwave-flash"/>
  <swfs>
    <swf width="320" microphone="false" kb="false" camera="false" as_version="2" accelerometer="false" previewable="true" content-type="application/x-shockwave-flash" href="http://s3movies.chumby.com/cdn/xmlmovie/7A7F9778-0623-11DF-BDA9-001B24E044BE" fixed_ar="true" swf_version="8" height="240" bgcolor="999999" supports_browser="false" pointing="false" resolution="" scalable="false" requires_sound="false"/>
  </swfs>
</widget>
