<?xml version="1.0" encoding="UTF-8"?>
<widget href="/xapis/catalog/widget/F2074B34-D919-11DD-BBA4-001E681DF646" id="F2074B34-D919-11DD-BBA4-001E681DF646">
  <name>Hottest 100</name>
  <description>Every year between Boxing Day and Australia Day (Jan 26) radio station Triple J host the Hottest 100. Where the  top 100 songs of the previous year are voted upon and announced on Australia Day. Hurry and get your vote in!</description>
  <version>1.0</version>
  <play mode="timeout" time="15"/>
  <user type="community" id="105B5CEC-C128-11DD-8BB2-001E681DFAC2" username="greymatr"/>
  <security sendable="true" overlay="true" previewable="true" access="public" virtualable="true" approval="approved" deletable="true"/>
  <rating count="16" value="1.375"/>
  <thumbnail href="http://s3movies.chumby.com/cdn/xmlthumbnail/F20739FA-D919-11DD-BBA4-001E681DF646" contenttype="image/jpeg"/>
  <template href="/xml/configs/F2074B34-D919-11DD-BBA4-001E681DF646" contenttype=""/>
  <category href="http://xml.chumby.com/xapis/catalog/index/8A3F7906-B75C-11DD-8466-001E681DF646" name="Australian" id="8A3F7906-B75C-11DD-8466-001E681DF646"/>
  <movie href="http://s3movies.chumby.com/cdn/xmlmovie/57A94C28-DA67-11DD-A904-001E681DFAC2" contenttype="application/x-shockwave-flash"/>
  <swfs>
    <swf width="320" microphone="false" kb="false" camera="false" as_version="2" accelerometer="false" previewable="true" content-type="application/x-shockwave-flash" href="http://s3movies.chumby.com/cdn/xmlmovie/57A94C28-DA67-11DD-A904-001E681DFAC2" fixed_ar="false" swf_version="8" height="240" bgcolor="ffffff" supports_browser="false" pointing="false" resolution="" scalable="false" requires_sound="false"/>
  </swfs>
</widget>
