<?xml version="1.0" encoding="UTF-8"?>
<widget href="/xapis/catalog/widget/6C44C230-1D6E-11DE-8231-001B24F07EF4" id="6C44C230-1D6E-11DE-8231-001B24F07EF4">
  <name>Stuttgart events</name>
  <description>Next events in Stuttgart, Germany. Events are found on the page einkaufen-in-stuttgart.de.</description>
  <version>1.3</version>
  <play mode="timeout" time="15"/>
  <user type="community" id="8998D7FC-E2F7-11DC-89AC-001635C47868" username="sirchadwick"/>
  <security sendable="true" previewable="true" approval="approved" access="public" deletable="true" virtualable="true" overlay="true"/>
  <rating count="5" value="3.8"/>
  <thumbnail href="http://s3movies.chumby.com/cdn/xmlthumbnail/B7CD70A2-1D6F-11DE-B154-001E681DFAC2" contenttype="image/jpeg"/>
  <template href="/xml/configs/6C44C230-1D6E-11DE-8231-001B24F07EF4" contenttype=""/>
  <category href="http://xml.chumby.com/xapis/catalog/index/5E907BD0-2F36-11DB-AF6D-001372292121" name="Calendars" id="5E907BD0-2F36-11DB-AF6D-001372292121"/>
  <movie href="http://s3movies.chumby.com/cdn/xmlmovie/B7C8BEF4-1D6F-11DE-B154-001E681DFAC2" contenttype="application/x-shockwave-flash"/>
  <swfs>
    <swf width="320" microphone="false" kb="false" camera="false" as_version="2" accelerometer="false" previewable="true" content-type="application/x-shockwave-flash" href="http://s3movies.chumby.com/cdn/xmlmovie/B7C8BEF4-1D6F-11DE-B154-001E681DFAC2" fixed_ar="true" swf_version="8" height="240" bgcolor="000000" supports_browser="false" pointing="false" resolution="" scalable="false" requires_sound="false"/>
  </swfs>
</widget>
