<?xml version="1.0" encoding="UTF-8"?>
<widget href="/xapis/catalog/widget/E30DF142-C835-11E0-BA33-0021288E6F90" id="E30DF142-C835-11E0-BA33-0021288E6F90">
  <name>EnergyVUE</name>
  <description>See your real-time energy usage from your smart meter!

Requirements: 
 - ZigBee enabled smart meter
 - Ability to add devices to the smart meter
 - Rainforest RAVEn USB dongle
 - visit www.rainforestautomation.com for more info</description>
  <version>1.04</version>
  <play mode="timeout" time="90"/>
  <pom>192</pom>
  <user type="community" id="4773CB30-6F75-11E0-B631-001E681DF646" username="rainforest"/>
  <security sendable="true" approval="approved" previewable="true" access="publicplus" deletable="true" virtualable="true" overlay="true"/>
  <rating count="0" value="0.0"/>
  <thumbnail href="http://s3movies.chumby.com/cdn/xmlthumbnail/E30D7B18-C835-11E0-BA33-0021288E6F90" contenttype="image/jpeg"/>
  <template href="/xml/configs/E30DF142-C835-11E0-BA33-0021288E6F90" contenttype=""/>
  <category href="http://xml.chumby.com/xapis/catalog/index/59BC5264-CF80-11DC-92D5-00156009DD9B" name="Communications" id="59BC5264-CF80-11DC-92D5-00156009DD9B"/>
  <movie href="http://s3movies.chumby.com/cdn/xmlmovie/E30F8A70-C835-11E0-BA33-0021288E6F90" contenttype="application/x-shockwave-flash"/>
  <swfs>
    <swf width="800" microphone="false" kb="false" camera="false" as_version="3" accelerometer="false" previewable="true" content-type="application/x-shockwave-flash" href="http://s3movies.chumby.com/cdn/xmlmovie/E30F8A70-C835-11E0-BA33-0021288E6F90" fixed_ar="true" swf_version="10" height="600" bgcolor="ffffff" supports_browser="false" pointing="false" resolution="" scalable="false" requires_sound="false"/>
  </swfs>
</widget>
