<?xml version="1.0" encoding="UTF-8"?>
<widget href="/xapis/catalog/widget/B48C5656-7388-11DD-BBAC-001E681DFAC2" id="B48C5656-7388-11DD-BBAC-001E681DFAC2">
  <name>Fireplace (animated)</name>
  <description>A cute little cartoon style fireplace. Tap pon screen for crackling sound. Created by Yan Theriault - yanbuzz@gmail.com</description>
  <version>1.2</version>
  <play mode="timeout" time="60"/>
  <user type="community" id="87E213CC-0009-11DD-A70F-0016353B0686" username="Yuzzy"/>
  <security sendable="true" approval="approved" previewable="true" access="public" deletable="true" virtualable="true" overlay="true"/>
  <rating count="131" value="4.0534"/>
  <thumbnail href="http://s3movies.chumby.com/cdn/xmlthumbnail/9D2A2B52-DED4-11DD-B7F4-001B24F07EF4" contenttype="image/jpeg"/>
  <template href="/xml/configs/B48C5656-7388-11DD-BBAC-001E681DFAC2" contenttype=""/>
  <category href="http://xml.chumby.com/xapis/catalog/index/AC50ADA4-4088-11DC-B053-0030485A78AA" name="Animation" id="AC50ADA4-4088-11DC-B053-0030485A78AA"/>
  <movie href="http://s3movies.chumby.com/cdn/xmlmovie/9D256A18-DED4-11DD-B7F4-001B24F07EF4" contenttype="application/x-shockwave-flash"/>
  <swfs>
    <swf width="320" microphone="false" kb="false" camera="false" as_version="2" accelerometer="false" previewable="true" content-type="application/x-shockwave-flash" href="http://s3movies.chumby.com/cdn/xmlmovie/9D256A18-DED4-11DD-B7F4-001B24F07EF4" fixed_ar="true" swf_version="4" height="240" bgcolor="ffffff" supports_browser="false" pointing="false" resolution="" scalable="false" requires_sound="false"/>
  </swfs>
</widget>
