<?xml version="1.0" encoding="UTF-8"?>
<widget href="/xapis/catalog/widget/7836D0D4-B6AB-11DE-A58A-001B24F07EF4" id="7836D0D4-B6AB-11DE-A58A-001B24F07EF4">
  <name>Periodic Dable 2</name>
  <description>Okay.
I wasn't especially happy with my last submission. I decided I had travelled too far from the periodic table charts we all saw on our classroom walls. So I have reverted to a much more traditional style for this version. The date occupies the space for the atomic number of a particular element. So on the 13th it occupies the space for Aluminium. Who knows? It could even be educational. EDIT: Now with "Element of the day"</description>
  <version>1.1</version>
  <play mode="timeout" time="15"/>
  <user type="community" id="E790164A-5200-11DD-BAC5-001E681DFAC2" username="adorman"/>
  <security sendable="true" approval="approved" previewable="true" deletable="true" access="public" virtualable="true" overlay="true"/>
  <rating count="20" value="4.15"/>
  <thumbnail href="http://s3movies.chumby.com/cdn/xmlthumbnail/78368E3A-B6AB-11DE-A58A-001B24F07EF4" contenttype="image/jpeg"/>
  <template href="/xml/configs/7836D0D4-B6AB-11DE-A58A-001B24F07EF4" contenttype=""/>
  <category href="http://xml.chumby.com/xapis/catalog/index/5E907BD0-2F36-11DB-AF6D-001372292121" name="Calendars" id="5E907BD0-2F36-11DB-AF6D-001372292121"/>
  <movie href="http://s3movies.chumby.com/cdn/xmlmovie/7837A89C-B6AB-11DE-A58A-001B24F07EF4" contenttype="application/x-shockwave-flash"/>
  <swfs>
    <swf width="320" microphone="false" kb="false" camera="false" as_version="2" accelerometer="false" previewable="true" content-type="application/x-shockwave-flash" href="http://s3movies.chumby.com/cdn/xmlmovie/7837A89C-B6AB-11DE-A58A-001B24F07EF4" fixed_ar="true" swf_version="8" height="240" bgcolor="ffffff" supports_browser="false" pointing="false" resolution="" scalable="false" requires_sound="false"/>
  </swfs>
</widget>
