<?xml version="1.0" encoding="UTF-8"?>
<widget href="/xapis/catalog/widget/8051C97C-21FE-11DF-AD9D-001E681DFAC2" id="8051C97C-21FE-11DF-AD9D-001E681DFAC2">
  <name>Shrinking Flash Clock</name>
  <description>Simple clock developed with FlashDevelop. Clock's size shrinks with every second. Size gets reset every minute.</description>
  <version>1.0.3</version>
  <play mode="timeout" time="30"/>
  <user type="community" id="254CC7CC-1D92-11DF-B205-001B24F07EF4" username="goum"/>
  <security sendable="true" previewable="true" access="public" approval="approved" virtualable="true" deletable="true" overlay="true"/>
  <rating count="6" value="1.3333"/>
  <thumbnail href="http://s3movies.chumby.com/cdn/xmlthumbnail/80517CD8-21FE-11DF-AD9D-001E681DFAC2" contenttype="image/jpeg"/>
  <template href="/xml/configs/8051C97C-21FE-11DF-AD9D-001E681DFAC2" contenttype=""/>
  <category href="http://xml.chumby.com/xapis/catalog/index/EF508B70-2F35-11DB-8753-001372292121" name="Clocks" id="EF508B70-2F35-11DB-8753-001372292121"/>
  <movie href="http://s3movies.chumby.com/cdn/xmlmovie/8052207A-21FE-11DF-AD9D-001E681DFAC2" contenttype="application/x-shockwave-flash"/>
  <swfs>
    <swf width="320" microphone="false" kb="false" camera="false" as_version="2" accelerometer="false" previewable="true" content-type="application/x-shockwave-flash" href="http://s3movies.chumby.com/cdn/xmlmovie/8052207A-21FE-11DF-AD9D-001E681DFAC2" fixed_ar="true" swf_version="8" height="240" bgcolor="000000" supports_browser="false" pointing="false" resolution="" scalable="false" requires_sound="false"/>
  </swfs>
</widget>
