<?xml version="1.0" encoding="UTF-8"?>
<widget href="/xapis/catalog/widget/58754FA6-9866-11DC-87B3-0030488E34F8" id="58754FA6-9866-11DC-87B3-0030488E34F8">
  <name>SpongeBob</name>
  <description>Tickle me SpongeBob</description>
  <version>1.0</version>
  <play mode="timeout" time="15"/>
  <user type="partner" id="5E6F7BF4-8982-11DC-AA89-00146C833363" username="MTVNetworks"/>
  <security sendable="true" approval="approved" previewable="true" deletable="true" access="public" virtualable="true" overlay="true"/>
  <rating count="306" value="3.9346"/>
  <thumbnail href="http://s3movies.chumby.com/cdn/xmlthumbnail/5874F5C4-9866-11DC-87B3-0030488E34F8" contenttype="image/jpeg"/>
  <template href="/xml/configs/58754FA6-9866-11DC-87B3-0030488E34F8" contenttype=""/>
  <category href="http://xml.chumby.com/xapis/catalog/index/175E3A6A-5D3D-11DB-A0DD-0030485A78AA" name="Entertainment" id="175E3A6A-5D3D-11DB-A0DD-0030485A78AA"/>
  <movie href="http://s3movies.chumby.com/cdn/xmlmovie/670B1D4E-AF8E-11DD-BE67-001B24F07EF4" contenttype="application/x-shockwave-flash"/>
  <swfs>
    <swf width="320" microphone="false" kb="false" camera="false" as_version="2" accelerometer="false" previewable="true" content-type="application/x-shockwave-flash" href="http://s3movies.chumby.com/cdn/xmlmovie/670B1D4E-AF8E-11DD-BE67-001B24F07EF4" fixed_ar="true" swf_version="8" height="240" bgcolor="eeeeee" supports_browser="false" pointing="false" resolution="" scalable="false" requires_sound="false"/>
  </swfs>
</widget>
