<?xml version="1.0" encoding="UTF-8"?>
<widget href="/xapis/catalog/widget/8C3F1C62-2DD4-11DF-852D-001E681DF646" id="8C3F1C62-2DD4-11DF-852D-001E681DF646">
  <name>Time vs Alien</name>
  <description>Porting this to 24h earth days was really hard work...</description>
  <version>1.0</version>
  <play mode="timeout" time="30"/>
  <user type="community" id="6DC31078-2C61-11DF-AFC2-001B24F07EF4" username="oxytox"/>
  <security sendable="true" previewable="true" approval="approved" access="public" deletable="true" virtualable="true" overlay="true"/>
  <rating count="13" value="3.9231"/>
  <thumbnail href="http://s3movies.chumby.com/cdn/xmlthumbnail/8C3E3D9C-2DD4-11DF-852D-001E681DF646" contenttype="image/jpeg"/>
  <template href="http://s3movies.chumby.com/cdn/xmltemplate/8C3EB204-2DD4-11DF-852D-001E681DF646" contenttype="application/x-shockwave-flash"/>
  <category href="http://xml.chumby.com/xapis/catalog/index/EF508B70-2F35-11DB-8753-001372292121" name="Clocks" id="EF508B70-2F35-11DB-8753-001372292121"/>
  <movie href="http://s3movies.chumby.com/cdn/xmlmovie/8C3FB91A-2DD4-11DF-852D-001E681DF646" contenttype="application/x-shockwave-flash"/>
  <swfs>
    <swf width="320" microphone="false" kb="false" camera="false" as_version="2" accelerometer="false" previewable="true" content-type="application/x-shockwave-flash" href="http://s3movies.chumby.com/cdn/xmlmovie/8C3FB91A-2DD4-11DF-852D-001E681DF646" fixed_ar="false" swf_version="8" height="240" bgcolor="ffffff" supports_browser="false" pointing="false" resolution="" scalable="false" requires_sound="false"/>
  </swfs>
</widget>
