<?xml version="1.0" encoding="UTF-8"?>
<widget href="/xapis/catalog/widget/07E2E33E-0023-11DE-8B05-001B24F07EF4" id="07E2E33E-0023-11DE-8B05-001B24F07EF4">
  <name>Light Synth</name>
  <description>Don't just stare at it... touch it! It's not just a screensaver. It's also a spatial intuitive synthesizer. You can also check out this HQ version</description>
  <version>1.0</version>
  <play mode="timeout" time="60"/>
  <user type="community" id="87E213CC-0009-11DD-A70F-0016353B0686" username="Yuzzy"/>
  <security sendable="true" approval="approved" previewable="true" access="public" deletable="true" virtualable="true" overlay="true"/>
  <rating count="122" value="4.3689"/>
  <thumbnail href="http://s3movies.chumby.com/cdn/xmlthumbnail/5D16814E-0069-11DE-9831-001E681DF646" contenttype="image/jpeg"/>
  <template href="/xml/configs/07E2E33E-0023-11DE-8B05-001B24F07EF4" contenttype=""/>
  <category href="http://xml.chumby.com/xapis/catalog/index/AC50ADA4-4088-11DC-B053-0030485A78AA" name="Animation" id="AC50ADA4-4088-11DC-B053-0030485A78AA"/>
  <movie href="http://s3movies.chumby.com/cdn/xmlmovie/5D108D98-0069-11DE-9831-001E681DF646" contenttype="application/x-shockwave-flash"/>
  <swfs>
    <swf width="320" microphone="false" kb="false" camera="false" as_version="2" accelerometer="false" previewable="true" content-type="application/x-shockwave-flash" href="http://s3movies.chumby.com/cdn/xmlmovie/5D108D98-0069-11DE-9831-001E681DF646" fixed_ar="false" swf_version="4" height="240" bgcolor="000000" supports_browser="false" pointing="false" resolution="" scalable="false" requires_sound="false"/>
  </swfs>
</widget>
