<?xml version="1.0" encoding="UTF-8"?>
<widget href="/xapis/catalog/widget/90481D0E-D8B4-11DB-8DEC-00161771249B" id="90481D0E-D8B4-11DB-8DEC-00161771249B">
  <name>Fairies</name>
  <description>Three fairies wander around leaving a trail of stars. Design and coding by Pedro at betasynth.com</description>
  <version>1.0</version>
  <play mode="timeout" time="28"/>
  <user type="community" id="A82497A0-D89F-11DB-BBD4-00161771249B" username="beta_pedro"/>
  <security sendable="true" previewable="true" access="public" approval="approved" virtualable="true" deletable="true" overlay="true"/>
  <rating count="30" value="3.4"/>
  <thumbnail href="http://s3movies.chumby.com/cdn/xmlthumbnail/2903DFE6-2415-11DC-A307-0030485A78AA" contenttype="image/jpeg"/>
  <template href="/xml/configs/90481D0E-D8B4-11DB-8DEC-00161771249B" contenttype=""/>
  <category href="http://xml.chumby.com/xapis/catalog/index/2DAEAFDA-9798-11DB-9563-0030485A78AA" name="Animals" id="2DAEAFDA-9798-11DB-9563-0030485A78AA"/>
  <movie href="http://s3movies.chumby.com/cdn/xmlmovie/29013854-2415-11DC-A307-0030485A78AA" contenttype="application/x-shockwave-flash"/>
  <swfs>
    <swf width="320" microphone="false" kb="false" camera="false" as_version="2" accelerometer="false" previewable="true" content-type="application/x-shockwave-flash" href="http://s3movies.chumby.com/cdn/xmlmovie/29013854-2415-11DC-A307-0030485A78AA" fixed_ar="true" swf_version="7" height="240" bgcolor="5a619d" supports_browser="false" pointing="false" resolution="" scalable="false" requires_sound="false"/>
  </swfs>
</widget>
