<?xml version="1.0" encoding="UTF-8"?>
<widget href="/xapis/catalog/widget/B2D6D8FA-C637-11DF-BF82-0021288E6F90" id="B2D6D8FA-C637-11DF-BF82-0021288E6F90">
  <name>Dimmable Clock</name>
  <description>A simple clock. Tap screen to dim/"undim". Gets 12/24 hours setting from the control panel.</description>
  <version>1.0</version>
  <play mode="timeout" time="15"/>
  <user type="community" id="7E9BDE46-BB2E-11DF-86ED-001B24F07D28" username="Ustavan"/>
  <security sendable="true" approval="approved" previewable="true" access="publicplus" deletable="true" virtualable="true" overlay="true"/>
  <rating count="39" value="3.8462"/>
  <thumbnail href="http://s3movies.chumby.com/cdn/xmlthumbnail/B2D644B2-C637-11DF-BF82-0021288E6F90" contenttype="image/jpeg"/>
  <template href="/xml/configs/B2D6D8FA-C637-11DF-BF82-0021288E6F90" contenttype=""/>
  <category href="http://xml.chumby.com/xapis/catalog/index/EF508B70-2F35-11DB-8753-001372292121" name="Clocks" id="EF508B70-2F35-11DB-8753-001372292121"/>
  <movie href="http://s3movies.chumby.com/cdn/xmlmovie/B2D8EE1A-C637-11DF-BF82-0021288E6F90" contenttype="application/x-shockwave-flash"/>
  <swfs>
    <swf width="320" microphone="false" kb="false" camera="false" as_version="2" accelerometer="false" previewable="true" content-type="application/x-shockwave-flash" href="http://s3movies.chumby.com/cdn/xmlmovie/B2D8EE1A-C637-11DF-BF82-0021288E6F90" fixed_ar="false" swf_version="8" height="240" bgcolor="000000" supports_browser="false" pointing="false" resolution="" scalable="false" requires_sound="false"/>
  </swfs>
</widget>
