<?xml version="1.0" encoding="UTF-8"?>
<widget href="/xapis/catalog/widget/CEACBBC4-0BD4-11E1-84F0-001E681DF646" id="CEACBBC4-0BD4-11E1-84F0-001E681DF646">
  <name>Clock and Temperature 1.10</name>
  <description>This is a digital clock and temperature indicator.

Thanks to idmadj and his OmniClock widget for inspiration. The modifications here include always showing AM/PM indicators and seconds. Colors needed to be entered as hex values, until I can figure out how to write a color picker. (For examples, see http://www.december.com/html/spec/colorsafe.html)

If you have ideas about features to add, please provide feedback. Also, please let me know about any bugs.</description>
  <version>1.10</version>
  <play mode="timeout" time="45"/>
  <user type="community" id="2D84471C-2FC6-11DF-9247-001E681DFAC2" username="ehertz"/>
  <security sendable="true" approval="approved" previewable="true" access="public" deletable="true" virtualable="true" overlay="true"/>
  <rating count="42" value="3.8095"/>
  <thumbnail href="http://s3movies.chumby.com/cdn/xmlthumbnail/CEAC7A24-0BD4-11E1-84F0-001E681DF646" contenttype="image/pjpeg"/>
  <template href="http://s3movies.chumby.com/cdn/xmltemplate/CEAA59EC-0BD4-11E1-84F0-001E681DF646" contenttype="application/x-shockwave-flash"/>
  <category href="http://xml.chumby.com/xapis/catalog/index/EF508B70-2F35-11DB-8753-001372292121" name="Clocks" id="EF508B70-2F35-11DB-8753-001372292121"/>
  <movie href="http://s3movies.chumby.com/cdn/xmlmovie/CEB55B1C-0BD4-11E1-84F0-001E681DF646" contenttype="application/x-shockwave-flash"/>
  <swfs>
    <swf width="320" microphone="false" kb="false" camera="false" as_version="2" accelerometer="false" previewable="true" content-type="application/x-shockwave-flash" href="http://s3movies.chumby.com/cdn/xmlmovie/CEB55B1C-0BD4-11E1-84F0-001E681DF646" fixed_ar="true" swf_version="8" height="240" bgcolor="ffffff" supports_browser="false" pointing="false" resolution="" scalable="false" requires_sound="false"/>
  </swfs>
</widget>
