<?xml version="1.0" encoding="UTF-8"?>
<widget href="/xapis/catalog/widget/F2EE07B4-F2F1-11DB-8599-0030485A78AA" id="F2EE07B4-F2F1-11DB-8599-0030485A78AA">
  <name>Eyeball Clock</name>
  <description>It's the strange and ever expressive eyeball clock.</description>
  <version>1.1</version>
  <play mode="default" time="15"/>
  <user type="community" id="FAE524F6-CCFF-11DB-AD70-00161771248C" username="howdog"/>
  <security sendable="true" previewable="true" approval="approved" access="public" deletable="true" virtualable="true" overlay="true"/>
  <rating count="23" value="3.8261"/>
  <thumbnail href="http://s3movies.chumby.com/cdn/xmlthumbnail/2F962214-D500-11DC-B02A-0016353B4502" contenttype="image/jpeg"/>
  <template href="http://s3movies.chumby.com/cdn/xmltemplate/2F99D5EE-D500-11DC-B02A-0016353B4502" contenttype="text/xml"/>
  <category href="http://xml.chumby.com/xapis/catalog/index/EF508B70-2F35-11DB-8753-001372292121" name="Clocks" id="EF508B70-2F35-11DB-8753-001372292121"/>
  <movie href="http://s3movies.chumby.com/cdn/xmlmovie/2F9C1912-D500-11DC-B02A-0016353B4502" contenttype="application/x-shockwave-flash"/>
  <swfs>
    <swf width="320" microphone="false" kb="false" camera="false" as_version="2" accelerometer="false" previewable="true" content-type="application/x-shockwave-flash" href="http://s3movies.chumby.com/cdn/xmlmovie/2F9C1912-D500-11DC-B02A-0016353B4502" fixed_ar="true" swf_version="6" height="240" bgcolor="ffffff" supports_browser="false" pointing="false" resolution="" scalable="false" requires_sound="false"/>
  </swfs>
</widget>
