<?xml version="1.0" encoding="UTF-8"?>
<widget href="/xapis/catalog/widget/A254EBB8-ED6B-11DC-A70F-0016353B0686" id="A254EBB8-ED6B-11DC-A70F-0016353B0686">
  <name>Contra Costa County (CA) Alerts</name>
  <description>Emergency bulletins and tests for Contra Costa County, California, using the Common Alerting Protocol (CAP).  (New version allows touch to view message details.)</description>
  <version>1.1b</version>
  <play mode="timeout" time="15"/>
  <user type="community" id="70E5572A-E7CB-11DC-8AF7-001635C47868" username="abotterell"/>
  <security approval="approved" sendable="true" deletable="true" previewable="true" access="public" overlay="true" virtualable="true"/>
  <rating count="2" value="4.5"/>
  <thumbnail href="http://s3movies.chumby.com/cdn/xmlthumbnail/6123F078-ED6E-11DC-A70F-0016353B0686" contenttype="image/jpeg"/>
  <template href="/xml/configs/A254EBB8-ED6B-11DC-A70F-0016353B0686" contenttype=""/>
  <category href="http://xml.chumby.com/xapis/catalog/index/57767624-0D88-11DD-9BCD-0030488D0168" name="Community" id="57767624-0D88-11DD-9BCD-0030488D0168"/>
  <movie href="http://s3movies.chumby.com/cdn/xmlmovie/CEA0AB4C-FDF8-11DC-A70F-0016353B0686" contenttype="application/x-shockwave-flash"/>
  <swfs>
    <swf width="320" microphone="false" kb="false" camera="false" as_version="2" accelerometer="false" previewable="true" content-type="application/x-shockwave-flash" href="http://s3movies.chumby.com/cdn/xmlmovie/CEA0AB4C-FDF8-11DC-A70F-0016353B0686" fixed_ar="false" swf_version="6" height="240" bgcolor="ffffcc" supports_browser="false" pointing="false" resolution="" scalable="false" requires_sound="false"/>
  </swfs>
</widget>
