<?xml version="1.0" encoding="UTF-8"?>
<widget href="/xapis/catalog/widget/F9B214AE-2384-11DD-8A72-0030485B75AA" id="F9B214AE-2384-11DD-8A72-0030485B75AA">
  <name>erlojua</name>
  <description>calendar in basque</description>
  <version>2.1</version>
  <play mode="timeout" time="15"/>
  <user type="community" id="B7BC2DD4-1CF2-11DD-9A33-0030488E34CA" username="belentxu"/>
  <security sendable="true" previewable="false" approval="approved" access="public" deletable="true" virtualable="false" overlay="true"/>
  <rating count="6" value="3.6667"/>
  <thumbnail href="http://s3movies.chumby.com/cdn/xmlthumbnail/D7123CFA-2422-11DD-8563-0030485B7900" contenttype="image/jpeg"/>
  <template href="/xml/configs/F9B214AE-2384-11DD-8A72-0030485B75AA" contenttype=""/>
  <category href="http://xml.chumby.com/xapis/catalog/index/5E907BD0-2F36-11DB-AF6D-001372292121" name="Calendars" id="5E907BD0-2F36-11DB-AF6D-001372292121"/>
  <movie href="http://s3movies.chumby.com/cdn/xmlmovie/D7080A82-2422-11DD-8563-0030485B7900" contenttype="application/x-shockwave-flash"/>
  <swfs>
    <swf width="320" microphone="false" kb="false" camera="false" as_version="2" accelerometer="false" previewable="false" content-type="application/x-shockwave-flash" href="http://s3movies.chumby.com/cdn/xmlmovie/D7080A82-2422-11DD-8563-0030485B7900" fixed_ar="true" swf_version="7" height="240" bgcolor="ffff99" supports_browser="false" pointing="false" resolution="" scalable="false" requires_sound="false"/>
  </swfs>
</widget>
