<?xml version="1.0" encoding="UTF-8"?>
<widget href="/xapis/catalog/widget/206E8D66-24F1-11DE-B93E-001E681DF646" id="206E8D66-24F1-11DE-B93E-001E681DF646">
  <name>Frog Clock</name>
  <description>One day Guno the frog tried to eat a clock. Now it's stuck in his mouth, FOREVER. </description>
  <version>1.0</version>
  <play mode="timeout" time="15"/>
  <user type="community" id="FAE524F6-CCFF-11DB-AD70-00161771248C" username="howdog"/>
  <security sendable="true" deletable="true" previewable="true" overlay="true" access="public" virtualable="true" approval="approved"/>
  <rating count="20" value="4.5"/>
  <thumbnail href="http://s3movies.chumby.com/cdn/xmlthumbnail/206E7538-24F1-11DE-B93E-001E681DF646" contenttype="image/jpeg"/>
  <template href="/xml/configs/206E8D66-24F1-11DE-B93E-001E681DF646" contenttype=""/>
  <category href="http://xml.chumby.com/xapis/catalog/index/EF508B70-2F35-11DB-8753-001372292121" name="Clocks" id="EF508B70-2F35-11DB-8753-001372292121"/>
  <movie href="http://s3movies.chumby.com/cdn/xmlmovie/E5EB0FC8-24F2-11DE-BF95-001E681DFAC2" contenttype="application/x-shockwave-flash"/>
  <swfs>
    <swf width="320" microphone="false" kb="false" camera="false" as_version="2" accelerometer="false" previewable="true" content-type="application/x-shockwave-flash" href="http://s3movies.chumby.com/cdn/xmlmovie/E5EB0FC8-24F2-11DE-BF95-001E681DFAC2" fixed_ar="true" swf_version="8" height="240" bgcolor="333333" supports_browser="false" pointing="false" resolution="" scalable="false" requires_sound="false"/>
  </swfs>
</widget>
