<?xml version="1.0" encoding="UTF-8"?>
<widget href="/xapis/catalog/widget/E84AB2FE-A02A-11E0-BD2A-0021288E6F90" id="E84AB2FE-A02A-11E0-BD2A-0021288E6F90">
  <name>Austrian Clock Minutes-Edition</name>
  <description>This is a modification of the "Austrian Clock", which is more precise.</description>
  <version>1.0</version>
  <play mode="timeout" time="45"/>
  <user type="community" id="E77DD624-D58D-11DB-9CCC-00161771249B" username="theBoatman"/>
  <security sendable="true" deletable="true" previewable="true" overlay="true" access="public" virtualable="true" approval="approved"/>
  <rating count="7" value="5.0"/>
  <thumbnail href="http://s3movies.chumby.com/cdn/xmlthumbnail/E849F7BA-A02A-11E0-BD2A-0021288E6F90" contenttype="image/jpeg"/>
  <template href="/xml/configs/E84AB2FE-A02A-11E0-BD2A-0021288E6F90" contenttype=""/>
  <category href="http://xml.chumby.com/xapis/catalog/index/EF508B70-2F35-11DB-8753-001372292121" name="Clocks" id="EF508B70-2F35-11DB-8753-001372292121"/>
  <movie href="http://s3movies.chumby.com/cdn/xmlmovie/E84D306A-A02A-11E0-BD2A-0021288E6F90" contenttype="application/x-shockwave-flash"/>
  <swfs>
    <swf width="320" microphone="false" kb="false" camera="false" as_version="2" accelerometer="false" previewable="true" content-type="application/x-shockwave-flash" href="http://s3movies.chumby.com/cdn/xmlmovie/E84D306A-A02A-11E0-BD2A-0021288E6F90" fixed_ar="false" swf_version="8" height="240" bgcolor="000000" supports_browser="false" pointing="false" resolution="" scalable="false" requires_sound="false"/>
  </swfs>
</widget>
