<?xml version="1.0" encoding="UTF-8"?>
<widget href="/xapis/catalog/widget/33533AFA-D3FC-11DB-9CCC-00161771249B" id="33533AFA-D3FC-11DB-9CCC-00161771249B">
  <name>Sun position clock</name>
  <description>This clock widget shows the current daylight (or night) remaining for any zipcode in the US.</description>
  <version>1.16</version>
  <play mode="timeout" time="30"/>
  <user type="community" id="5BA65946-A28E-11DB-8BF6-00161771248C" username="hgroover"/>
  <security sendable="true" approval="approved" previewable="true" deletable="true" access="public" virtualable="true" overlay="true"/>
  <rating count="56" value="3.5"/>
  <thumbnail href="http://s3movies.chumby.com/cdn/xmlthumbnail/1E2E1492-2415-11DC-A307-0030485A78AA" contenttype="image/jpeg"/>
  <template href="http://s3movies.chumby.com/cdn/xmltemplate/C05B21A6-93E1-11DC-A002-00146C833363" contenttype="application/x-shockwave-flash"/>
  <category href="http://xml.chumby.com/xapis/catalog/index/EF508B70-2F35-11DB-8753-001372292121" name="Clocks" id="EF508B70-2F35-11DB-8753-001372292121"/>
  <movie href="http://s3movies.chumby.com/cdn/xmlmovie/DDBA6BC2-94C1-11DC-87B3-0030488E34F8" contenttype="application/x-shockwave-flash"/>
  <swfs>
    <swf width="320" microphone="false" kb="false" camera="false" as_version="2" accelerometer="false" previewable="true" content-type="application/x-shockwave-flash" href="http://s3movies.chumby.com/cdn/xmlmovie/DDBA6BC2-94C1-11DC-87B3-0030488E34F8" fixed_ar="true" swf_version="8" height="240" bgcolor="003366" supports_browser="false" pointing="false" resolution="" scalable="false" requires_sound="false"/>
  </swfs>
</widget>
