<?xml version="1.0" encoding="UTF-8"?>
<widget href="/xapis/catalog/widget/D2153EBA-AA30-11DE-9CBD-001E681DFAC2" id="D2153EBA-AA30-11DE-9CBD-001E681DFAC2">
  <name>Pendulum 2.0</name>
  <description>The classic program pendulum- done my way of course, I added a new background and well changed up some stuff
Please note:
This is my 1st widget and yes it is a pendulum, but I want you to tell me what you think of it for my 1st one.
I just messed around with the program. So ... enjoy!
</description>
  <version>0.1</version>
  <play mode="timeout" time="15"/>
  <user type="community" id="D79149B6-B30F-11DC-B67E-0016353B0686" username="chumbydude"/>
  <security sendable="true" approval="approved" previewable="true" deletable="true" access="public" virtualable="true" overlay="true"/>
  <rating count="15" value="1.8"/>
  <thumbnail href="http://s3movies.chumby.com/cdn/xmlthumbnail/D214EBE0-AA30-11DE-9CBD-001E681DFAC2" contenttype="image/jpeg"/>
  <template href="/xml/configs/D2153EBA-AA30-11DE-9CBD-001E681DFAC2" contenttype=""/>
  <category href="http://xml.chumby.com/xapis/catalog/index/AC50ADA4-4088-11DC-B053-0030485A78AA" name="Animation" id="AC50ADA4-4088-11DC-B053-0030485A78AA"/>
  <movie href="http://s3movies.chumby.com/cdn/xmlmovie/D215EB4E-AA30-11DE-9CBD-001E681DFAC2" contenttype="application/x-shockwave-flash"/>
  <swfs>
    <swf width="320" microphone="false" kb="false" camera="false" as_version="2" accelerometer="false" previewable="true" content-type="application/x-shockwave-flash" href="http://s3movies.chumby.com/cdn/xmlmovie/D215EB4E-AA30-11DE-9CBD-001E681DFAC2" fixed_ar="true" swf_version="8" height="240" bgcolor="ffffff" supports_browser="false" pointing="false" resolution="" scalable="false" requires_sound="false"/>
  </swfs>
</widget>
