<?xml version="1.0" encoding="UTF-8"?>
<widget href="/xapis/catalog/widget/513DA87A-7149-11DD-8011-001E681DFAC2" id="513DA87A-7149-11DD-8011-001E681DFAC2">
  <name>Sun Clock</name>
  <description>I was working on a set of weather symbols, and thought this would make a cool clock.
Get free clocks for your own website at www.adamdorman.com.</description>
  <version>1.0</version>
  <play mode="timeout" time="15"/>
  <user type="community" id="E790164A-5200-11DD-BAC5-001E681DFAC2" username="adorman"/>
  <security sendable="true" previewable="true" approval="approved" access="public" deletable="true" virtualable="true" overlay="true"/>
  <rating count="7" value="2.8571"/>
  <thumbnail href="http://s3movies.chumby.com/cdn/xmlthumbnail/513D960A-7149-11DD-8011-001E681DFAC2" contenttype="image/jpeg"/>
  <template href="/xml/configs/513DA87A-7149-11DD-8011-001E681DFAC2" contenttype=""/>
  <category href="http://xml.chumby.com/xapis/catalog/index/EF508B70-2F35-11DB-8753-001372292121" name="Clocks" id="EF508B70-2F35-11DB-8753-001372292121"/>
  <movie href="http://s3movies.chumby.com/cdn/xmlmovie/513BC06E-7149-11DD-8011-001E681DFAC2" contenttype="application/x-shockwave-flash"/>
  <swfs>
    <swf width="320" microphone="false" kb="false" camera="false" as_version="2" accelerometer="false" previewable="true" content-type="application/x-shockwave-flash" href="http://s3movies.chumby.com/cdn/xmlmovie/513BC06E-7149-11DD-8011-001E681DFAC2" fixed_ar="false" swf_version="7" height="240" bgcolor="000000" supports_browser="false" pointing="false" resolution="" scalable="false" requires_sound="false"/>
  </swfs>
</widget>
