<?xml version="1.0" encoding="UTF-8"?>
<widget href="/xapis/catalog/widget/F735F8E8-5654-11E0-9AD7-0021288E720C" id="F735F8E8-5654-11E0-9AD7-0021288E720C">
  <name>Fenway garden seasons animation</name>
  <description>An animation of the four seasons of the fens in Boston.</description>
  <version>1.0</version>
  <play mode="timeout" time="45"/>
  <user type="community" id="EDA98EA2-53E3-11E0-B1CF-001B24F07EF4" username="findpryan"/>
  <security sendable="true" approval="approved" previewable="true" access="public" deletable="true" virtualable="true" overlay="true"/>
  <rating count="7" value="3.8571"/>
  <thumbnail href="http://s3movies.chumby.com/cdn/xmlthumbnail/F7353746-5654-11E0-9AD7-0021288E720C" contenttype="image/jpeg"/>
  <template href="/xml/configs/F735F8E8-5654-11E0-9AD7-0021288E720C" contenttype=""/>
  <category href="http://xml.chumby.com/xapis/catalog/index/AC50ADA4-4088-11DC-B053-0030485A78AA" name="Animation" id="AC50ADA4-4088-11DC-B053-0030485A78AA"/>
  <movie href="http://s3movies.chumby.com/cdn/xmlmovie/F737D26C-5654-11E0-9AD7-0021288E720C" contenttype="application/x-shockwave-flash"/>
  <swfs>
    <swf width="550" microphone="false" kb="false" camera="false" as_version="2" accelerometer="false" previewable="true" content-type="application/x-shockwave-flash" href="http://s3movies.chumby.com/cdn/xmlmovie/F737D26C-5654-11E0-9AD7-0021288E720C" fixed_ar="true" swf_version="6" height="400" bgcolor="ffffff" supports_browser="false" pointing="false" resolution="" scalable="false" requires_sound="false"/>
  </swfs>
</widget>
