<?xml version="1.0" encoding="UTF-8"?>
<widget href="/xapis/catalog/widget/B1B3BAAE-142C-11E0-8D34-0021288EC192" id="B1B3BAAE-142C-11E0-8D34-0021288EC192">
  <name>Excelsior Transwarp Drive</name>
  <description>This app is only available for the chumby8 at this time. 

The computer display from the USS Excelsior in Star Trek 3 during it's failed attempt to capture Captain Kirk using it's experimental Transwarp Drive.</description>
  <version>1.0</version>
  <play mode="timeout" time="30"/>
  <user type="community" id="14B45350-D088-11DE-8D8F-001B24F07EF4" username="cddiede"/>
  <security sendable="true" approval="approved" previewable="true" access="public" deletable="true" virtualable="true" overlay="true"/>
  <rating count="0" value="0.0"/>
  <thumbnail href="http://s3movies.chumby.com/cdn/xmlthumbnail/B1B341D2-142C-11E0-8D34-0021288EC192" contenttype="image/jpeg"/>
  <template href="/xml/configs/B1B3BAAE-142C-11E0-8D34-0021288EC192" contenttype=""/>
  <category href="http://xml.chumby.com/xapis/catalog/index/AC50ADA4-4088-11DC-B053-0030485A78AA" name="Animation" id="AC50ADA4-4088-11DC-B053-0030485A78AA"/>
  <movie filtered="true" href="http://s3movies.chumby.com/cdn/xmlmovie/33E721A8-1DB3-11DF-8F13-001B24F07EF4" contenttype="application/x-shockwave-flash"/>
  <swfs>
    <swf width="320" microphone="false" kb="false" camera="false" as_version="2" accelerometer="false" previewable="true" content-type="application/x-shockwave-flash" href="http://s3movies.chumby.com/cdn/xmlmovie/33E721A8-1DB3-11DF-8F13-001B24F07EF4" fixed_ar="true" swf_version="7" height="240" bgcolor="ffffff" supports_browser="false" pointing="false" resolution="" scalable="false" requires_sound="false"/>
  </swfs>
</widget>
