<?xml version="1.0" encoding="UTF-8"?>
<widget href="/xapis/catalog/widget/F52DA856-479F-11DC-BF8B-00146C833363" id="F52DA856-479F-11DC-BF8B-00146C833363">
  <name>American to Rainbow-flag Tween</name>
  <description>A random shape tween animation</description>
  <version>1.0</version>
  <play mode="timeout" time="15"/>
  <user type="community" id="847D802C-2FD0-11DC-B9F8-00146C833363" username="froggy920"/>
  <security sendable="true" approval="approved" previewable="true" access="public" deletable="true" virtualable="true" overlay="true"/>
  <rating count="38" value="1.6842"/>
  <thumbnail href="http://s3movies.chumby.com/cdn/xmlthumbnail/F52D7188-479F-11DC-BF8B-00146C833363" contenttype="image/jpeg"/>
  <template href="/xml/configs/F52DA856-479F-11DC-BF8B-00146C833363" contenttype=""/>
  <category href="http://xml.chumby.com/xapis/catalog/index/AC50ADA4-4088-11DC-B053-0030485A78AA" name="Animation" id="AC50ADA4-4088-11DC-B053-0030485A78AA"/>
  <movie href="http://s3movies.chumby.com/cdn/xmlmovie/F52A609C-479F-11DC-BF8B-00146C833363" contenttype="application/x-shockwave-flash"/>
  <swfs>
    <swf width="550" microphone="false" kb="false" camera="false" as_version="2" accelerometer="false" previewable="true" content-type="application/x-shockwave-flash" href="http://s3movies.chumby.com/cdn/xmlmovie/F52A609C-479F-11DC-BF8B-00146C833363" fixed_ar="true" swf_version="7" height="400" bgcolor="ffffff" supports_browser="false" pointing="false" resolution="" scalable="false" requires_sound="false"/>
  </swfs>
</widget>
