<?xml version="1.0" encoding="UTF-8"?>
<widget href="/xapis/catalog/widget/0034A3EA-D021-11DB-9CCC-00161771249B" id="0034A3EA-D021-11DB-9CCC-00161771249B">
  <name>Clockr</name>
  <description>This clock uses photos of numbers provided by the flickr.com group "onedigit" to display the time.

You can touch a digit to change its picture or shake the Chumby to exchange all digits at once.

The original version of clockr can be found here: quasimondo.com/clockr.php</description>
  <version>1.0</version>
  <play mode="timeout" time="60"/>
  <user type="community" id="62AC01B6-C721-11DB-8D75-00161771249B" username="Quasimondo"/>
  <security sendable="true" approval="approved" previewable="true" access="public" deletable="true" virtualable="true" overlay="true"/>
  <rating count="97" value="3.9485"/>
  <thumbnail href="http://s3movies.chumby.com/cdn/xmlthumbnail/1B67098A-2415-11DC-A307-0030485A78AA" contenttype="image/jpeg"/>
  <template href="http://s3movies.chumby.com/cdn/xmltemplate/1B61FECC-2415-11DC-A307-0030485A78AA" contenttype="application/octet-stream"/>
  <category href="http://xml.chumby.com/xapis/catalog/index/EF508B70-2F35-11DB-8753-001372292121" name="Clocks" id="EF508B70-2F35-11DB-8753-001372292121"/>
  <movie href="http://s3movies.chumby.com/cdn/xmlmovie/1B36EC50-2415-11DC-A307-0030485A78AA" contenttype="application/x-shockwave-flash"/>
  <swfs>
    <swf width="320" microphone="false" kb="false" camera="false" as_version="2" accelerometer="false" previewable="true" content-type="application/x-shockwave-flash" href="http://s3movies.chumby.com/cdn/xmlmovie/1B36EC50-2415-11DC-A307-0030485A78AA" fixed_ar="true" swf_version="7" height="240" bgcolor="ffffff" supports_browser="false" pointing="false" resolution="" scalable="false" requires_sound="false"/>
  </swfs>
</widget>
