<?xml version="1.0" encoding="UTF-8"?>
<widget href="/xapis/catalog/widget/9703527E-FD07-11DE-8E9D-001B24F07EF4" id="9703527E-FD07-11DE-8E9D-001B24F07EF4">
  <name>KCRW Eclectic24</name>
  <description>Displays cover art and meta info for the current song on KCRW Eclectic 24.  

To have this widget running continuously, pin it with the "Stay" button in the control panel or put it in its own channel.

To play the Eclectic 24 stream simultaneously on the Chumby, start up the stream from within Shoutcast or My Streams.  Alternatively, you can run "btplay http://64.12.61.1:80/stream/1045" over ssh.  

If you have Chumby iRemote running, you can also set it as one of the stations and have it switch to the custom channel with one click.</description>
  <version>1.0</version>
  <play mode="timeout" time="15"/>
  <user type="community" id="629A0F5A-E16E-11DE-B4F9-001B24F07EF4" username="gnowk"/>
  <security sendable="true" deletable="true" previewable="true" overlay="true" access="public" virtualable="true" approval="approved"/>
  <rating count="0" value="0.0"/>
  <thumbnail href="http://s3movies.chumby.com/cdn/xmlthumbnail/97030864-FD07-11DE-8E9D-001B24F07EF4" contenttype="image/jpeg"/>
  <template href="/xml/configs/9703527E-FD07-11DE-8E9D-001B24F07EF4" contenttype=""/>
  <category href="http://xml.chumby.com/xapis/catalog/index/175E3A6A-5D3D-11DB-A0DD-0030485A78AA" name="Entertainment" id="175E3A6A-5D3D-11DB-A0DD-0030485A78AA"/>
  <movie href="http://s3movies.chumby.com/cdn/xmlmovie/9703D410-FD07-11DE-8E9D-001B24F07EF4" contenttype="application/x-shockwave-flash"/>
  <swfs>
    <swf width="320" microphone="false" kb="false" camera="false" as_version="2" accelerometer="false" previewable="true" content-type="application/x-shockwave-flash" href="http://s3movies.chumby.com/cdn/xmlmovie/9703D410-FD07-11DE-8E9D-001B24F07EF4" fixed_ar="true" swf_version="7" height="240" bgcolor="ffffff" supports_browser="false" pointing="false" resolution="" scalable="false" requires_sound="false"/>
  </swfs>
</widget>
