<?xml version="1.0" encoding="UTF-8"?>
<widget href="/xapis/catalog/widget/EF632D02-2F35-11DB-8753-001372292121" id="EF632D02-2F35-11DB-8753-001372292121">
  <name>Digital Clock</name>
  <description>A simple digital clock</description>
  <version>1.3</version>
  <play mode="default" time="15"/>
  <user type="chumby" id="00000000-0000-0000-0000-000000000001" username="chumby"/>
  <security sendable="true" approval="approved" previewable="true" access="public" deletable="true" virtualable="true" overlay="true"/>
  <rating count="207" value="4.029"/>
  <thumbnail href="http://s3movies.chumby.com/cdn/xmlthumbnail/3E1FF3E4-01D9-11DE-B546-001B24E044BE" contenttype="image/jpeg"/>
  <template href="http://s3movies.chumby.com/cdn/xmltemplate/3EBAE386-01D9-11DE-B546-001B24E044BE" contenttype="text/xml"/>
  <category href="http://xml.chumby.com/xapis/catalog/index/EF508B70-2F35-11DB-8753-001372292121" name="Clocks" id="EF508B70-2F35-11DB-8753-001372292121"/>
  <movie href="http://s3movies.chumby.com/cdn/xmlmovie/3F3C5D30-01D9-11DE-B546-001B24E044BE" contenttype="application/x-shockwave-flash"/>
  <swfs>
    <swf width="320" microphone="false" kb="false" camera="false" as_version="2" accelerometer="false" previewable="true" content-type="application/x-shockwave-flash" href="http://s3movies.chumby.com/cdn/xmlmovie/3F3C5D30-01D9-11DE-B546-001B24E044BE" fixed_ar="false" swf_version="6" height="240" bgcolor="999966" supports_browser="false" pointing="false" resolution="" scalable="false" requires_sound="false"/>
  </swfs>
</widget>
