<?xml version="1.0" encoding="UTF-8"?>
<widget href="/xapis/catalog/widget/791AD58E-A6E0-11DE-B0D8-001E681DFAC2" id="791AD58E-A6E0-11DE-B0D8-001E681DFAC2">
  <name>SkyHappenings - Weather Edition</name>
  <description>Localized weather patterns for US now available! Sun rises and sets according to time of day. Clear display featuring day and date. Watch the skies for surprises. Tap the screen for local temp. Configure widget to add overlay to always show location and temp.</description>
  <version>1.2</version>
  <play mode="timeout" time="60"/>
  <user type="community" id="C16C3788-BC81-11DC-A690-00156009DD9B" username="McConnell"/>
  <security sendable="true" approval="approved" previewable="true" access="public" deletable="true" virtualable="true" overlay="true"/>
  <rating count="202" value="4.203"/>
  <thumbnail href="http://s3movies.chumby.com/cdn/xmlthumbnail/E789C7B6-A7F1-11DE-AE3A-001B24F07EF4" contenttype="image/jpeg"/>
  <template href="http://s3movies.chumby.com/cdn/xmltemplate/33136578-AC40-11DE-BF5D-001B24F07EF4" contenttype="application/x-shockwave-flash"/>
  <category href="http://xml.chumby.com/xapis/catalog/index/EF508B70-2F35-11DB-8753-001372292121" name="Clocks" id="EF508B70-2F35-11DB-8753-001372292121"/>
  <movie href="http://s3movies.chumby.com/cdn/xmlmovie/791B081A-A6E0-11DE-B0D8-001E681DFAC2" contenttype="application/x-shockwave-flash"/>
  <swfs>
    <swf width="320" microphone="false" kb="false" camera="false" as_version="2" accelerometer="false" previewable="true" content-type="application/x-shockwave-flash" href="http://s3movies.chumby.com/cdn/xmlmovie/791B081A-A6E0-11DE-B0D8-001E681DFAC2" fixed_ar="true" swf_version="6" height="240" bgcolor="ffffff" supports_browser="false" pointing="false" resolution="" scalable="false" requires_sound="false"/>
  </swfs>
</widget>
