<?xml version="1.0" encoding="UTF-8"?>
<widget href="/xapis/catalog/widget/31136186-AE8C-11DD-8452-001E681DF646" id="31136186-AE8C-11DD-8452-001E681DF646">
  <name>Holiday Clock with Lights</name>
  <description>Compliments the Christmas Countdown Lights widget. Follows same lighting scheme. Blinks from 3pm - midnight, dark from midnight 'til 7am. Happy Holidays.</description>
  <version>1.0</version>
  <play mode="timeout" time="30"/>
  <user type="community" id="C16C3788-BC81-11DC-A690-00156009DD9B" username="McConnell"/>
  <security sendable="true" approval="approved" previewable="true" access="public" deletable="true" virtualable="true" overlay="true"/>
  <rating count="22" value="4.0455"/>
  <thumbnail href="http://s3movies.chumby.com/cdn/xmlthumbnail/3113425A-AE8C-11DD-8452-001E681DF646" contenttype="image/jpeg"/>
  <template href="/xml/configs/31136186-AE8C-11DD-8452-001E681DF646" contenttype=""/>
  <category href="http://xml.chumby.com/xapis/catalog/index/EF508B70-2F35-11DB-8753-001372292121" name="Clocks" id="EF508B70-2F35-11DB-8753-001372292121"/>
  <movie href="http://s3movies.chumby.com/cdn/xmlmovie/31002558-AE8C-11DD-8452-001E681DF646" contenttype="application/x-shockwave-flash"/>
  <swfs>
    <swf width="320" microphone="false" kb="false" camera="false" as_version="2" accelerometer="false" previewable="true" content-type="application/x-shockwave-flash" href="http://s3movies.chumby.com/cdn/xmlmovie/31002558-AE8C-11DD-8452-001E681DF646" fixed_ar="true" swf_version="8" height="240" bgcolor="000000" supports_browser="false" pointing="false" resolution="" scalable="false" requires_sound="false"/>
  </swfs>
</widget>
