<?xml version="1.0" encoding="UTF-8"?>
<widget href="/xapis/catalog/widget/7667DE48-64DF-11DD-8C46-001E681DF646" id="7667DE48-64DF-11DD-8C46-001E681DF646">
  <name>Analogue Digital</name>
  <description>An analogue clock that tells digital Time. This was inspired by the watch that Niobe wears in the movie "The Matrix Reloaded". UPDATE 09-08-08 - This widget had been updated with improved graphics.
Get free clocks for your own website at www.adamdorman.com.</description>
  <version>1.0</version>
  <play mode="timeout" time="15"/>
  <user type="community" id="E790164A-5200-11DD-BAC5-001E681DFAC2" username="adorman"/>
  <security sendable="true" deletable="true" previewable="true" overlay="true" access="public" virtualable="true" approval="approved"/>
  <rating count="20" value="3.45"/>
  <thumbnail href="http://s3movies.chumby.com/cdn/xmlthumbnail/59AD5F3C-664F-11DD-8131-001B24F07D28" contenttype="image/jpeg"/>
  <template href="/xml/configs/7667DE48-64DF-11DD-8C46-001E681DF646" contenttype=""/>
  <category href="http://xml.chumby.com/xapis/catalog/index/EF508B70-2F35-11DB-8753-001372292121" name="Clocks" id="EF508B70-2F35-11DB-8753-001372292121"/>
  <movie href="http://s3movies.chumby.com/cdn/xmlmovie/9698283A-6629-11DD-AD5B-001B24F07EF4" contenttype="application/x-shockwave-flash"/>
  <swfs>
    <swf width="320" microphone="false" kb="false" camera="false" as_version="2" accelerometer="false" previewable="true" content-type="application/x-shockwave-flash" href="http://s3movies.chumby.com/cdn/xmlmovie/9698283A-6629-11DD-AD5B-001B24F07EF4" fixed_ar="false" swf_version="7" height="240" bgcolor="000000" supports_browser="false" pointing="false" resolution="" scalable="false" requires_sound="false"/>
  </swfs>
</widget>
