<?xml version="1.0" encoding="UTF-8"?>
<widget href="/xapis/catalog/widget/45CE1D66-5D6C-11DE-A99E-001E681DFAC2" id="45CE1D66-5D6C-11DE-A99E-001E681DFAC2">
  <name>Bad clock 2</name>
  <description>Beware of the haunted clock. It will not do what you expect it to do. Drag the hour hand to travel through time. Touch and hold the background to see the current real time, release it to get a new time. Use this widget to have fun with friends, colleagues, family.
(This is the "old clock" version as requested by BigCountry.)</description>
  <version>1.2</version>
  <play mode="timeout" time="30"/>
  <user type="community" id="8998D7FC-E2F7-11DC-89AC-001635C47868" username="sirchadwick"/>
  <security approval="approved" sendable="true" deletable="true" previewable="true" access="public" overlay="true" virtualable="true"/>
  <rating count="2" value="3.0"/>
  <thumbnail href="http://s3movies.chumby.com/cdn/xmlthumbnail/27125D92-5D71-11DE-932D-001B24F07EF4" contenttype="image/jpeg"/>
  <template href="/xml/configs/45CE1D66-5D6C-11DE-A99E-001E681DFAC2" contenttype=""/>
  <category href="http://xml.chumby.com/xapis/catalog/index/EF508B70-2F35-11DB-8753-001372292121" name="Clocks" id="EF508B70-2F35-11DB-8753-001372292121"/>
  <movie href="http://s3movies.chumby.com/cdn/xmlmovie/45CE554C-5D6C-11DE-A99E-001E681DFAC2" contenttype="application/x-shockwave-flash"/>
  <swfs>
    <swf width="320" microphone="false" kb="false" camera="false" as_version="2" accelerometer="false" previewable="true" content-type="application/x-shockwave-flash" href="http://s3movies.chumby.com/cdn/xmlmovie/45CE554C-5D6C-11DE-A99E-001E681DFAC2" fixed_ar="true" swf_version="8" height="240" bgcolor="000000" supports_browser="false" pointing="false" resolution="" scalable="false" requires_sound="false"/>
  </swfs>
</widget>
