<?xml version="1.0" encoding="UTF-8"?>
<widget href="/xapis/catalog/widget/FEAA905C-D397-11DE-AEE5-001E681DFAC2" id="FEAA905C-D397-11DE-AEE5-001E681DFAC2">
  <name>Water Clock</name>
  <description>Time keeping one drip at a time. Watch your Chumby slowly fill with water as the day progresses. Touch the screen to measure the time. Configure widget to mute audio.</description>
  <version>1.0</version>
  <play mode="timeout" time="20"/>
  <user type="community" id="C16C3788-BC81-11DC-A690-00156009DD9B" username="McConnell"/>
  <security sendable="true" previewable="true" access="public" approval="approved" virtualable="true" deletable="true" overlay="true"/>
  <rating count="35" value="4.0571"/>
  <thumbnail href="http://s3movies.chumby.com/cdn/xmlthumbnail/7C0A361E-D3B7-11DE-B354-001B24F07EF4" contenttype="image/jpeg"/>
  <template href="http://s3movies.chumby.com/cdn/xmltemplate/6F09B0E0-D3B5-11DE-A994-001B24F07EF4" contenttype="application/x-shockwave-flash"/>
  <category href="http://xml.chumby.com/xapis/catalog/index/EF508B70-2F35-11DB-8753-001372292121" name="Clocks" id="EF508B70-2F35-11DB-8753-001372292121"/>
  <movie href="http://s3movies.chumby.com/cdn/xmlmovie/FEAAF79A-D397-11DE-AEE5-001E681DFAC2" contenttype="application/x-shockwave-flash"/>
  <swfs>
    <swf width="320" microphone="false" kb="false" camera="false" as_version="2" accelerometer="false" previewable="true" content-type="application/x-shockwave-flash" href="http://s3movies.chumby.com/cdn/xmlmovie/FEAAF79A-D397-11DE-AEE5-001E681DFAC2" fixed_ar="true" swf_version="8" height="240" bgcolor="000000" supports_browser="false" pointing="false" resolution="" scalable="false" requires_sound="false"/>
  </swfs>
</widget>
