<?xml version="1.0" encoding="UTF-8"?>
<widget href="/xapis/catalog/widget/DEDDB752-A469-11DE-9259-001E681DFAC2" id="DEDDB752-A469-11DE-9259-001E681DFAC2">
  <name>Tea Timer</name>
  <description>A tea timer for black, green, white and oolong teas. 
Simple operation. Be sure to stick a pin in it when you use it, or else your tea will steep far too long! </description>
  <version>1.0</version>
  <play mode="timeout" time="60"/>
  <user type="community" id="C16C3788-BC81-11DC-A690-00156009DD9B" username="McConnell"/>
  <security sendable="true" previewable="true" approval="approved" access="public" deletable="true" virtualable="true" overlay="true"/>
  <rating count="26" value="4.1923"/>
  <thumbnail href="http://s3movies.chumby.com/cdn/xmlthumbnail/D425BF24-A47A-11DE-95EA-001E681DF646" contenttype="image/jpeg"/>
  <template href="/xml/configs/DEDDB752-A469-11DE-9259-001E681DFAC2" contenttype=""/>
  <category href="http://xml.chumby.com/xapis/catalog/index/E130976A-09A5-11DC-8592-0030488E34F8" name="Educational" id="E130976A-09A5-11DC-8592-0030488E34F8"/>
  <movie href="http://s3movies.chumby.com/cdn/xmlmovie/DEDDEB96-A469-11DE-9259-001E681DFAC2" contenttype="application/x-shockwave-flash"/>
  <swfs>
    <swf width="320" microphone="false" kb="false" camera="false" as_version="2" accelerometer="false" previewable="true" content-type="application/x-shockwave-flash" href="http://s3movies.chumby.com/cdn/xmlmovie/DEDDEB96-A469-11DE-9259-001E681DFAC2" fixed_ar="true" swf_version="8" height="240" bgcolor="ffffff" supports_browser="false" pointing="false" resolution="" scalable="false" requires_sound="false"/>
  </swfs>
</widget>
