<?xml version="1.0" encoding="UTF-8"?>
<widget href="/xapis/catalog/widget/EEA20DD4-ECBC-11DC-A70F-0016353B0686" id="EEA20DD4-ECBC-11DC-A70F-0016353B0686">
  <name>Tuxby</name>
  <description>Tuxie Clock!</description>
  <version>0.4</version>
  <play mode="timeout" time="30"/>
  <user type="community" id="01161500-E5A1-11DC-B564-0016353B0686" username="skippyishappy"/>
  <security sendable="true" previewable="true" approval="approved" access="public" deletable="true" virtualable="true" overlay="true"/>
  <rating count="9" value="2.2222"/>
  <thumbnail href="http://s3movies.chumby.com/cdn/xmlthumbnail/EEA1E76E-ECBC-11DC-A70F-0016353B0686" contenttype="image/jpeg"/>
  <template href="/xml/configs/EEA20DD4-ECBC-11DC-A70F-0016353B0686" contenttype=""/>
  <category href="http://xml.chumby.com/xapis/catalog/index/EF508B70-2F35-11DB-8753-001372292121" name="Clocks" id="EF508B70-2F35-11DB-8753-001372292121"/>
  <movie href="http://s3movies.chumby.com/cdn/xmlmovie/B729669E-ED35-11DC-AEDD-00156009DD9B" contenttype="application/x-shockwave-flash"/>
  <swfs>
    <swf width="320" microphone="false" kb="false" camera="false" as_version="2" accelerometer="false" previewable="true" content-type="application/x-shockwave-flash" href="http://s3movies.chumby.com/cdn/xmlmovie/B729669E-ED35-11DC-AEDD-00156009DD9B" fixed_ar="true" swf_version="7" height="240" bgcolor="ffffff" supports_browser="false" pointing="false" resolution="" scalable="false" requires_sound="false"/>
  </swfs>
</widget>
