<?xml version="1.0" encoding="UTF-8"?>
<widget href="/xapis/catalog/widget/2AB4CF24-C378-11E0-B74F-001B24E044BE" id="2AB4CF24-C378-11E0-B74F-001B24E044BE">
  <name>E! News Online</name>
  <description>News from across the show-biz spectrum-TV, movies, music and celebrities.</description>
  <version>1.0</version>
  <play mode="timeout" time="45"/>
  <user type="community" id="9AF1E744-9138-11E0-AF5C-001E681DFAC2" username="sbolgert"/>
  <security sendable="true" approval="pending" previewable="true" access="public" deletable="true" virtualable="true" overlay="true"/>
  <rating count="2" value="2.5"/>
  <thumbnail href="http://s3movies.chumby.com/cdn/xmlthumbnail/2ABCF744-C378-11E0-B74F-001B24E044BE" contenttype="image/jpeg"/>
  <template href="http://s3movies.chumby.com/cdn/xmltemplate/2AC175C6-C378-11E0-B74F-001B24E044BE" contenttype="text/xml"/>
  <category href="http://xml.chumby.com/xapis/catalog/index/175E3A6A-5D3D-11DB-A0DD-0030485A78AA" name="Entertainment" id="175E3A6A-5D3D-11DB-A0DD-0030485A78AA"/>
  <movie href="http://s3movies.chumby.com/cdn/xmlmovie/2AC23F60-C378-11E0-B74F-001B24E044BE" contenttype="application/x-shockwave-flash"/>
  <swfs>
    <swf width="320" microphone="false" kb="false" camera="false" as_version="2" accelerometer="false" previewable="true" content-type="application/x-shockwave-flash" href="http://s3movies.chumby.com/cdn/xmlmovie/2AC23F60-C378-11E0-B74F-001B24E044BE" fixed_ar="true" swf_version="8" height="240" bgcolor="0f3c68" supports_browser="false" pointing="false" resolution="" scalable="false" requires_sound="false"/>
  </swfs>
</widget>
