<?xml version="1.0" encoding="UTF-8"?>
<widget href="/xapis/catalog/widget/441E0B1E-8D32-11E0-AFBC-0021288EC192" id="441E0B1E-8D32-11E0-AFBC-0021288EC192">
  <name>Send2Chumby</name>
  <description>Send a message to a chumby device from your web browser.  Visit the Send2Chumby URL shown in the widget to send a text based message.  Tap the screen to cycle through the last 10 messages sent to your chumby.  NOTE: This widget will NOT auto refresh.  You must include at least one other widget in the channel, or two Send2Chumby widgets back to back.</description>
  <version>1.13</version>
  <play mode="timeout" time="90"/>
  <user type="community" id="5C390ADA-65B9-11DD-8131-001B24F07D28" username="develephant"/>
  <security sendable="true" previewable="false" approval="approved" access="public" deletable="true" virtualable="false" overlay="true"/>
  <rating count="8" value="4.0"/>
  <thumbnail href="http://s3movies.chumby.com/cdn/xmlthumbnail/441DD496-8D32-11E0-AFBC-0021288EC192" contenttype="image/jpeg"/>
  <template href="/xml/configs/441E0B1E-8D32-11E0-AFBC-0021288EC192" contenttype=""/>
  <category href="http://xml.chumby.com/xapis/catalog/index/59BC5264-CF80-11DC-92D5-00156009DD9B" name="Communications" id="59BC5264-CF80-11DC-92D5-00156009DD9B"/>
  <movie href="http://s3movies.chumby.com/cdn/xmlmovie/441F4A92-8D32-11E0-AFBC-0021288EC192" contenttype="application/x-shockwave-flash"/>
  <swfs>
    <swf width="320" microphone="false" kb="false" camera="false" as_version="2" accelerometer="false" previewable="true" content-type="application/x-shockwave-flash" href="http://s3movies.chumby.com/cdn/xmlmovie/441F4A92-8D32-11E0-AFBC-0021288EC192" fixed_ar="true" swf_version="8" height="240" bgcolor="ffffff" supports_browser="false" pointing="false" resolution="" scalable="false" requires_sound="false"/>
  </swfs>
</widget>
