<?xml version="1.0" encoding="UTF-8"?>
<widget href="/xapis/catalog/widget/EFDBBDDA-2F35-11DB-8753-001372292121" id="EFDBBDDA-2F35-11DB-8753-001372292121">
  <name>Missing Children</name>
  <description>Missing Children in California</description>
  <version>1.4</version>
  <play mode="default" time="15"/>
  <user type="community" id="0845C250-39F2-11DB-9051-001372292121" username="ksteele"/>
  <security sendable="true" approval="approved" previewable="true" deletable="true" access="public" virtualable="true" overlay="true"/>
  <rating count="12" value="3.9167"/>
  <thumbnail href="http://s3movies.chumby.com/cdn/xmlthumbnail/ECD8A18A-D50A-11DC-BA22-0016353B4502" contenttype="image/jpeg"/>
  <template href="http://s3movies.chumby.com/cdn/xmltemplate/ECDC2F12-D50A-11DC-BA22-0016353B4502" contenttype="text/xml"/>
  <category href="http://xml.chumby.com/xapis/catalog/index/57767624-0D88-11DD-9BCD-0030488D0168" name="Community" id="57767624-0D88-11DD-9BCD-0030488D0168"/>
  <movie href="http://s3movies.chumby.com/cdn/xmlmovie/ECDEAA08-D50A-11DC-BA22-0016353B4502" contenttype="application/x-shockwave-flash"/>
  <swfs>
    <swf width="320" microphone="false" kb="false" camera="false" as_version="2" accelerometer="false" previewable="true" content-type="application/x-shockwave-flash" href="http://s3movies.chumby.com/cdn/xmlmovie/ECDEAA08-D50A-11DC-BA22-0016353B4502" fixed_ar="true" swf_version="6" height="240" bgcolor="336699" supports_browser="false" pointing="false" resolution="" scalable="false" requires_sound="false"/>
  </swfs>
</widget>
