<?xml version="1.0" encoding="UTF-8"?>
<widget href="/xapis/catalog/widget/952AE8E0-4655-11DE-A5B5-001B24F07EF4" id="952AE8E0-4655-11DE-A5B5-001B24F07EF4">
  <name>Quote Book:</name>
  <description>the latest quotes from Quote Book: --- Let it cycle automatically (new quote every 60s unless customized!) or tap the right side of the screen to advance or the left side to reverse. Tap the center to pause on that quote forever or to resume auto-cycling.</description>
  <version>0.18</version>
  <play mode="cooperative" time="60"/>
  <user type="community" id="4B3A1E42-144B-11DC-B0E0-0030485B7900" username="djchumby"/>
  <security sendable="true" approval="approved" previewable="true" deletable="true" access="public" virtualable="true" overlay="true"/>
  <rating count="34" value="4.0294"/>
  <thumbnail href="http://s3movies.chumby.com/cdn/xmlthumbnail/19814432-471D-11DE-BDE3-001E681DF646" contenttype="image/pjpeg"/>
  <template href="http://s3movies.chumby.com/cdn/xmltemplate/68B2C084-4FB6-11DE-A21B-001E681DF646" contenttype="application/x-shockwave-flash"/>
  <category href="http://xml.chumby.com/xapis/catalog/index/59BC5264-CF80-11DC-92D5-00156009DD9B" name="Communications" id="59BC5264-CF80-11DC-92D5-00156009DD9B"/>
  <movie href="http://s3movies.chumby.com/cdn/xmlmovie/952BCA4E-4655-11DE-A5B5-001B24F07EF4" contenttype="application/x-shockwave-flash"/>
  <swfs>
    <swf width="320" microphone="false" kb="false" camera="false" as_version="2" accelerometer="false" previewable="true" content-type="application/x-shockwave-flash" href="http://s3movies.chumby.com/cdn/xmlmovie/952BCA4E-4655-11DE-A5B5-001B24F07EF4" fixed_ar="true" swf_version="8" height="240" bgcolor="000000" supports_browser="false" pointing="false" resolution="" scalable="false" requires_sound="false"/>
  </swfs>
</widget>
