<?xml version="1.0" encoding="UTF-8"?>
<widget href="/xapis/catalog/widget/C0EAF4C6-E2F0-11DC-A495-00156009DD9B" id="C0EAF4C6-E2F0-11DC-A495-00156009DD9B">
  <name>Moon Clock</name>
  <description>Moon clock with rotating stars in the background. Tap for pack of wolves howling.</description>
  <version>1.0</version>
  <play mode="timeout" time="15"/>
  <user type="community" id="906EB7B6-30E3-11DC-83E9-0030488E34F8" username="myridom"/>
  <security sendable="true" approval="approved" previewable="true" access="public" deletable="true" virtualable="true" overlay="true"/>
  <rating count="31" value="3.8065"/>
  <thumbnail href="http://s3movies.chumby.com/cdn/xmlthumbnail/C0EACE4C-E2F0-11DC-A495-00156009DD9B" contenttype="image/pjpeg"/>
  <template href="/xml/configs/C0EAF4C6-E2F0-11DC-A495-00156009DD9B" contenttype=""/>
  <category href="http://xml.chumby.com/xapis/catalog/index/EF508B70-2F35-11DB-8753-001372292121" name="Clocks" id="EF508B70-2F35-11DB-8753-001372292121"/>
  <movie href="http://s3movies.chumby.com/cdn/xmlmovie/C0C6F062-E2F0-11DC-A495-00156009DD9B" contenttype="application/x-shockwave-flash"/>
  <swfs>
    <swf width="320" microphone="false" kb="false" camera="false" as_version="2" accelerometer="false" previewable="true" content-type="application/x-shockwave-flash" href="http://s3movies.chumby.com/cdn/xmlmovie/C0C6F062-E2F0-11DC-A495-00156009DD9B" fixed_ar="false" swf_version="8" height="240" bgcolor="000000" supports_browser="false" pointing="false" resolution="" scalable="false" requires_sound="false"/>
  </swfs>
</widget>
