<?xml version="1.0" encoding="UTF-8"?>
<widget href="/xapis/catalog/widget/59FE9578-6587-11DD-B577-001E681DF646" id="59FE9578-6587-11DD-B577-001E681DF646">
  <name>Diner Clock</name>
  <description>This clock is based on one I spotted while tucking into my Eggs Benedict at a diner. The clock had been very poorly treated and was a little worse for wear, so I have restored it to its former glory for this version.
Get free clocks for your own website at www.adamdorman.com.</description>
  <version>1.0</version>
  <play mode="timeout" time="15"/>
  <user type="community" id="E790164A-5200-11DD-BAC5-001E681DFAC2" username="adorman"/>
  <security sendable="true" approval="approved" previewable="true" access="public" deletable="true" virtualable="true" overlay="true"/>
  <rating count="11" value="3.5455"/>
  <thumbnail href="http://s3movies.chumby.com/cdn/xmlthumbnail/59FE83A8-6587-11DD-B577-001E681DF646" contenttype="image/jpeg"/>
  <template href="/xml/configs/59FE9578-6587-11DD-B577-001E681DF646" contenttype=""/>
  <category href="http://xml.chumby.com/xapis/catalog/index/EF508B70-2F35-11DB-8753-001372292121" name="Clocks" id="EF508B70-2F35-11DB-8753-001372292121"/>
  <movie href="http://s3movies.chumby.com/cdn/xmlmovie/59FBBDC6-6587-11DD-B577-001E681DF646" contenttype="application/x-shockwave-flash"/>
  <swfs>
    <swf width="320" microphone="false" kb="false" camera="false" as_version="2" accelerometer="false" previewable="true" content-type="application/x-shockwave-flash" href="http://s3movies.chumby.com/cdn/xmlmovie/59FBBDC6-6587-11DD-B577-001E681DF646" fixed_ar="false" swf_version="7" height="240" bgcolor="000000" supports_browser="false" pointing="false" resolution="" scalable="false" requires_sound="false"/>
  </swfs>
</widget>
