<?xml version="1.0" encoding="UTF-8"?>
<widget href="/xapis/catalog/widget/D7A841FE-602D-11DD-B170-001E681DF646" id="D7A841FE-602D-11DD-B170-001E681DF646">
  <name>Joystiq</name>
  <description>We exhaustively cover video game news from an independent, unbiased perspective.</description>
  <version>1.0</version>
  <play mode="timeout" time="15"/>
  <user type="community" id="FAE524F6-CCFF-11DB-AD70-00161771248C" username="howdog"/>
  <security sendable="true" deletable="true" previewable="true" overlay="true" access="public" virtualable="true" approval="approved"/>
  <rating count="18" value="4.1111"/>
  <thumbnail href="http://s3movies.chumby.com/cdn/xmlthumbnail/D7A82656-602D-11DD-B170-001E681DF646" contenttype="image/jpeg"/>
  <template href="/xml/configs/D7A841FE-602D-11DD-B170-001E681DF646" contenttype=""/>
  <category href="http://xml.chumby.com/xapis/catalog/index/175E3A6A-5D3D-11DB-A0DD-0030485A78AA" name="Entertainment" id="175E3A6A-5D3D-11DB-A0DD-0030485A78AA"/>
  <movie href="http://s3movies.chumby.com/cdn/xmlmovie/D7A6865C-602D-11DD-B170-001E681DF646" contenttype="application/x-shockwave-flash"/>
  <swfs>
    <swf width="320" microphone="false" kb="false" camera="false" as_version="2" accelerometer="false" previewable="true" content-type="application/x-shockwave-flash" href="http://s3movies.chumby.com/cdn/xmlmovie/D7A6865C-602D-11DD-B170-001E681DF646" fixed_ar="true" swf_version="8" height="240" bgcolor="666666" supports_browser="false" pointing="false" resolution="" scalable="false" requires_sound="false"/>
  </swfs>
</widget>
