<?xml version="1.0" encoding="UTF-8"?>
<widget href="/xapis/catalog/widget/C43EC2AA-55D7-11DE-BAD8-001E681DFAC2" id="C43EC2AA-55D7-11DE-BAD8-001E681DFAC2">
  <name>ChuMPD</name>
  <description>A minimal remote control for MPD (Music Player Daemon).

Because the flash player on Chumby can't open arbitrary sockets, a thin python shim is needed to translate between the Widget and MPD. The widget connects to the translator and the translator connects to MPD. The translator CAN be run on the Chumby itself by putting this USB stick image (includes Python for Chumby) on a flash drive, plugging it into the Chumby and booting it up. Alternately you can get just the translator and set it up to run on another linux machine such as the one you're running MPD on. Some linux / chumby hacking familiarity is probably required to make this work.

I will add support for viewing and editing play lists in a later version. For bug reports etc. please contact me directly.</description>
  <version>1.2</version>
  <play mode="timeout" time="30"/>
  <user type="community" id="AA1F15A6-F73F-11DD-8110-001E681DFAC2" username="DanielCasner"/>
  <security sendable="true" previewable="true" access="public" approval="approved" virtualable="true" deletable="true" overlay="true"/>
  <rating count="8" value="4.625"/>
  <thumbnail href="http://s3movies.chumby.com/cdn/xmlthumbnail/98353706-593E-11DE-8A93-001E681DF646" contenttype="image/jpeg"/>
  <template href="http://s3movies.chumby.com/cdn/xmltemplate/983A5128-593E-11DE-8A93-001E681DF646" contenttype="application/x-shockwave-flash"/>
  <category href="http://xml.chumby.com/xapis/catalog/index/175E3A6A-5D3D-11DB-A0DD-0030485A78AA" name="Entertainment" id="175E3A6A-5D3D-11DB-A0DD-0030485A78AA"/>
  <movie href="http://s3movies.chumby.com/cdn/xmlmovie/C43FB4BC-55D7-11DE-BAD8-001E681DFAC2" contenttype="application/x-shockwave-flash"/>
  <swfs>
    <swf width="320" microphone="false" kb="false" camera="false" as_version="2" accelerometer="false" previewable="true" content-type="application/x-shockwave-flash" href="http://s3movies.chumby.com/cdn/xmlmovie/C43FB4BC-55D7-11DE-BAD8-001E681DFAC2" fixed_ar="true" swf_version="8" height="240" bgcolor="ffffff" supports_browser="false" pointing="false" resolution="" scalable="false" requires_sound="false"/>
  </swfs>
</widget>
