<?xml version="1.0" encoding="UTF-8"?>
<widget href="/xapis/catalog/widget/D07A7E84-7280-11E0-B47C-0021288E785A" id="D07A7E84-7280-11E0-B47C-0021288E785A">
  <name>Urban Dictionary (mature)</name>
  <description> Urban Dictionary - simply the top-rated definition for random words.

There's an invisible fun-button in the bottom right corner!

If your device supports a (chum)browser, there's an invisible button in the bottom left corner that will open the full urbandictionary.com webpage for the current word.  Smash the button on top of the device to dismiss the browser.</description>
  <version>1.08</version>
  <play mode="timeout" time="45"/>
  <mature>true</mature>
  <user type="community" id="4B3A1E42-144B-11DC-B0E0-0030485B7900" username="djchumby"/>
  <security sendable="true" previewable="true" approval="approved" access="publicplus" deletable="true" virtualable="true" overlay="true"/>
  <rating count="1" value="5.0"/>
  <thumbnail href="http://s3movies.chumby.com/cdn/xmlthumbnail/1427DC5E-728A-11E0-88D2-0021288E720C" contenttype="image/jpeg"/>
  <template href="/xml/configs/D07A7E84-7280-11E0-B47C-0021288E785A" contenttype=""/>
  <category href="http://xml.chumby.com/xapis/catalog/index/E130976A-09A5-11DC-8592-0030488E34F8" name="Educational" id="E130976A-09A5-11DC-8592-0030488E34F8"/>
  <movie href="http://s3movies.chumby.com/cdn/xmlmovie/D07DA76C-7280-11E0-B47C-0021288E785A" contenttype="application/x-shockwave-flash"/>
  <swfs>
    <swf width="320" microphone="false" kb="false" camera="false" as_version="2" accelerometer="false" previewable="true" content-type="application/x-shockwave-flash" href="http://s3movies.chumby.com/cdn/xmlmovie/D07DA76C-7280-11E0-B47C-0021288E785A" fixed_ar="false" swf_version="8" height="240" bgcolor="000000" supports_browser="false" pointing="false" resolution="" scalable="false" requires_sound="false"/>
  </swfs>
</widget>
