<?xml version="1.0" encoding="UTF-8"?>
<widget href="/xapis/catalog/widget/95B12682-59EF-11DE-A9B9-001E681DFAC2" id="95B12682-59EF-11DE-A9B9-001E681DFAC2">
  <name>Bad clock</name>
  <description>Beware of the haunted clock. It will not do what you expect it to do. Drag the hour hand to travel through time. Touch and hold the background to see the current real time, release it to get a new time. Use this widget to have fun with friends, colleagues, family.</description>
  <version>1.4</version>
  <play mode="timeout" time="30"/>
  <user type="community" id="8998D7FC-E2F7-11DC-89AC-001635C47868" username="sirchadwick"/>
  <security sendable="true" previewable="true" approval="approved" access="public" deletable="true" virtualable="true" overlay="true"/>
  <rating count="13" value="4.0"/>
  <thumbnail href="http://s3movies.chumby.com/cdn/xmlthumbnail/BF14EECE-59F3-11DE-AE30-001E681DF646" contenttype="image/jpeg"/>
  <template href="/xml/configs/95B12682-59EF-11DE-A9B9-001E681DFAC2" contenttype=""/>
  <category href="http://xml.chumby.com/xapis/catalog/index/EF508B70-2F35-11DB-8753-001372292121" name="Clocks" id="EF508B70-2F35-11DB-8753-001372292121"/>
  <movie href="http://s3movies.chumby.com/cdn/xmlmovie/95B1666A-59EF-11DE-A9B9-001E681DFAC2" contenttype="application/x-shockwave-flash"/>
  <swfs>
    <swf width="320" microphone="false" kb="false" camera="false" as_version="2" accelerometer="false" previewable="true" content-type="application/x-shockwave-flash" href="http://s3movies.chumby.com/cdn/xmlmovie/95B1666A-59EF-11DE-A9B9-001E681DFAC2" fixed_ar="true" swf_version="8" height="240" bgcolor="000000" supports_browser="false" pointing="false" resolution="" scalable="false" requires_sound="false"/>
  </swfs>
</widget>
