<?xml version="1.0" encoding="UTF-8"?>
<widget href="/xapis/catalog/widget/08602C64-2909-11DD-A08F-0030485B75AA" id="08602C64-2909-11DD-A08F-0030485B75AA">
  <name>Atmos Chrono</name>
  <description>Primal Stare Studios presents the Atmos Chrono widget. Clock sounds and volume levels are individually controllable through the widget configuration panel on Chumby.com. The current time is displayed by the alignment of the clock dials to the yellow sphere on the left border. The upper left presents a sunrise / sunset progress dial in relation to your Chumby's location and for U.S users your current local weather conditions will be displayed via icon in the center of the gearing. Any and all feedback appreciated. Enjoy.</description>
  <version>1.000</version>
  <play mode="timeout" time="60"/>
  <user type="community" id="951C8B5A-1ACE-11DD-85E1-0030485B7900" username="Primal Stare"/>
  <security sendable="true" approval="approved" previewable="true" access="public" deletable="true" virtualable="true" overlay="true"/>
  <rating count="102" value="3.902"/>
  <thumbnail href="http://s3movies.chumby.com/cdn/xmlthumbnail/085FCE54-2909-11DD-A08F-0030485B75AA" contenttype="image/jpeg"/>
  <template href="http://s3movies.chumby.com/cdn/xmltemplate/08600AF4-2909-11DD-A08F-0030485B75AA" contenttype="application/x-shockwave-flash"/>
  <category href="http://xml.chumby.com/xapis/catalog/index/EF508B70-2F35-11DB-8753-001372292121" name="Clocks" id="EF508B70-2F35-11DB-8753-001372292121"/>
  <movie href="http://s3movies.chumby.com/cdn/xmlmovie/085162EC-2909-11DD-A08F-0030485B75AA" contenttype="application/x-shockwave-flash"/>
  <swfs>
    <swf width="320" microphone="false" kb="false" camera="false" as_version="2" accelerometer="false" previewable="true" content-type="application/x-shockwave-flash" href="http://s3movies.chumby.com/cdn/xmlmovie/085162EC-2909-11DD-A08F-0030485B75AA" fixed_ar="true" swf_version="8" height="240" bgcolor="fbf1be" supports_browser="false" pointing="false" resolution="" scalable="false" requires_sound="false"/>
  </swfs>
</widget>
