<?xml version="1.0" encoding="UTF-8"?>
<widget href="/xapis/catalog/widget/D802DF3A-D164-11DD-B21D-001E681DFAC2" id="D802DF3A-D164-11DD-B21D-001E681DFAC2">
  <name>inu</name>
  <description>inu</description>
  <version>1.0</version>
  <play mode="timeout" time="15"/>
  <user type="community" id="BA3FFA54-2CB0-11DD-9234-0030485B75AA" username="wtake4"/>
  <security sendable="true" approval="approved" previewable="true" access="public" deletable="true" virtualable="true" overlay="true"/>
  <rating count="20" value="1.55"/>
  <thumbnail href="http://s3movies.chumby.com/cdn/xmlthumbnail/D802CFAE-D164-11DD-B21D-001E681DFAC2" contenttype="image/jpeg"/>
  <template href="/xml/configs/D802DF3A-D164-11DD-B21D-001E681DFAC2" contenttype=""/>
  <category href="http://xml.chumby.com/xapis/catalog/index/2DAEAFDA-9798-11DB-9563-0030485A78AA" name="Animals" id="2DAEAFDA-9798-11DB-9563-0030485A78AA"/>
  <movie href="http://s3movies.chumby.com/cdn/xmlmovie/D8024D90-D164-11DD-B21D-001E681DFAC2" contenttype="application/x-shockwave-flash"/>
  <swfs>
    <swf width="320" microphone="false" kb="false" camera="false" as_version="2" accelerometer="false" previewable="true" content-type="application/x-shockwave-flash" href="http://s3movies.chumby.com/cdn/xmlmovie/D8024D90-D164-11DD-B21D-001E681DFAC2" fixed_ar="false" swf_version="8" height="240" bgcolor="ffcc66" supports_browser="false" pointing="false" resolution="" scalable="false" requires_sound="false"/>
  </swfs>
</widget>
