<?xml version="1.0" encoding="UTF-8"?>
<widget href="/xapis/catalog/widget/925A5CAA-B6C4-11DF-8D80-001B24E044BE" id="925A5CAA-B6C4-11DF-8D80-001B24E044BE">
  <name>lifehacker news</name>
  <description>Tips and downloads for getting things done.</description>
  <version>1.2.3</version>
  <play mode="default" time="30"/>
  <user type="chumby" id="00000000-0000-0000-0000-000000000001" username="chumby"/>
  <security sendable="true" approval="approved" previewable="true" access="public" deletable="true" virtualable="true" overlay="true"/>
  <rating count="27" value="4.0"/>
  <thumbnail href="http://s3movies.chumby.com/cdn/xmlthumbnail/926278EA-B6C4-11DF-8D80-001B24E044BE" contenttype="image/jpeg"/>
  <template href="http://s3movies.chumby.com/cdn/xmltemplate/9264160A-B6C4-11DF-8D80-001B24E044BE" contenttype="text/xml"/>
  <category href="http://xml.chumby.com/xapis/catalog/index/175E3A6A-5D3D-11DB-A0DD-0030485A78AA" name="Entertainment" id="175E3A6A-5D3D-11DB-A0DD-0030485A78AA"/>
  <movie href="http://s3movies.chumby.com/cdn/xmlmovie/926641F0-B6C4-11DF-8D80-001B24E044BE" contenttype="application/x-shockwave-flash"/>
  <swfs>
    <swf width="800" microphone="false" kb="false" camera="false" as_version="2" accelerometer="false" previewable="false" content-type="application/x-shockwave-flash" href="http://s3movies.chumby.com/cdn/xmlmovie/926641F0-B6C4-11DF-8D80-001B24E044BE" fixed_ar="true" swf_version="8" height="600" bgcolor="ffffff" supports_browser="false" pointing="true" resolution="" scalable="false" requires_sound="false"/>
    <swf width="600" microphone="false" kb="true" camera="false" as_version="2" accelerometer="false" previewable="true" content-type="application/x-shockwave-flash" href="http://s3movies.chumby.com/cdn/xmlmovie/71C9C344-BCA0-11E0-8E78-001B24E044BE" fixed_ar="false" swf_version="8" height="450" bgcolor="000000" supports_browser="false" pointing="false" resolution="" scalable="false" requires_sound="false"/>
    <swf width="684" microphone="false" kb="true" camera="false" as_version="2" accelerometer="false" previewable="false" content-type="application/x-shockwave-flash" href="http://s3movies.chumby.com/cdn/xmlmovie/71E94958-BCA0-11E0-8E78-001B24E044BE" fixed_ar="true" swf_version="8" height="130" bgcolor="006699" supports_browser="false" pointing="false" resolution="" scalable="false" requires_sound="false"/>
    <swf width="800" microphone="false" kb="true" camera="false" as_version="2" accelerometer="false" previewable="false" content-type="application/x-shockwave-flash" href="http://s3movies.chumby.com/cdn/xmlmovie/71E04538-BCA0-11E0-8E78-001B24E044BE" fixed_ar="true" swf_version="8" height="450" bgcolor="2e2e32" supports_browser="false" pointing="false" resolution="" scalable="false" requires_sound="false"/>
  </swfs>
</widget>
