<?xml version="1.0" encoding="UTF-8"?>
<widget href="/xapis/catalog/widget/D67FA7A0-61FD-11DD-9B90-001E681DFAC2" id="D67FA7A0-61FD-11DD-9B90-001E681DFAC2">
  <name>New to DVD</name>
  <description>Curious to see if that awful movie you frantically avoided in theaters is finally out on DVD? Then this widget belongs on your chumby!! Source - http://www.netflix.com</description>
  <version>1.0</version>
  <play mode="timeout" time="15"/>
  <user type="community" id="FAE524F6-CCFF-11DB-AD70-00161771248C" username="howdog"/>
  <security sendable="true" approval="approved" previewable="true" access="public" deletable="true" virtualable="true" overlay="true"/>
  <rating count="16" value="4.125"/>
  <thumbnail href="http://s3movies.chumby.com/cdn/xmlthumbnail/D67F93D2-61FD-11DD-9B90-001E681DFAC2" contenttype="image/jpeg"/>
  <template href="/xml/configs/D67FA7A0-61FD-11DD-9B90-001E681DFAC2" contenttype=""/>
  <category href="http://xml.chumby.com/xapis/catalog/index/175E3A6A-5D3D-11DB-A0DD-0030485A78AA" name="Entertainment" id="175E3A6A-5D3D-11DB-A0DD-0030485A78AA"/>
  <movie href="http://s3movies.chumby.com/cdn/xmlmovie/FC8D8654-6966-11DD-8B90-001B24F07EF4" contenttype="application/x-shockwave-flash"/>
  <swfs>
    <swf width="320" microphone="false" kb="false" camera="false" as_version="2" accelerometer="false" previewable="true" content-type="application/x-shockwave-flash" href="http://s3movies.chumby.com/cdn/xmlmovie/FC8D8654-6966-11DD-8B90-001B24F07EF4" fixed_ar="true" swf_version="8" height="240" bgcolor="666666" supports_browser="false" pointing="false" resolution="" scalable="false" requires_sound="false"/>
  </swfs>
</widget>
