<?xml version="1.0" encoding="UTF-8"?>
<widget href="/xapis/catalog/widget/8EF573B8-3B6B-11DE-8058-001B24F07EF4" id="8EF573B8-3B6B-11DE-8058-001B24F07EF4">
  <name>Otaclock</name>
  <description>Edit: The background is white, not black on the chumby!

For all you MGS fans out there!
Context: http://www.konami.jp/kojima_pro/english/dl/item_ota.html</description>
  <version>1.0</version>
  <play mode="timeout" time="15"/>
  <user type="community" id="839BAEEE-ADB6-11DD-908F-001E681DFAC2" username="bjarkebech"/>
  <security sendable="true" approval="approved" previewable="true" deletable="true" access="public" virtualable="true" overlay="true"/>
  <rating count="7" value="3.0"/>
  <thumbnail href="http://s3movies.chumby.com/cdn/xmlthumbnail/8EF539DE-3B6B-11DE-8058-001B24F07EF4" contenttype="image/jpeg"/>
  <template href="/xml/configs/8EF573B8-3B6B-11DE-8058-001B24F07EF4" contenttype=""/>
  <category href="http://xml.chumby.com/xapis/catalog/index/EF508B70-2F35-11DB-8753-001372292121" name="Clocks" id="EF508B70-2F35-11DB-8753-001372292121"/>
  <movie href="http://s3movies.chumby.com/cdn/xmlmovie/8EFB36D6-3B6B-11DE-8058-001B24F07EF4" contenttype="application/x-shockwave-flash"/>
  <swfs>
    <swf width="320" microphone="false" kb="false" camera="false" as_version="2" accelerometer="false" previewable="true" content-type="application/x-shockwave-flash" href="http://s3movies.chumby.com/cdn/xmlmovie/8EFB36D6-3B6B-11DE-8058-001B24F07EF4" fixed_ar="false" swf_version="8" height="240" bgcolor="ffffff" supports_browser="false" pointing="false" resolution="" scalable="false" requires_sound="false"/>
  </swfs>
</widget>
