<?xml version="1.0" encoding="UTF-8"?>
<widget href="/xapis/catalog/widget/D276566E-6710-11DD-8BA1-001E681DFAC2" id="D276566E-6710-11DD-8BA1-001E681DFAC2">
  <name>Just Hands - White</name>
  <description>Just the Hands. White Version.
Get free clocks for your own website at www.adamdorman.com.</description>
  <version>1.0</version>
  <play mode="timeout" time="15"/>
  <user type="community" id="E790164A-5200-11DD-BAC5-001E681DFAC2" username="adorman"/>
  <security approval="approved" sendable="true" deletable="true" previewable="true" access="public" overlay="true" virtualable="true"/>
  <rating count="7" value="3.2857"/>
  <thumbnail href="http://s3movies.chumby.com/cdn/xmlthumbnail/D2764566-6710-11DD-8BA1-001E681DFAC2" contenttype="image/jpeg"/>
  <template href="/xml/configs/D276566E-6710-11DD-8BA1-001E681DFAC2" contenttype=""/>
  <category href="http://xml.chumby.com/xapis/catalog/index/EF508B70-2F35-11DB-8753-001372292121" name="Clocks" id="EF508B70-2F35-11DB-8753-001372292121"/>
  <movie href="http://s3movies.chumby.com/cdn/xmlmovie/D275CC76-6710-11DD-8BA1-001E681DFAC2" contenttype="application/x-shockwave-flash"/>
  <swfs>
    <swf width="320" microphone="false" kb="false" camera="false" as_version="2" accelerometer="false" previewable="true" content-type="application/x-shockwave-flash" href="http://s3movies.chumby.com/cdn/xmlmovie/D275CC76-6710-11DD-8BA1-001E681DFAC2" fixed_ar="false" swf_version="7" height="240" bgcolor="ffffff" supports_browser="false" pointing="false" resolution="" scalable="false" requires_sound="false"/>
  </swfs>
</widget>
