<?xml version="1.0" encoding="UTF-8"?>
<widget href="/xapis/catalog/widget/87795F20-9D4A-11DC-8016-0030485A78AA" id="87795F20-9D4A-11DC-8016-0030485A78AA">
  <name>E-Mail Viewer</name>
  <description>See the most recent messages in your POP3-enabled Inbox, and press any message to view the body of the e-mail.</description>
  <version>2.9</version>
  <play mode="timeout" time="30"/>
  <user type="chumby" id="00000000-0000-0000-0000-000000000001" username="chumby"/>
  <security sendable="true" approval="approved" previewable="true" access="public" deletable="true" virtualable="true" overlay="true"/>
  <rating count="285" value="3.6526"/>
  <thumbnail href="http://s3movies.chumby.com/cdn/xmlthumbnail/E31BCA1C-27E4-11DF-967B-001B24E044BE" contenttype="image/jpeg"/>
  <template href="http://s3movies.chumby.com/cdn/xmltemplate/E3B937CA-27E4-11DF-967B-001B24E044BE" contenttype="application/x-shockwave-flash"/>
  <category href="http://xml.chumby.com/xapis/catalog/index/59BC5264-CF80-11DC-92D5-00156009DD9B" name="Communications" id="59BC5264-CF80-11DC-92D5-00156009DD9B"/>
  <movie href="http://s3movies.chumby.com/cdn/xmlmovie/E4462FA4-27E4-11DF-967B-001B24E044BE" contenttype="application/x-shockwave-flash"/>
  <swfs>
    <swf width="320" microphone="false" kb="false" camera="false" as_version="2" accelerometer="false" previewable="true" content-type="application/x-shockwave-flash" href="http://s3movies.chumby.com/cdn/xmlmovie/E4462FA4-27E4-11DF-967B-001B24E044BE" fixed_ar="true" swf_version="8" height="240" bgcolor="ff00ff" supports_browser="false" pointing="false" resolution="" scalable="false" requires_sound="false"/>
  </swfs>
</widget>
