<?xml version="1.0" encoding="UTF-8"?>
<widget href="/xapis/catalog/widget/FD2C3452-BD8B-11DC-B120-001635C47868" id="FD2C3452-BD8B-11DC-B120-001635C47868">
  <name>Sleep Sound Generator</name>
  <description>Generates steady ambient sound</description>
  <version>1.0</version>
  <play mode="timeout" time="30"/>
  <user type="community" id="F895D434-4509-11DC-874A-00146C833363" username="gonga"/>
  <security sendable="true" approval="approved" previewable="true" access="public" deletable="true" virtualable="true" overlay="true"/>
  <rating count="174" value="3.8448"/>
  <thumbnail href="http://s3movies.chumby.com/cdn/xmlthumbnail/FD2C0F7C-BD8B-11DC-B120-001635C47868" contenttype="image/jpeg"/>
  <template href="/xml/configs/FD2C3452-BD8B-11DC-B120-001635C47868" contenttype=""/>
  <category href="http://xml.chumby.com/xapis/catalog/index/EF508B70-2F35-11DB-8753-001372292121" name="Clocks" id="EF508B70-2F35-11DB-8753-001372292121"/>
  <movie href="http://s3movies.chumby.com/cdn/xmlmovie/FD26BA22-BD8B-11DC-B120-001635C47868" contenttype="application/x-shockwave-flash"/>
  <swfs>
    <swf width="320" microphone="false" kb="false" camera="false" as_version="2" accelerometer="false" previewable="true" content-type="application/x-shockwave-flash" href="http://s3movies.chumby.com/cdn/xmlmovie/FD26BA22-BD8B-11DC-B120-001635C47868" fixed_ar="true" swf_version="7" height="240" bgcolor="ffffff" supports_browser="false" pointing="false" resolution="" scalable="false" requires_sound="false"/>
  </swfs>
</widget>
