<?xml version="1.0" encoding="UTF-8"?>
<widget href="/xapis/catalog/widget/EE12364E-7096-11E0-9464-0021288E6F90" id="EE12364E-7096-11E0-9464-0021288E6F90">
  <name>Radio Valencia Tuner</name>
  <description>Tune into Radio Valencia, a community pirate radio station broadcasting on 87.9fm in San Francisco. Or go to our website at radiovalencia.fm to chat at us and otherwise cause trouble.</description>
  <version>1.0</version>
  <play mode="timeout" time="45"/>
  <user type="community" id="7911B138-EB2B-11DC-AEDD-00156009DD9B" username="wrybread"/>
  <security sendable="true" deletable="true" previewable="true" overlay="true" access="public" virtualable="true" approval="approved"/>
  <rating count="1" value="5.0"/>
  <thumbnail href="http://s3movies.chumby.com/cdn/xmlthumbnail/1EEDB89C-70A1-11E0-A338-0021288E6F90" contenttype="image/jpeg"/>
  <template href="/xml/configs/EE12364E-7096-11E0-9464-0021288E6F90" contenttype=""/>
  <category href="http://xml.chumby.com/xapis/catalog/index/175E3A6A-5D3D-11DB-A0DD-0030485A78AA" name="Entertainment" id="175E3A6A-5D3D-11DB-A0DD-0030485A78AA"/>
  <movie href="http://s3movies.chumby.com/cdn/xmlmovie/EE341B4C-7096-11E0-9464-0021288E6F90" contenttype="application/x-shockwave-flash"/>
  <swfs>
    <swf width="320" microphone="false" kb="false" camera="false" as_version="2" accelerometer="false" previewable="true" content-type="application/x-shockwave-flash" href="http://s3movies.chumby.com/cdn/xmlmovie/EE341B4C-7096-11E0-9464-0021288E6F90" fixed_ar="true" swf_version="8" height="240" bgcolor="000000" supports_browser="false" pointing="false" resolution="" scalable="false" requires_sound="false"/>
  </swfs>
</widget>
