<?xml version="1.0" encoding="UTF-8"?>
<widget href="/xapis/catalog/widget/A9F38054-BCC9-11DD-97EC-001B24F07EF4" id="A9F38054-BCC9-11DD-97EC-001B24F07EF4">
  <name>ABC (AU) News</name>
  <description>The primary news feed from the Australian Broadcasting Corporation</description>
  <version>1.0</version>
  <play mode="timeout" time="30"/>
  <user type="community" id="E818F108-307A-11DB-9A6C-001372292121" username="dmaxwell"/>
  <security sendable="true" approval="approved" previewable="true" access="public" deletable="true" virtualable="true" overlay="true"/>
  <rating count="52" value="3.1923"/>
  <thumbnail href="http://s3movies.chumby.com/cdn/xmlthumbnail/A9F36DE4-BCC9-11DD-97EC-001B24F07EF4" contenttype="image/jpeg"/>
  <template href="/xml/configs/A9F38054-BCC9-11DD-97EC-001B24F07EF4" contenttype=""/>
  <category href="http://xml.chumby.com/xapis/catalog/index/8A3F7906-B75C-11DD-8466-001E681DF646" name="Australian" id="8A3F7906-B75C-11DD-8466-001E681DF646"/>
  <movie href="http://s3movies.chumby.com/cdn/xmlmovie/A9F2E13A-BCC9-11DD-97EC-001B24F07EF4" contenttype="application/x-shockwave-flash"/>
  <swfs>
    <swf width="320" microphone="false" kb="false" camera="false" as_version="2" accelerometer="false" previewable="true" content-type="application/x-shockwave-flash" href="http://s3movies.chumby.com/cdn/xmlmovie/A9F2E13A-BCC9-11DD-97EC-001B24F07EF4" fixed_ar="true" swf_version="8" height="240" bgcolor="666666" supports_browser="false" pointing="false" resolution="" scalable="false" requires_sound="false"/>
  </swfs>
</widget>
