<?xml version="1.0" encoding="UTF-8"?>
<widget href="/xapis/catalog/widget/623474EC-E921-11DD-BFCB-001B24F07EF4" id="623474EC-E921-11DD-BFCB-001B24F07EF4">
  <name>Tokikake Clock</name>
  <description>"Toki wo Kakeru Syojo" clock.</description>
  <version>1.0</version>
  <play mode="timeout" time="60"/>
  <user type="community" id="0AEFE6C8-B17A-11DD-8B60-001E681DF646" username="okitat"/>
  <security sendable="true" previewable="true" approval="approved" access="public" deletable="true" virtualable="true" overlay="true"/>
  <rating count="17" value="3.4118"/>
  <thumbnail href="http://s3movies.chumby.com/cdn/xmlthumbnail/62346466-E921-11DD-BFCB-001B24F07EF4" contenttype="image/pjpeg"/>
  <template href="/xml/configs/623474EC-E921-11DD-BFCB-001B24F07EF4" contenttype=""/>
  <category href="http://xml.chumby.com/xapis/catalog/index/EF508B70-2F35-11DB-8753-001372292121" name="Clocks" id="EF508B70-2F35-11DB-8753-001372292121"/>
  <movie href="http://s3movies.chumby.com/cdn/xmlmovie/E3412854-E922-11DD-BFCB-001B24F07EF4" contenttype="application/x-shockwave-flash"/>
  <swfs>
    <swf width="320" microphone="false" kb="false" camera="false" as_version="2" accelerometer="false" previewable="true" content-type="application/x-shockwave-flash" href="http://s3movies.chumby.com/cdn/xmlmovie/E3412854-E922-11DD-BFCB-001B24F07EF4" fixed_ar="true" swf_version="8" height="240" bgcolor="000000" supports_browser="false" pointing="false" resolution="" scalable="false" requires_sound="false"/>
  </swfs>
</widget>
