<?xml version="1.0" encoding="UTF-8"?>
<widget href="/xapis/catalog/widget/16E9CBF4-CD35-11DB-AD70-00161771248C" id="16E9CBF4-CD35-11DB-AD70-00161771248C">
  <name>IMDb - Died Today</name>
  <description>People in the entertainment field who died on this day.

See IMDb.com for more movie &amp; television information.</description>
  <version>1.0</version>
  <play mode="timeout" time="15"/>
  <user type="community" id="006ECCEC-3615-11DB-A6CE-001372292121" username="hbchumby"/>
  <security sendable="true" approval="approved" previewable="true" deletable="true" access="public" virtualable="true" overlay="true"/>
  <rating count="12" value="3.25"/>
  <thumbnail href="http://s3movies.chumby.com/cdn/xmlthumbnail/1CB58CBC-2415-11DC-A307-0030485A78AA" contenttype="image/jpeg"/>
  <template href="http://s3movies.chumby.com/cdn/xmltemplate/1CB303AC-2415-11DC-A307-0030485A78AA" contenttype="application/octet-stream"/>
  <category href="http://xml.chumby.com/xapis/catalog/index/175E3A6A-5D3D-11DB-A0DD-0030485A78AA" name="Entertainment" id="175E3A6A-5D3D-11DB-A0DD-0030485A78AA"/>
  <movie href="http://s3movies.chumby.com/cdn/xmlmovie/1CB06EDA-2415-11DC-A307-0030485A78AA" contenttype="application/x-shockwave-flash"/>
  <swfs>
    <swf width="320" microphone="false" kb="false" camera="false" as_version="2" accelerometer="false" previewable="true" content-type="application/x-shockwave-flash" href="http://s3movies.chumby.com/cdn/xmlmovie/1CB06EDA-2415-11DC-A307-0030485A78AA" fixed_ar="true" swf_version="7" height="240" bgcolor="ffffff" supports_browser="false" pointing="false" resolution="" scalable="false" requires_sound="false"/>
  </swfs>
</widget>
