<?xml version="1.0" encoding="UTF-8"?>
<widget href="/xapis/catalog/widget/689458BC-5827-11E0-9F9D-0021288EC192" id="689458BC-5827-11E0-9F9D-0021288EC192">
  <name>OMFG!</name>
  <description>OMFG! displayed in an obnoxious fashion.</description>
  <version>1.0</version>
  <play mode="timeout" time="45"/>
  <user type="community" id="756B1112-5295-11E0-B645-001E681DFAC2" username="dandydanny"/>
  <security sendable="true" deletable="true" previewable="true" overlay="true" access="public" virtualable="true" approval="approved"/>
  <rating count="8" value="2.0"/>
  <thumbnail href="http://s3movies.chumby.com/cdn/xmlthumbnail/68941D20-5827-11E0-9F9D-0021288EC192" contenttype="image/jpeg"/>
  <template href="/xml/configs/689458BC-5827-11E0-9F9D-0021288EC192" contenttype=""/>
  <category href="http://xml.chumby.com/xapis/catalog/index/AC50ADA4-4088-11DC-B053-0030485A78AA" name="Animation" id="AC50ADA4-4088-11DC-B053-0030485A78AA"/>
  <movie href="http://s3movies.chumby.com/cdn/xmlmovie/68956EF0-5827-11E0-9F9D-0021288EC192" contenttype="application/x-shockwave-flash"/>
  <swfs>
    <swf width="320" microphone="false" kb="false" camera="false" as_version="2" accelerometer="false" previewable="true" content-type="application/x-shockwave-flash" href="http://s3movies.chumby.com/cdn/xmlmovie/68956EF0-5827-11E0-9F9D-0021288EC192" fixed_ar="true" swf_version="7" height="240" bgcolor="ffffff" supports_browser="false" pointing="false" resolution="" scalable="false" requires_sound="false"/>
  </swfs>
</widget>
