<?xml version="1.0" encoding="UTF-8"?>
<widget href="/xapis/catalog/widget/BCD9E092-A8B9-11DD-8CD9-001E681DF646" id="BCD9E092-A8B9-11DD-8CD9-001E681DF646">
  <name>Circle</name>
  <description>Grow</description>
  <version>1.0</version>
  <play mode="timeout" time="15"/>
  <user type="community" id="4E2908E6-7CB6-11DD-BD32-001E681DF646" username="asada.santohei"/>
  <security sendable="true" approval="approved" previewable="true" access="public" deletable="true" virtualable="true" overlay="true"/>
  <rating count="18" value="2.6111"/>
  <thumbnail href="http://s3movies.chumby.com/cdn/xmlthumbnail/4C5EB534-DC00-11DD-9E02-001E681DF646" contenttype="image/jpeg"/>
  <template href="/xml/configs/BCD9E092-A8B9-11DD-8CD9-001E681DF646" contenttype=""/>
  <category href="http://xml.chumby.com/xapis/catalog/index/EF508B70-2F35-11DB-8753-001372292121" name="Clocks" id="EF508B70-2F35-11DB-8753-001372292121"/>
  <movie href="http://s3movies.chumby.com/cdn/xmlmovie/4C59DC94-DC00-11DD-9E02-001E681DF646" contenttype="application/x-shockwave-flash"/>
  <swfs>
    <swf width="320" microphone="false" kb="false" camera="false" as_version="2" accelerometer="false" previewable="true" content-type="application/x-shockwave-flash" href="http://s3movies.chumby.com/cdn/xmlmovie/4C59DC94-DC00-11DD-9E02-001E681DF646" fixed_ar="true" swf_version="8" height="240" bgcolor="000000" supports_browser="false" pointing="false" resolution="" scalable="false" requires_sound="false"/>
  </swfs>
</widget>
