<?xml version="1.0" encoding="UTF-8"?>
<widget href="/xapis/catalog/widget/C0A5BF40-B615-11DB-A51D-0030485A78AA" id="C0A5BF40-B615-11DB-A51D-0030485A78AA">
  <name>Bar Code Clock</name>
  <description>Shows the date and time using a UPC-style bar code</description>
  <version>1.0</version>
  <play mode="default" time="15"/>
  <user type="community" id="E818F108-307A-11DB-9A6C-001372292121" username="dmaxwell"/>
  <security sendable="true" approval="approved" previewable="true" deletable="true" access="public" virtualable="true" overlay="true"/>
  <rating count="62" value="4.1935"/>
  <thumbnail href="http://s3movies.chumby.com/cdn/xmlthumbnail/BE514ABA-D997-11DC-B110-0016353B4502" contenttype="image/jpeg"/>
  <template href="http://s3movies.chumby.com/cdn/xmltemplate/BE60C35A-D997-11DC-B110-0016353B4502" contenttype="text/xml"/>
  <category href="http://xml.chumby.com/xapis/catalog/index/EF508B70-2F35-11DB-8753-001372292121" name="Clocks" id="EF508B70-2F35-11DB-8753-001372292121"/>
  <movie href="http://s3movies.chumby.com/cdn/xmlmovie/BE631F4C-D997-11DC-B110-0016353B4502" contenttype="application/x-shockwave-flash"/>
  <swfs>
    <swf width="320" microphone="false" kb="false" camera="false" as_version="2" accelerometer="false" previewable="true" content-type="application/x-shockwave-flash" href="http://s3movies.chumby.com/cdn/xmlmovie/BE631F4C-D997-11DC-B110-0016353B4502" fixed_ar="false" swf_version="6" height="240" bgcolor="ffffff" supports_browser="false" pointing="false" resolution="" scalable="false" requires_sound="false"/>
  </swfs>
</widget>
