<?xml version="1.0" encoding="UTF-8"?>
<widget href="/xapis/catalog/widget/4EBF675C-5041-11DC-BEE5-0030485A78AA" id="4EBF675C-5041-11DC-BEE5-0030485A78AA">
  <name>Word of the Day</name>
  <description>A new word and description served up daily!</description>
  <version>2.0.0</version>
  <play mode="default" time="15"/>
  <user type="community" id="FAE524F6-CCFF-11DB-AD70-00161771248C" username="howdog"/>
  <security sendable="true" approval="approved" previewable="true" deletable="true" access="public" virtualable="true" overlay="true"/>
  <rating count="149" value="3.1946"/>
  <thumbnail href="http://s3movies.chumby.com/cdn/xmlthumbnail/16B4FBA2-D506-11DC-94F9-0016353B4502" contenttype="image/jpeg"/>
  <template href="http://s3movies.chumby.com/cdn/xmltemplate/16B7D296-D506-11DC-94F9-0016353B4502" contenttype="text/xml"/>
  <category href="http://xml.chumby.com/xapis/catalog/index/E130976A-09A5-11DC-8592-0030488E34F8" name="Educational" id="E130976A-09A5-11DC-8592-0030488E34F8"/>
  <movie href="http://s3movies.chumby.com/cdn/xmlmovie/16BA6A4C-D506-11DC-94F9-0016353B4502" contenttype="application/x-shockwave-flash"/>
  <swfs>
    <swf width="320" microphone="false" kb="false" camera="false" as_version="2" accelerometer="false" previewable="true" content-type="application/x-shockwave-flash" href="http://s3movies.chumby.com/cdn/xmlmovie/16BA6A4C-D506-11DC-94F9-0016353B4502" fixed_ar="true" swf_version="8" height="240" bgcolor="ffffff" supports_browser="false" pointing="false" resolution="" scalable="false" requires_sound="false"/>
  </swfs>
</widget>
