<?xml version="1.0" encoding="UTF-8"?>
<widget href="/xapis/catalog/widget/8EF69E60-0AE3-11DC-A040-0030485A78AA" id="8EF69E60-0AE3-11DC-A040-0030485A78AA">
  <name>Kaplan SAT vocab</name>
  <description>Kaplan SAT vocabulary practice.</description>
  <version>1.8</version>
  <play mode="timeout" time="20"/>
  <user type="chumby" id="00000000-0000-0000-0000-000000000001" username="chumby"/>
  <security sendable="true" approval="approved" previewable="true" deletable="true" access="public" virtualable="true" overlay="true"/>
  <rating count="39" value="3.7179"/>
  <thumbnail href="http://s3movies.chumby.com/cdn/xmlthumbnail/95A54BC0-1894-11DD-9D69-0030488D0168" contenttype="image/jpeg"/>
  <template href="http://s3movies.chumby.com/cdn/xmltemplate/95AF0DAE-1894-11DD-9D69-0030488D0168" contenttype="text/xml"/>
  <category href="http://xml.chumby.com/xapis/catalog/index/E130976A-09A5-11DC-8592-0030488E34F8" name="Educational" id="E130976A-09A5-11DC-8592-0030488E34F8"/>
  <movie href="http://s3movies.chumby.com/cdn/xmlmovie/95BF84CC-1894-11DD-9D69-0030488D0168" contenttype="application/x-shockwave-flash"/>
  <swfs>
    <swf width="320" microphone="false" kb="false" camera="false" as_version="2" accelerometer="false" previewable="true" content-type="application/x-shockwave-flash" href="http://s3movies.chumby.com/cdn/xmlmovie/95BF84CC-1894-11DD-9D69-0030488D0168" fixed_ar="false" swf_version="6" height="240" bgcolor="ffffff" supports_browser="false" pointing="false" resolution="" scalable="false" requires_sound="false"/>
  </swfs>
</widget>
