<?xml version="1.0" encoding="UTF-8"?>
<widget href="/xapis/catalog/widget/54FE86FA-3101-11DE-86CE-001B24F07EF4" id="54FE86FA-3101-11DE-86CE-001B24F07EF4">
  <name>Letter of the Day</name>
  <description>Your 3-year old kid touches the Chumby to reveal the letter of the day, and touches it again to switch to a word that starts with that letter. Now with UC/lc routine, just keep tapping.</description>
  <version>1.02</version>
  <play mode="timeout" time="30"/>
  <user type="community" id="1F2FAA12-2653-11DE-A56B-001E681DFAC2" username="gregniemeyer"/>
  <security approval="approved" sendable="true" deletable="true" previewable="true" access="public" overlay="true" virtualable="true"/>
  <rating count="17" value="3.7059"/>
  <thumbnail href="http://s3movies.chumby.com/cdn/xmlthumbnail/54FE5144-3101-11DE-86CE-001B24F07EF4" contenttype="image/jpeg"/>
  <template href="/xml/configs/54FE86FA-3101-11DE-86CE-001B24F07EF4" contenttype=""/>
  <category href="http://xml.chumby.com/xapis/catalog/index/E130976A-09A5-11DC-8592-0030488E34F8" name="Educational" id="E130976A-09A5-11DC-8592-0030488E34F8"/>
  <movie href="http://s3movies.chumby.com/cdn/xmlmovie/54FF8442-3101-11DE-86CE-001B24F07EF4" contenttype="application/x-shockwave-flash"/>
  <swfs>
    <swf width="320" microphone="false" kb="false" camera="false" as_version="2" accelerometer="false" previewable="true" content-type="application/x-shockwave-flash" href="http://s3movies.chumby.com/cdn/xmlmovie/54FF8442-3101-11DE-86CE-001B24F07EF4" fixed_ar="true" swf_version="8" height="240" bgcolor="ffffff" supports_browser="false" pointing="false" resolution="" scalable="false" requires_sound="false"/>
  </swfs>
</widget>
