<?xml version="1.0" encoding="UTF-8"?>
<widget href="/xapis/catalog/widget/9BA4BB9A-EBF4-11DC-AEDD-00156009DD9B" id="9BA4BB9A-EBF4-11DC-AEDD-00156009DD9B">
  <name>Timeline Clock Calendar Red V.3</name>
  <description>Timeline Clock and Calendar, updated to RED. Changed order to make it easier to read. Hour, Min, Sec, Day, Month, Date, Year. Version 3 calendar expires 2014.</description>
  <version>3.0</version>
  <play mode="timeout" time="15"/>
  <user type="community" id="906EB7B6-30E3-11DC-83E9-0030488E34F8" username="myridom"/>
  <security sendable="true" deletable="true" previewable="true" overlay="true" access="public" virtualable="true" approval="approved"/>
  <rating count="37" value="3.9189"/>
  <thumbnail href="http://s3movies.chumby.com/cdn/xmlthumbnail/9BA4966A-EBF4-11DC-AEDD-00156009DD9B" contenttype="image/pjpeg"/>
  <template href="/xml/configs/9BA4BB9A-EBF4-11DC-AEDD-00156009DD9B" contenttype=""/>
  <category href="http://xml.chumby.com/xapis/catalog/index/EF508B70-2F35-11DB-8753-001372292121" name="Clocks" id="EF508B70-2F35-11DB-8753-001372292121"/>
  <movie href="http://s3movies.chumby.com/cdn/xmlmovie/2C69D3EC-169A-11DE-A846-001E681DFAC2" contenttype="application/x-shockwave-flash"/>
  <swfs>
    <swf width="320" microphone="false" kb="false" camera="false" as_version="2" accelerometer="false" previewable="true" content-type="application/x-shockwave-flash" href="http://s3movies.chumby.com/cdn/xmlmovie/2C69D3EC-169A-11DE-A846-001E681DFAC2" fixed_ar="false" swf_version="6" height="240" bgcolor="000000" supports_browser="false" pointing="false" resolution="" scalable="false" requires_sound="false"/>
  </swfs>
</widget>
