<?xml version="1.0" encoding="UTF-8"?>
<widget href="/xapis/catalog/widget/AD9E62D4-235A-11DF-90EE-001E681DF646" id="AD9E62D4-235A-11DF-90EE-001E681DF646">
  <name>Sky Clock</name>
  <description>A clock with a dynamically ray-traced sky and ocean.  No two scenes are exactly the same.  The longer it draws, the better it looks!</description>
  <version>1.0</version>
  <play mode="timeout" time="30"/>
  <user type="community" id="91A06A76-6057-11DE-B705-001B24F07EF4" username="mpiecuch"/>
  <security sendable="true" overlay="true" previewable="true" access="public" virtualable="true" approval="approved" deletable="true"/>
  <rating count="5" value="3.4"/>
  <thumbnail href="http://s3movies.chumby.com/cdn/xmlthumbnail/4AFBAB7A-23BC-11DF-A979-001E681DFAC2" contenttype="image/jpeg"/>
  <template href="/xml/configs/AD9E62D4-235A-11DF-90EE-001E681DF646" contenttype=""/>
  <category href="http://xml.chumby.com/xapis/catalog/index/EF508B70-2F35-11DB-8753-001372292121" name="Clocks" id="EF508B70-2F35-11DB-8753-001372292121"/>
  <movie href="http://s3movies.chumby.com/cdn/xmlmovie/AD9EE27C-235A-11DF-90EE-001E681DF646" contenttype="application/x-shockwave-flash"/>
  <swfs>
    <swf width="320" microphone="false" kb="false" camera="false" as_version="2" accelerometer="false" previewable="true" content-type="application/x-shockwave-flash" href="http://s3movies.chumby.com/cdn/xmlmovie/AD9EE27C-235A-11DF-90EE-001E681DF646" fixed_ar="true" swf_version="8" height="240" bgcolor="000000" supports_browser="false" pointing="false" resolution="" scalable="false" requires_sound="false"/>
  </swfs>
</widget>
