<?xml version="1.0" encoding="UTF-8"?>
<widget href="/xapis/catalog/widget/E2357306-BE6C-11DD-97AA-001E681DF646" id="E2357306-BE6C-11DD-97AA-001E681DF646">
  <name>RoboClock</name>
  <description>Animated robotic clock. Digits are changed by robotic arms. Funny.</description>
  <version>Beta</version>
  <play mode="timeout" time="60"/>
  <user type="community" id="87E213CC-0009-11DD-A70F-0016353B0686" username="Yuzzy"/>
  <security sendable="true" approval="approved" previewable="true" access="public" deletable="true" virtualable="true" overlay="true"/>
  <rating count="961" value="4.5297"/>
  <thumbnail href="http://s3movies.chumby.com/cdn/xmlthumbnail/8A1F863E-BF66-11DD-A72B-001B24F07EF4" contenttype="image/jpeg"/>
  <template href="/xml/configs/E2357306-BE6C-11DD-97AA-001E681DF646" contenttype=""/>
  <category href="http://xml.chumby.com/xapis/catalog/index/EF508B70-2F35-11DB-8753-001372292121" name="Clocks" id="EF508B70-2F35-11DB-8753-001372292121"/>
  <movie href="http://s3movies.chumby.com/cdn/xmlmovie/8A1A2F68-BF66-11DD-A72B-001B24F07EF4" contenttype="application/x-shockwave-flash"/>
  <swfs>
    <swf width="320" microphone="false" kb="false" camera="false" as_version="2" accelerometer="false" previewable="true" content-type="application/x-shockwave-flash" href="http://s3movies.chumby.com/cdn/xmlmovie/8A1A2F68-BF66-11DD-A72B-001B24F07EF4" fixed_ar="true" swf_version="6" height="240" bgcolor="ffffff" supports_browser="false" pointing="false" resolution="" scalable="false" requires_sound="false"/>
  </swfs>
</widget>
