<?xml version="1.0" encoding="UTF-8"?>
<widget href="/xapis/catalog/widget/F5ED9BE6-1E5E-11DF-B189-001E681DF646" id="F5ED9BE6-1E5E-11DF-B189-001E681DF646">
  <name>A Clock</name>
  <description>Extremely simple digital clock with single alarm, 12/24h mode and LCD dimmer. No snooze. Turn alarm off by moving your Chumby. Alarm will last for one minute if left on. This is my first Flash program and, of course, my first widget for my Chumby.</description>
  <version>2.1</version>
  <play mode="timeout" time="15"/>
  <user type="community" id="2CDFD742-1BE2-11DF-85E3-001E681DFAC2" username="mkoskelo"/>
  <security approval="approved" sendable="true" deletable="true" previewable="true" access="public" overlay="true" virtualable="true"/>
  <rating count="29" value="4.1034"/>
  <thumbnail href="http://s3movies.chumby.com/cdn/xmlthumbnail/F82BA8F8-305B-11DF-B536-001E681DF646" contenttype="image/jpeg"/>
  <template href="/xml/configs/F5ED9BE6-1E5E-11DF-B189-001E681DF646" contenttype=""/>
  <category href="http://xml.chumby.com/xapis/catalog/index/EF508B70-2F35-11DB-8753-001372292121" name="Clocks" id="EF508B70-2F35-11DB-8753-001372292121"/>
  <movie href="http://s3movies.chumby.com/cdn/xmlmovie/F5EE301A-1E5E-11DF-B189-001E681DF646" contenttype="application/x-shockwave-flash"/>
  <swfs>
    <swf width="320" microphone="false" kb="false" camera="false" as_version="2" accelerometer="false" previewable="true" content-type="application/x-shockwave-flash" href="http://s3movies.chumby.com/cdn/xmlmovie/F5EE301A-1E5E-11DF-B189-001E681DF646" fixed_ar="true" swf_version="8" height="240" bgcolor="000000" supports_browser="false" pointing="false" resolution="" scalable="false" requires_sound="false"/>
  </swfs>
</widget>
