<?xml version="1.0" encoding="UTF-8"?>
<widget href="/xapis/catalog/widget/92695738-5851-11DD-B5D8-001B24F07EF4" id="92695738-5851-11DD-B5D8-001B24F07EF4">
  <name>Grass clock</name>
  <description>a grass clock</description>
  <version>1.1</version>
  <play mode="timeout" time="15"/>
  <user type="community" id="071910E8-2F83-11DD-90CD-0030485B75AA" username="cherryottis"/>
  <security sendable="true" overlay="true" previewable="true" access="public" virtualable="true" approval="approved" deletable="true"/>
  <rating count="48" value="3.8958"/>
  <thumbnail href="http://s3movies.chumby.com/cdn/xmlthumbnail/926942C0-5851-11DD-B5D8-001B24F07EF4" contenttype="image/jpeg"/>
  <template href="/xml/configs/92695738-5851-11DD-B5D8-001B24F07EF4" contenttype=""/>
  <category href="http://xml.chumby.com/xapis/catalog/index/EF508B70-2F35-11DB-8753-001372292121" name="Clocks" id="EF508B70-2F35-11DB-8753-001372292121"/>
  <movie href="http://s3movies.chumby.com/cdn/xmlmovie/79DA116A-6D6B-11DD-A956-001B24F07EF4" contenttype="application/x-shockwave-flash"/>
  <swfs>
    <swf width="320" microphone="false" kb="false" camera="false" as_version="2" accelerometer="false" previewable="true" content-type="application/x-shockwave-flash" href="http://s3movies.chumby.com/cdn/xmlmovie/79DA116A-6D6B-11DD-A956-001B24F07EF4" fixed_ar="true" swf_version="7" height="240" bgcolor="ffffff" supports_browser="false" pointing="false" resolution="" scalable="false" requires_sound="false"/>
  </swfs>
</widget>
