<?xml version="1.0" encoding="UTF-8"?>
<widget href="/xapis/catalog/widget/4E87F4DC-113B-11DD-8758-0030488E34CA" id="4E87F4DC-113B-11DD-8758-0030488E34CA">
  <name>Big Ben</name>
  <description>The original is back by popular demand. Enjoy it in all of it's foggy goodness! Chimes on the hour. Also check out the updated version (Big Ben 2.0).</description>
  <version>2.</version>
  <play mode="timeout" time="60"/>
  <user type="community" id="C16C3788-BC81-11DC-A690-00156009DD9B" username="McConnell"/>
  <security sendable="true" approval="approved" previewable="true" deletable="true" access="public" virtualable="true" overlay="true"/>
  <rating count="105" value="4.2095"/>
  <thumbnail href="http://s3movies.chumby.com/cdn/xmlthumbnail/3F440E68-A47C-11DE-B60F-001E681DFAC2" contenttype="image/jpeg"/>
  <template href="/xml/configs/4E87F4DC-113B-11DD-8758-0030488E34CA" contenttype=""/>
  <category href="http://xml.chumby.com/xapis/catalog/index/EF508B70-2F35-11DB-8753-001372292121" name="Clocks" id="EF508B70-2F35-11DB-8753-001372292121"/>
  <movie href="http://s3movies.chumby.com/cdn/xmlmovie/AE4B3FE8-A13A-11DD-8DA9-001E681DFAC2" contenttype="application/x-shockwave-flash"/>
  <swfs>
    <swf width="320" microphone="false" kb="false" camera="false" as_version="2" accelerometer="false" previewable="true" content-type="application/x-shockwave-flash" href="http://s3movies.chumby.com/cdn/xmlmovie/AE4B3FE8-A13A-11DD-8DA9-001E681DFAC2" fixed_ar="true" swf_version="6" height="240" bgcolor="ffffff" supports_browser="false" pointing="false" resolution="" scalable="false" requires_sound="false"/>
  </swfs>
</widget>
