<?xml version="1.0" encoding="UTF-8"?>
<widget href="/xapis/catalog/widget/5755BAE2-9EBA-11DD-9933-001B24F07EF4" id="5755BAE2-9EBA-11DD-9933-001B24F07EF4">
  <name>Sheep Unshearing</name>
  <description>warm the naked sheep
you can choose from white, red and black
to color the sheep</description>
  <version>1.1</version>
  <play mode="timeout" time="60"/>
  <user type="community" id="EB8D694E-2764-11DD-891F-0030488E34F8" username="bsheep"/>
  <security sendable="true" previewable="true" approval="approved" access="public" deletable="true" virtualable="true" overlay="true"/>
  <rating count="15" value="1.4"/>
  <thumbnail href="http://s3movies.chumby.com/cdn/xmlthumbnail/CD9A735E-9EC0-11DD-A09A-001E681DFAC2" contenttype="image/pjpeg"/>
  <template href="/xml/configs/5755BAE2-9EBA-11DD-9933-001B24F07EF4" contenttype=""/>
  <category href="http://xml.chumby.com/xapis/catalog/index/175E3A6A-5D3D-11DB-A0DD-0030485A78AA" name="Entertainment" id="175E3A6A-5D3D-11DB-A0DD-0030485A78AA"/>
  <movie href="http://s3movies.chumby.com/cdn/xmlmovie/CD959A28-9EC0-11DD-A09A-001E681DFAC2" contenttype="application/x-shockwave-flash"/>
  <swfs>
    <swf width="320" microphone="false" kb="false" camera="false" as_version="2" accelerometer="false" previewable="true" content-type="application/x-shockwave-flash" href="http://s3movies.chumby.com/cdn/xmlmovie/CD959A28-9EC0-11DD-A09A-001E681DFAC2" fixed_ar="true" swf_version="6" height="240" bgcolor="ffffff" supports_browser="false" pointing="false" resolution="" scalable="false" requires_sound="false"/>
  </swfs>
</widget>
