<?xml version="1.0" encoding="UTF-8"?>
<widget href="/xapis/catalog/widget/EADB93B6-D3B1-11DB-9CCC-00161771249B" id="EADB93B6-D3B1-11DB-9CCC-00161771249B">
  <name>LED clock</name>
  <description>Clock based on an LED clock used in TV station galleries. Rather nice. The thumbnail is out of date - give it a whirl!</description>
  <version>2.0</version>
  <play mode="timeout" time="60"/>
  <user type="community" id="87A42784-9C13-11DB-8F84-00161771249B" username="irregularshed"/>
  <security sendable="true" approval="approved" previewable="true" access="public" deletable="true" virtualable="true" overlay="true"/>
  <rating count="260" value="4.1731"/>
  <thumbnail href="http://s3movies.chumby.com/cdn/xmlthumbnail/30E111AC-2415-11DC-A307-0030485A78AA" contenttype="image/jpeg"/>
  <template href="http://s3movies.chumby.com/cdn/xmltemplate/30DE8702-2415-11DC-A307-0030485A78AA" contenttype="application/octet-stream"/>
  <category href="http://xml.chumby.com/xapis/catalog/index/EF508B70-2F35-11DB-8753-001372292121" name="Clocks" id="EF508B70-2F35-11DB-8753-001372292121"/>
  <movie href="http://s3movies.chumby.com/cdn/xmlmovie/30DBF96A-2415-11DC-A307-0030485A78AA" contenttype="application/x-shockwave-flash"/>
  <swfs>
    <swf width="320" microphone="false" kb="false" camera="false" as_version="2" accelerometer="false" previewable="true" content-type="application/x-shockwave-flash" href="http://s3movies.chumby.com/cdn/xmlmovie/30DBF96A-2415-11DC-A307-0030485A78AA" fixed_ar="true" swf_version="7" height="240" bgcolor="ffffff" supports_browser="false" pointing="false" resolution="" scalable="false" requires_sound="false"/>
  </swfs>
</widget>
