<?xml version="1.0" encoding="UTF-8"?>
<widget href="/xapis/catalog/widget/5403F9F8-BD91-11DD-880B-001E681DF646" id="5403F9F8-BD91-11DD-880B-001E681DF646">
  <name>Weatherzone (AU) News</name>
  <description>Latest Australian weather news from Weatherzone.com.au</description>
  <version>1.0</version>
  <play mode="timeout" time="30"/>
  <user type="community" id="E818F108-307A-11DB-9A6C-001372292121" username="dmaxwell"/>
  <security sendable="true" approval="approved" previewable="true" access="public" deletable="true" virtualable="true" overlay="true"/>
  <rating count="25" value="2.0"/>
  <thumbnail href="http://s3movies.chumby.com/cdn/xmlthumbnail/5403EA8A-BD91-11DD-880B-001E681DF646" contenttype="image/jpeg"/>
  <template href="/xml/configs/5403F9F8-BD91-11DD-880B-001E681DF646" contenttype=""/>
  <category href="http://xml.chumby.com/xapis/catalog/index/8A3F7906-B75C-11DD-8466-001E681DF646" name="Australian" id="8A3F7906-B75C-11DD-8466-001E681DF646"/>
  <movie href="http://s3movies.chumby.com/cdn/xmlmovie/540375C8-BD91-11DD-880B-001E681DF646" contenttype="application/x-shockwave-flash"/>
  <swfs>
    <swf width="320" microphone="false" kb="false" camera="false" as_version="2" accelerometer="false" previewable="true" content-type="application/x-shockwave-flash" href="http://s3movies.chumby.com/cdn/xmlmovie/540375C8-BD91-11DD-880B-001E681DF646" fixed_ar="true" swf_version="8" height="240" bgcolor="666666" supports_browser="false" pointing="false" resolution="" scalable="false" requires_sound="false"/>
  </swfs>
</widget>
