<?xml version="1.0" encoding="UTF-8"?>
<widget href="/xapis/catalog/widget/8FF88CD0-67BA-11DD-B550-001B24F07EF4" id="8FF88CD0-67BA-11DD-B550-001B24F07EF4">
  <name>Zephyr - 24 Hour</name>
  <description>Zephyr is inspired by the Lawson "Zephyr" Clock (and based on the "Penwood" movement), designed by KEM Weber in the 30s. See the following link: http://www.uv201.com/Clock_Pages/digital_clocks.htm
This employs an entirely different mechanism from all my other clocks. I like to translate real world mechanics to my clocks wherever possible and I'm really pleased with the result here (just wait for the minute transition).
This is the 24 hour version.
Get free clocks for your own website at www.adamdorman.com.</description>
  <version>1.0</version>
  <play mode="timeout" time="15"/>
  <user type="community" id="E790164A-5200-11DD-BAC5-001E681DFAC2" username="adorman"/>
  <security sendable="true" approval="approved" previewable="true" access="public" deletable="true" virtualable="true" overlay="true"/>
  <rating count="25" value="3.84"/>
  <thumbnail href="http://s3movies.chumby.com/cdn/xmlthumbnail/4CBB8176-684F-11DD-BCF2-001E681DFAC2" contenttype="image/jpeg"/>
  <template href="/xml/configs/8FF88CD0-67BA-11DD-B550-001B24F07EF4" contenttype=""/>
  <category href="http://xml.chumby.com/xapis/catalog/index/EF508B70-2F35-11DB-8753-001372292121" name="Clocks" id="EF508B70-2F35-11DB-8753-001372292121"/>
  <movie href="http://s3movies.chumby.com/cdn/xmlmovie/A56E66A0-68BB-11DD-8F0C-001B24F07EF4" contenttype="application/x-shockwave-flash"/>
  <swfs>
    <swf width="320" microphone="false" kb="false" camera="false" as_version="2" accelerometer="false" previewable="true" content-type="application/x-shockwave-flash" href="http://s3movies.chumby.com/cdn/xmlmovie/A56E66A0-68BB-11DD-8F0C-001B24F07EF4" fixed_ar="true" swf_version="7" height="240" bgcolor="790000" supports_browser="false" pointing="false" resolution="" scalable="false" requires_sound="false"/>
  </swfs>
</widget>
