<?xml version="1.0" encoding="UTF-8"?>
<widget href="/xapis/catalog/widget/A148C980-01AA-11DD-A3D2-001635C47868" id="A148C980-01AA-11DD-A3D2-001635C47868">
  <name>24 Hour Binary Clock</name>
  <description>Binary clock - bottom row is seconds, middle row minutes, top row hours.

Tap the screen to invert the colours.</description>
  <version>1.0</version>
  <play mode="timeout" time="45"/>
  <user type="community" id="F9375BCE-F8EB-11DC-8F4A-0016353BC7CC" username="yatest9"/>
  <security sendable="true" approval="approved" previewable="true" deletable="true" access="public" virtualable="true" overlay="true"/>
  <rating count="10" value="4.0"/>
  <thumbnail href="http://s3movies.chumby.com/cdn/xmlthumbnail/9E762FBA-01AD-11DD-A70F-0016353B0686" contenttype="image/jpeg"/>
  <template href="/xml/configs/A148C980-01AA-11DD-A3D2-001635C47868" contenttype=""/>
  <category href="http://xml.chumby.com/xapis/catalog/index/EF508B70-2F35-11DB-8753-001372292121" name="Clocks" id="EF508B70-2F35-11DB-8753-001372292121"/>
  <movie href="http://s3movies.chumby.com/cdn/xmlmovie/6A2DD460-01AD-11DD-A70F-0016353B0686" contenttype="application/x-shockwave-flash"/>
  <swfs>
    <swf width="320" microphone="false" kb="false" camera="false" as_version="2" accelerometer="false" previewable="true" content-type="application/x-shockwave-flash" href="http://s3movies.chumby.com/cdn/xmlmovie/6A2DD460-01AD-11DD-A70F-0016353B0686" fixed_ar="true" swf_version="8" height="240" bgcolor="ffffff" supports_browser="false" pointing="false" resolution="" scalable="false" requires_sound="false"/>
  </swfs>
</widget>
