<?xml version="1.0" encoding="UTF-8"?>
<widget href="/xapis/catalog/widget/A122686A-5CB4-11DE-9456-001E681DF646" id="A122686A-5CB4-11DE-9456-001E681DF646">
  <name>Big Font Clock</name>
  <description>Simple Clock with big text. I wanted a clock which had the time in as big a text as possible, but also had the day and date, and presented it all in a simple, clearly readable format.

New version with a different font, increased spacing, and re-jigged colouring. Includes year again. Space on the left will be used for a calendar (eventually).</description>
  <version>0.8</version>
  <play mode="timeout" time="15"/>
  <user type="community" id="044373F4-CDAD-11DD-9044-001B24F07EF4" username="thesunnyk"/>
  <security approval="approved" sendable="true" deletable="true" previewable="true" access="public" overlay="true" virtualable="true"/>
  <rating count="88" value="4.2273"/>
  <thumbnail href="http://s3movies.chumby.com/cdn/xmlthumbnail/5171F334-7079-11DE-9157-001E681DFAC2" contenttype="image/jpeg"/>
  <template href="/xml/configs/A122686A-5CB4-11DE-9456-001E681DF646" contenttype=""/>
  <category href="http://xml.chumby.com/xapis/catalog/index/EF508B70-2F35-11DB-8753-001372292121" name="Clocks" id="EF508B70-2F35-11DB-8753-001372292121"/>
  <movie href="http://s3movies.chumby.com/cdn/xmlmovie/A123F31A-5CB4-11DE-9456-001E681DF646" contenttype="application/x-shockwave-flash"/>
  <swfs>
    <swf width="320" microphone="false" kb="false" camera="false" as_version="2" accelerometer="false" previewable="true" content-type="application/x-shockwave-flash" href="http://s3movies.chumby.com/cdn/xmlmovie/A123F31A-5CB4-11DE-9456-001E681DF646" fixed_ar="true" swf_version="8" height="240" bgcolor="ffffff" supports_browser="false" pointing="false" resolution="" scalable="false" requires_sound="false"/>
  </swfs>
</widget>
