<?xml version="1.0" encoding="UTF-8"?>
<widget href="/xapis/catalog/widget/D451986C-1AE2-11E0-8585-0021288E785A" id="D451986C-1AE2-11E0-8585-0021288E785A">
  <name>Roadside Attraction (Mature)</name>
  <description>Take a relaxing trip down the highway whilst improving your ability to swear with this educational, yet soothing, app.

 Now with clock and time-of-day sky.</description>
  <version>1.2</version>
  <play mode="timeout" time="60"/>
  <mature>true</mature>
  <user type="community" id="998A246E-D53E-11DE-937E-001E681DFAC2" username="irnglxy"/>
  <security sendable="true" approval="approved" previewable="true" access="public" deletable="true" virtualable="true" overlay="true"/>
  <rating count="16" value="3.9375"/>
  <thumbnail href="http://s3movies.chumby.com/cdn/xmlthumbnail/D451116C-1AE2-11E0-8585-0021288E785A" contenttype="image/jpeg"/>
  <template href="/xml/configs/D451986C-1AE2-11E0-8585-0021288E785A" contenttype=""/>
  <category href="http://xml.chumby.com/xapis/catalog/index/EF508B70-2F35-11DB-8753-001372292121" name="Clocks" id="EF508B70-2F35-11DB-8753-001372292121"/>
  <movie href="http://s3movies.chumby.com/cdn/xmlmovie/D453EC98-1AE2-11E0-8585-0021288E785A" contenttype="application/x-shockwave-flash"/>
  <swfs>
    <swf width="320" microphone="false" kb="false" camera="false" as_version="2" accelerometer="false" previewable="true" content-type="application/x-shockwave-flash" href="http://s3movies.chumby.com/cdn/xmlmovie/D453EC98-1AE2-11E0-8585-0021288E785A" fixed_ar="true" swf_version="8" height="240" bgcolor="ffffff" supports_browser="false" pointing="false" resolution="" scalable="false" requires_sound="false"/>
  </swfs>
</widget>
