<?xml version="1.0" encoding="UTF-8"?>
<widget href="/xapis/catalog/widget/266226B8-B3EE-11DB-BDAE-0030485A78AA" id="266226B8-B3EE-11DB-BDAE-0030485A78AA">
  <name>Sun/Moon Clock</name>
  <description>A clock</description>
  <version>1.6</version>
  <play mode="default" time="30"/>
  <user type="chumby" id="00000000-0000-0000-0000-000000000001" username="chumby"/>
  <security sendable="true" previewable="true" approval="approved" access="public" deletable="true" virtualable="true" overlay="true"/>
  <rating count="503" value="4.0497"/>
  <thumbnail href="http://s3movies.chumby.com/cdn/xmlthumbnail/1C2C5902-F7A3-11DD-AA55-001B24E044BE" contenttype="image/jpeg"/>
  <template href="http://s3movies.chumby.com/cdn/xmltemplate/1C99DCDE-F7A3-11DD-AA55-001B24E044BE" contenttype="text/xml"/>
  <category href="http://xml.chumby.com/xapis/catalog/index/EF508B70-2F35-11DB-8753-001372292121" name="Clocks" id="EF508B70-2F35-11DB-8753-001372292121"/>
  <movie href="http://s3movies.chumby.com/cdn/xmlmovie/1CFB3556-F7A3-11DD-AA55-001B24E044BE" contenttype="application/x-shockwave-flash"/>
  <swfs>
    <swf width="320" microphone="false" kb="false" camera="false" as_version="2" accelerometer="false" previewable="true" content-type="application/x-shockwave-flash" href="http://s3movies.chumby.com/cdn/xmlmovie/1CFB3556-F7A3-11DD-AA55-001B24E044BE" fixed_ar="false" swf_version="6" height="240" bgcolor="193256" supports_browser="false" pointing="false" resolution="" scalable="false" requires_sound="false"/>
  </swfs>
</widget>
