<?xml version="1.0" encoding="UTF-8"?>
<widget href="/xapis/catalog/widget/576EAE56-4DE8-11DF-A52A-001B24F07EF4" id="576EAE56-4DE8-11DF-A52A-001B24F07EF4">
  <name>Ask500People</name>
  <description>Displays polls and results from Ask500People -- Usage: Tap answer once to select and tap it again to vote.</description>
  <version>1.1</version>
  <play mode="timeout" time="30"/>
  <user type="community" id="CE263D80-EBC7-11DE-9FE8-001E681DFAC2" username="Ihmehlmenn"/>
  <security sendable="true" approval="approved" previewable="true" deletable="true" access="public" virtualable="true" overlay="true"/>
  <rating count="23" value="3.3913"/>
  <thumbnail href="http://s3movies.chumby.com/cdn/xmlthumbnail/F4F64C04-50BF-11DF-813A-001B24F07EF4" contenttype="image/jpeg"/>
  <template href="/xml/configs/576EAE56-4DE8-11DF-A52A-001B24F07EF4" contenttype=""/>
  <category href="http://xml.chumby.com/xapis/catalog/index/57767624-0D88-11DD-9BCD-0030488D0168" name="Community" id="57767624-0D88-11DD-9BCD-0030488D0168"/>
  <movie href="http://s3movies.chumby.com/cdn/xmlmovie/576F9686-4DE8-11DF-A52A-001B24F07EF4" contenttype="application/x-shockwave-flash"/>
  <swfs>
    <swf width="320" microphone="false" kb="false" camera="false" as_version="2" accelerometer="false" previewable="true" content-type="application/x-shockwave-flash" href="http://s3movies.chumby.com/cdn/xmlmovie/576F9686-4DE8-11DF-A52A-001B24F07EF4" fixed_ar="true" swf_version="8" height="240" bgcolor="ffffff" supports_browser="false" pointing="false" resolution="320x240" scalable="false" requires_sound="false"/>
  </swfs>
</widget>
