<?xml version="1.0" encoding="UTF-8"?>
<widget href="/xapis/catalog/widget/B7304E7C-E3B3-11DC-9673-00156009DD9B" id="B7304E7C-E3B3-11DC-9673-00156009DD9B">
  <name>NIXIE Tube Clock - Tubes Only</name>
  <description>NIXIE Tube Clock - Tubes Only. 
Thanks to everyone in the forum for help with this. Widget will be updated soon to fill requests. Virtual Chumby display fixed.</description>
  <version>1.2</version>
  <play mode="timeout" time="15"/>
  <user type="community" id="906EB7B6-30E3-11DC-83E9-0030488E34F8" username="myridom"/>
  <security sendable="true" approval="approved" previewable="true" deletable="true" access="public" virtualable="true" overlay="true"/>
  <rating count="49" value="3.8571"/>
  <thumbnail href="http://s3movies.chumby.com/cdn/xmlthumbnail/B7302BAE-E3B3-11DC-9673-00156009DD9B" contenttype="image/pjpeg"/>
  <template href="/xml/configs/B7304E7C-E3B3-11DC-9673-00156009DD9B" contenttype=""/>
  <category href="http://xml.chumby.com/xapis/catalog/index/EF508B70-2F35-11DB-8753-001372292121" name="Clocks" id="EF508B70-2F35-11DB-8753-001372292121"/>
  <movie href="http://s3movies.chumby.com/cdn/xmlmovie/D28123F2-E4AA-11DC-859E-0016353B0686" contenttype="application/x-shockwave-flash"/>
  <swfs>
    <swf width="320" microphone="false" kb="false" camera="false" as_version="2" accelerometer="false" previewable="true" content-type="application/x-shockwave-flash" href="http://s3movies.chumby.com/cdn/xmlmovie/D28123F2-E4AA-11DC-859E-0016353B0686" fixed_ar="true" swf_version="8" height="240" bgcolor="ffffff" supports_browser="false" pointing="false" resolution="" scalable="false" requires_sound="false"/>
  </swfs>
</widget>
