<?xml version="1.0" encoding="UTF-8"?>
<widget href="/xapis/catalog/widget/9CF7A908-439C-11DD-912C-001B24F07D28" id="9CF7A908-439C-11DD-912C-001B24F07D28">
  <name>Bar Clock</name>
  <description>Retro style bar clock. Neon glows from 5pm to Midnight... if the neon's buzzin' go ahead and pour yourself a tall one.

v2.0: Now choose your neon color! Thanks for the feedback, I'll continue working on customizable features as time allows. </description>
  <version>2.0</version>
  <play mode="timeout" time="30"/>
  <user type="community" id="C16C3788-BC81-11DC-A690-00156009DD9B" username="McConnell"/>
  <security sendable="true" deletable="true" previewable="true" overlay="true" access="public" virtualable="true" approval="approved"/>
  <rating count="116" value="4.2155"/>
  <thumbnail href="http://s3movies.chumby.com/cdn/xmlthumbnail/05D6C7AA-A203-11DD-A676-001B24F07EF4" contenttype="image/jpeg"/>
  <template href="http://s3movies.chumby.com/cdn/xmltemplate/05DB5D56-A203-11DD-A676-001B24F07EF4" contenttype="application/x-shockwave-flash"/>
  <category href="http://xml.chumby.com/xapis/catalog/index/EF508B70-2F35-11DB-8753-001372292121" name="Clocks" id="EF508B70-2F35-11DB-8753-001372292121"/>
  <movie href="http://s3movies.chumby.com/cdn/xmlmovie/052FDAEE-A203-11DD-A676-001B24F07EF4" contenttype="application/x-shockwave-flash"/>
  <swfs>
    <swf width="320" microphone="false" kb="false" camera="false" as_version="2" accelerometer="false" previewable="true" content-type="application/x-shockwave-flash" href="http://s3movies.chumby.com/cdn/xmlmovie/052FDAEE-A203-11DD-A676-001B24F07EF4" fixed_ar="true" swf_version="6" height="240" bgcolor="000000" supports_browser="false" pointing="false" resolution="" scalable="false" requires_sound="false"/>
  </swfs>
</widget>
