<?xml version="1.0" encoding="UTF-8"?>
<widget href="/xapis/catalog/widget/3EAD9D6A-BD3D-11DD-B228-001B24F07EF4" id="3EAD9D6A-BD3D-11DD-B228-001B24F07EF4">
  <name>Fish!</name>
  <description>A simple little fish buddy hangs out on your Chumby.  Touch the screen to try and "call" it.</description>
  <version>1.0</version>
  <play mode="timeout" time="60"/>
  <user type="community" id="5C390ADA-65B9-11DD-8131-001B24F07D28" username="develephant"/>
  <security sendable="true" previewable="false" access="public" approval="approved" virtualable="false" deletable="true" overlay="true"/>
  <rating count="61" value="3.4098"/>
  <thumbnail href="http://s3movies.chumby.com/cdn/xmlthumbnail/3EAD8D66-BD3D-11DD-B228-001B24F07EF4" contenttype="image/jpeg"/>
  <template href="/xml/configs/3EAD9D6A-BD3D-11DD-B228-001B24F07EF4" contenttype=""/>
  <category href="http://xml.chumby.com/xapis/catalog/index/2DAEAFDA-9798-11DB-9563-0030485A78AA" name="Animals" id="2DAEAFDA-9798-11DB-9563-0030485A78AA"/>
  <movie href="http://s3movies.chumby.com/cdn/xmlmovie/3EACFBF8-BD3D-11DD-B228-001B24F07EF4" contenttype="application/x-shockwave-flash"/>
  <swfs>
    <swf width="320" microphone="false" kb="false" camera="false" as_version="2" accelerometer="false" previewable="false" content-type="application/x-shockwave-flash" href="http://s3movies.chumby.com/cdn/xmlmovie/3EACFBF8-BD3D-11DD-B228-001B24F07EF4" fixed_ar="true" swf_version="8" height="240" bgcolor="ffffff" supports_browser="false" pointing="false" resolution="" scalable="false" requires_sound="false"/>
  </swfs>
</widget>
