<?xml version="1.0" encoding="UTF-8"?>
<widget href="/xapis/catalog/widget/53C87742-360E-11DF-A451-001B24F07EF4" id="53C87742-360E-11DF-A451-001B24F07EF4">
  <name>Google Calendar</name>
  <description>View upcoming events on your Google Calendar</description>
  <version>2.8</version>
  <play mode="timeout" time="40"/>
  <user type="chumby" id="00000000-0000-0000-0000-000000000001" username="chumby"/>
  <security sendable="true" approval="approved" previewable="true" deletable="true" access="public" virtualable="true" overlay="true"/>
  <rating count="48" value="3.6042"/>
  <thumbnail href="http://s3movies.chumby.com/cdn/xmlthumbnail/53C82EA4-360E-11DF-A451-001B24F07EF4" contenttype="image/jpeg"/>
  <template href="http://s3movies.chumby.com/cdn/xmltemplate/8863FA36-7D7A-11DF-93DE-001B24E044BE" contenttype="text/xml"/>
  <category href="http://xml.chumby.com/xapis/catalog/index/5E907BD0-2F36-11DB-AF6D-001372292121" name="Calendars" id="5E907BD0-2F36-11DB-AF6D-001372292121"/>
  <movie href="http://s3movies.chumby.com/cdn/xmlmovie/33E721A8-1DB3-11DF-8F13-001B24F07EF4" contenttype="application/x-shockwave-flash" filtered="true"/>
  <swfs>
    <swf width="320" microphone="false" kb="false" camera="false" as_version="2" accelerometer="false" previewable="true" content-type="application/x-shockwave-flash" href="http://s3movies.chumby.com/cdn/xmlmovie/33E721A8-1DB3-11DF-8F13-001B24F07EF4" fixed_ar="true" swf_version="7" height="240" bgcolor="ffffff" supports_browser="false" pointing="false" resolution="" scalable="false" requires_sound="false"/>
  </swfs>
</widget>
