<?xml version="1.0" encoding="UTF-8"?>
<widget href="/xapis/catalog/widget/AF9E893C-4AAE-11DD-BBD0-001E681DFAC2" id="AF9E893C-4AAE-11DD-BBD0-001E681DFAC2">
  <name>Community Canvas</name>
  <description>Come together with other Chumbians to paint a community canvas.  As you make changes others will see them live.  Unleash your inner artist.</description>
  <version>1.0</version>
  <play mode="timeout" time="30"/>
  <user type="community" id="FB6D3B4E-ACBE-11DC-AC8F-001635C47868" username="dominique"/>
  <security approval="approved" sendable="true" deletable="true" previewable="true" access="public" overlay="true" virtualable="true"/>
  <rating count="84" value="4.5301"/>
  <thumbnail href="http://s3movies.chumby.com/cdn/xmlthumbnail/AF9E7532-4AAE-11DD-BBD0-001E681DFAC2" contenttype="image/jpeg"/>
  <template href="/xml/configs/AF9E893C-4AAE-11DD-BBD0-001E681DFAC2" contenttype=""/>
  <category href="http://xml.chumby.com/xapis/catalog/index/57767624-0D88-11DD-9BCD-0030488D0168" name="Community" id="57767624-0D88-11DD-9BCD-0030488D0168"/>
  <movie href="http://s3movies.chumby.com/cdn/xmlmovie/3F657AF2-A3C5-11DD-8610-001E681DFAC2" contenttype="application/x-shockwave-flash"/>
  <swfs>
    <swf width="320" microphone="false" kb="false" camera="false" as_version="2" accelerometer="false" previewable="true" content-type="application/x-shockwave-flash" href="http://s3movies.chumby.com/cdn/xmlmovie/3F657AF2-A3C5-11DD-8610-001E681DFAC2" fixed_ar="false" swf_version="8" height="240" bgcolor="ffffff" supports_browser="false" pointing="false" resolution="" scalable="false" requires_sound="false"/>
  </swfs>
</widget>
