<?xml version="1.0" encoding="UTF-8"?>
<widget href="/xapis/catalog/widget/D57CE11A-4EF1-11DE-AA80-001B24F07EF4" id="D57CE11A-4EF1-11DE-AA80-001B24F07EF4">
  <name>24 Hour Clock</name>
  <description>An analog 24 hour clock. Daytime hours are shown in the upper half (red), nighttime hours are in the lower half (blue). </description>
  <version>1.1</version>
  <play mode="timeout" time="30"/>
  <user type="community" id="8998D7FC-E2F7-11DC-89AC-001635C47868" username="sirchadwick"/>
  <security sendable="true" previewable="true" approval="approved" access="public" deletable="true" virtualable="true" overlay="true"/>
  <rating count="12" value="4.0833"/>
  <thumbnail href="http://s3movies.chumby.com/cdn/xmlthumbnail/7605EA22-4F3E-11DE-8F8F-001B24F07EF4" contenttype="image/jpeg"/>
  <template href="/xml/configs/D57CE11A-4EF1-11DE-AA80-001B24F07EF4" contenttype=""/>
  <category href="http://xml.chumby.com/xapis/catalog/index/EF508B70-2F35-11DB-8753-001372292121" name="Clocks" id="EF508B70-2F35-11DB-8753-001372292121"/>
  <movie href="http://s3movies.chumby.com/cdn/xmlmovie/D57DCB02-4EF1-11DE-AA80-001B24F07EF4" contenttype="application/x-shockwave-flash"/>
  <swfs>
    <swf width="320" microphone="false" kb="false" camera="false" as_version="2" accelerometer="false" previewable="true" content-type="application/x-shockwave-flash" href="http://s3movies.chumby.com/cdn/xmlmovie/D57DCB02-4EF1-11DE-AA80-001B24F07EF4" fixed_ar="true" swf_version="8" height="240" bgcolor="000000" supports_browser="false" pointing="false" resolution="" scalable="false" requires_sound="false"/>
  </swfs>
</widget>
