<?xml version="1.0" encoding="UTF-8"?>
<widget href="/xapis/catalog/widget/F88A106E-876E-11DE-99C1-001B24F07EF4" id="F88A106E-876E-11DE-99C1-001B24F07EF4">
  <name>Daily Rule of Thumb</name>
  <description>a daily Rule of Thumb from RULESofTHUMB.org</description>
  <version>0.03</version>
  <play mode="timeout" time="30"/>
  <user type="community" id="4B3A1E42-144B-11DC-B0E0-0030485B7900" username="djchumby"/>
  <security sendable="true" approval="approved" previewable="true" access="public" deletable="true" virtualable="true" overlay="true"/>
  <rating count="13" value="3.7692"/>
  <thumbnail href="http://s3movies.chumby.com/cdn/xmlthumbnail/B5F77A5E-8771-11DE-8662-001B24F07EF4" contenttype="image/pjpeg"/>
  <template href="/xml/configs/F88A106E-876E-11DE-99C1-001B24F07EF4" contenttype=""/>
  <category href="http://xml.chumby.com/xapis/catalog/index/5E907BD0-2F36-11DB-AF6D-001372292121" name="Calendars" id="5E907BD0-2F36-11DB-AF6D-001372292121"/>
  <movie href="http://s3movies.chumby.com/cdn/xmlmovie/F88B2814-876E-11DE-99C1-001B24F07EF4" contenttype="application/x-shockwave-flash"/>
  <swfs>
    <swf width="320" microphone="false" kb="false" camera="false" as_version="2" accelerometer="false" previewable="true" content-type="application/x-shockwave-flash" href="http://s3movies.chumby.com/cdn/xmlmovie/F88B2814-876E-11DE-99C1-001B24F07EF4" fixed_ar="true" swf_version="8" height="240" bgcolor="000000" supports_browser="false" pointing="false" resolution="" scalable="false" requires_sound="false"/>
  </swfs>
</widget>
