<?xml version="1.0" encoding="UTF-8"?>
<widget href="/xapis/catalog/widget/450E1088-0764-11DE-9BFD-001E681DF646" id="450E1088-0764-11DE-9BFD-001E681DF646">
  <name>Chum Bros: Duck Shoot</name>
  <description>The Chum Bros. carnival has come to town. Stand aside and let the floating ducks entertain you while showing you the current time, or step right up and take aim. Yellow ducks = 1 point, Red ducks = loose a point, ducks with stars will give you an extra shot. You've got six shots, the stars in the bottom banner represent shots remaining. </description>
  <version>1.3</version>
  <play mode="timeout" time="30"/>
  <user type="community" id="C16C3788-BC81-11DC-A690-00156009DD9B" username="McConnell"/>
  <security sendable="true" approval="approved" previewable="true" access="public" deletable="true" virtualable="true" overlay="true"/>
  <rating count="52" value="4.3846"/>
  <thumbnail href="http://s3movies.chumby.com/cdn/xmlthumbnail/A1EDAA3E-0818-11DE-BADB-001E681DFAC2" contenttype="image/jpeg"/>
  <template href="/xml/configs/450E1088-0764-11DE-9BFD-001E681DF646" contenttype=""/>
  <category href="http://xml.chumby.com/xapis/catalog/index/EF508B70-2F35-11DB-8753-001372292121" name="Clocks" id="EF508B70-2F35-11DB-8753-001372292121"/>
  <movie href="http://s3movies.chumby.com/cdn/xmlmovie/31425C44-0845-11DE-9C3B-001B24F07EF4" contenttype="application/x-shockwave-flash"/>
  <swfs>
    <swf width="320" microphone="false" kb="false" camera="false" as_version="2" accelerometer="false" previewable="true" content-type="application/x-shockwave-flash" href="http://s3movies.chumby.com/cdn/xmlmovie/31425C44-0845-11DE-9C3B-001B24F07EF4" fixed_ar="true" swf_version="6" height="240" bgcolor="000000" supports_browser="false" pointing="false" resolution="" scalable="false" requires_sound="false"/>
  </swfs>
</widget>
