<?xml version="1.0" encoding="UTF-8"?>
<widget href="/xapis/catalog/widget/5EACA5C6-2F36-11DB-AF6D-001372292121" id="5EACA5C6-2F36-11DB-AF6D-001372292121">
  <name>Will Return Clock</name>
  <description>Clock imitating a cardboard "Will Return" sign.</description>
  <version>1.2</version>
  <play mode="default" time="30"/>
  <user type="community" id="E818F108-307A-11DB-9A6C-001372292121" username="dmaxwell"/>
  <security sendable="true" approval="approved" previewable="true" access="public" deletable="true" virtualable="true" overlay="true"/>
  <rating count="42" value="3.8571"/>
  <thumbnail href="http://s3movies.chumby.com/cdn/xmlthumbnail/8F907444-1894-11DD-9D69-0030488D0168" contenttype="image/jpeg"/>
  <template href="http://s3movies.chumby.com/cdn/xmltemplate/8F9EB09A-1894-11DD-9D69-0030488D0168" contenttype="text/xml"/>
  <category href="http://xml.chumby.com/xapis/catalog/index/EF508B70-2F35-11DB-8753-001372292121" name="Clocks" id="EF508B70-2F35-11DB-8753-001372292121"/>
  <movie href="http://s3movies.chumby.com/cdn/xmlmovie/8FACE200-1894-11DD-9D69-0030488D0168" contenttype="application/x-shockwave-flash"/>
  <swfs>
    <swf width="320" microphone="false" kb="false" camera="false" as_version="2" accelerometer="false" previewable="true" content-type="application/x-shockwave-flash" href="http://s3movies.chumby.com/cdn/xmlmovie/8FACE200-1894-11DD-9D69-0030488D0168" fixed_ar="false" swf_version="6" height="240" bgcolor="fcf5b4" supports_browser="false" pointing="false" resolution="" scalable="false" requires_sound="false"/>
  </swfs>
</widget>
