<?xml version="1.0" encoding="UTF-8"?>
<widget href="/xapis/catalog/widget/BF627BBA-0BBC-11DE-8BFD-001E681DF646" id="BF627BBA-0BBC-11DE-8BFD-001E681DF646">
  <name>What day is it today?</name>
  <description>This widget shows today's weekday(Japanese and English).

This widget is using "Kokutetsu Houkoumaku Shotai"(&#22269;&#37444;&#26041;&#21521;&#24149;&#26360;&#20307;) as font.
</description>
  <version>1.01</version>
  <play mode="timeout" time="15"/>
  <user type="community" id="8E51FDE6-03BC-11DE-92B3-001E681DFAC2" username="saeki_y"/>
  <security sendable="true" previewable="true" access="public" approval="approved" virtualable="true" deletable="true" overlay="true"/>
  <rating count="7" value="2.7143"/>
  <thumbnail href="http://s3movies.chumby.com/cdn/xmlthumbnail/8EFF364E-0BE8-11DE-8BFD-001E681DF646" contenttype="image/jpeg"/>
  <template href="/xml/configs/BF627BBA-0BBC-11DE-8BFD-001E681DF646" contenttype=""/>
  <category href="http://xml.chumby.com/xapis/catalog/index/EF508B70-2F35-11DB-8753-001372292121" name="Clocks" id="EF508B70-2F35-11DB-8753-001372292121"/>
  <movie href="http://s3movies.chumby.com/cdn/xmlmovie/31A644D2-12B0-11DE-BDCA-001E681DF646" contenttype="application/x-shockwave-flash"/>
  <swfs>
    <swf width="320" microphone="false" kb="false" camera="false" as_version="2" accelerometer="false" previewable="true" content-type="application/x-shockwave-flash" href="http://s3movies.chumby.com/cdn/xmlmovie/31A644D2-12B0-11DE-BDCA-001E681DF646" fixed_ar="true" swf_version="8" height="240" bgcolor="ffffff" supports_browser="false" pointing="false" resolution="" scalable="false" requires_sound="false"/>
  </swfs>
</widget>
