<?xml version="1.0" encoding="UTF-8"?>
<widget href="/xapis/catalog/widget/32829FBA-B48B-11DC-8D28-0016353BC7CC" id="32829FBA-B48B-11DC-8D28-0016353BC7CC">
  <name>Blockbuster Movies in My Q</name>
  <description>List of Blockbuster movies currently in your Queue.</description>
  <version>1.8</version>
  <play mode="timeout" time="30"/>
  <user type="community" id="4445D0A2-7EE3-11DB-974A-00161771249B" username="rgreen103"/>
  <security sendable="true" overlay="true" previewable="true" access="public" virtualable="true" approval="approved" deletable="true"/>
  <rating count="9" value="2.8889"/>
  <thumbnail href="http://s3movies.chumby.com/cdn/xmlthumbnail/E49F6794-7436-11DD-8001-001E681DF646" contenttype="image/jpeg"/>
  <template href="http://s3movies.chumby.com/cdn/xmltemplate/E4A0D49E-7436-11DD-8001-001E681DF646" contenttype="application/x-shockwave-flash"/>
  <category href="http://xml.chumby.com/xapis/catalog/index/175E3A6A-5D3D-11DB-A0DD-0030485A78AA" name="Entertainment" id="175E3A6A-5D3D-11DB-A0DD-0030485A78AA"/>
  <movie href="http://s3movies.chumby.com/cdn/xmlmovie/E494BBD2-7436-11DD-8001-001E681DF646" contenttype="application/x-shockwave-flash"/>
  <swfs>
    <swf width="320" microphone="false" kb="false" camera="false" as_version="2" accelerometer="false" previewable="true" content-type="application/x-shockwave-flash" href="http://s3movies.chumby.com/cdn/xmlmovie/E494BBD2-7436-11DD-8001-001E681DF646" fixed_ar="true" swf_version="8" height="240" bgcolor="ffffff" supports_browser="false" pointing="false" resolution="" scalable="false" requires_sound="false"/>
  </swfs>
</widget>
