<?xml version="1.0" encoding="UTF-8"?>
<widget href="/xapis/catalog/widget/8A2F6936-712F-11DC-A45F-0030485A78AA" id="8A2F6936-712F-11DC-A45F-0030485A78AA">
  <name>Wikipedia's Featured Articles</name>
  <description>Check out the latest featured article from Wikipedia, and scroll around to see previous days.</description>
  <version>2.2</version>
  <play mode="default" time="30"/>
  <user type="chumby" id="00000000-0000-0000-0000-000000000001" username="chumby"/>
  <security sendable="true" approval="approved" previewable="true" deletable="true" access="public" virtualable="true" overlay="true"/>
  <rating count="75" value="3.9867"/>
  <thumbnail href="http://s3movies.chumby.com/cdn/xmlthumbnail/086621CE-8F1B-11DC-8341-0030485A78AA" contenttype="image/jpeg"/>
  <template href="http://s3movies.chumby.com/cdn/xmltemplate/088D0780-8F1B-11DC-8341-0030485A78AA" contenttype="text/xml"/>
  <category href="http://xml.chumby.com/xapis/catalog/index/E130976A-09A5-11DC-8592-0030488E34F8" name="Educational" id="E130976A-09A5-11DC-8592-0030488E34F8"/>
  <movie href="http://s3movies.chumby.com/cdn/xmlmovie/08921BBC-8F1B-11DC-8341-0030485A78AA" contenttype="application/x-shockwave-flash"/>
  <swfs>
    <swf width="320" microphone="false" kb="false" camera="false" as_version="2" accelerometer="false" previewable="true" content-type="application/x-shockwave-flash" href="http://s3movies.chumby.com/cdn/xmlmovie/08921BBC-8F1B-11DC-8341-0030485A78AA" fixed_ar="true" swf_version="8" height="240" bgcolor="666666" supports_browser="false" pointing="false" resolution="" scalable="false" requires_sound="false"/>
  </swfs>
</widget>
