<?xml version="1.0" encoding="UTF-8"?>
<widget href="/xapis/catalog/widget/B5A2CE9A-CD06-11DC-92D5-00156009DD9B" id="B5A2CE9A-CD06-11DC-92D5-00156009DD9B">
  <name>Large digital clock</name>
  <description>Digital clock with large digits, 12/24 hour display, customizable background image and color scheme. Background image, colors and color brightness can be changed using a schedule.</description>
  <version>1.13</version>
  <play mode="timeout" time="60"/>
  <user type="community" id="E31B88D8-BAF2-11DC-AF65-0016353BC7CC" username="clivebutler"/>
  <security sendable="true" overlay="true" previewable="true" access="public" virtualable="true" approval="approved" deletable="true"/>
  <rating count="89" value="4.0"/>
  <thumbnail href="http://s3movies.chumby.com/cdn/xmlthumbnail/AA744E4A-E89A-11DC-8AF7-001635C47868" contenttype="image/jpeg"/>
  <template href="http://s3movies.chumby.com/cdn/xmltemplate/7145BB58-7F38-11E0-8E46-0021288EBF58" contenttype="application/x-shockwave-flash"/>
  <category href="http://xml.chumby.com/xapis/catalog/index/EF508B70-2F35-11DB-8753-001372292121" name="Clocks" id="EF508B70-2F35-11DB-8753-001372292121"/>
  <movie href="http://s3movies.chumby.com/cdn/xmlmovie/140435C0-6B39-11DD-9AFA-001E681DFAC2" contenttype="application/x-shockwave-flash"/>
  <swfs>
    <swf width="320" microphone="false" kb="false" camera="false" as_version="2" accelerometer="false" previewable="true" content-type="application/x-shockwave-flash" href="http://s3movies.chumby.com/cdn/xmlmovie/140435C0-6B39-11DD-9AFA-001E681DFAC2" fixed_ar="true" swf_version="8" height="240" bgcolor="ffffff" supports_browser="false" pointing="false" resolution="" scalable="false" requires_sound="false"/>
  </swfs>
</widget>
