<?xml version="1.0" encoding="UTF-8"?>
<widget href="/xapis/catalog/widget/C9677914-EA32-11DC-8F4A-0016353BC7CC" id="C9677914-EA32-11DC-8F4A-0016353BC7CC">
  <name>UK TV clock - BBC1</name>
  <description>Classic UK TV station clock from the 1980s. Flash clock created by Dave Jeffery and used with his permission. Taken from http://625.uk.com</description>
  <version>1.0</version>
  <play mode="timeout" time="60"/>
  <user type="community" id="41DDC2EC-C5E7-11DC-A5CC-001635C47868" username="gingerbeardman"/>
  <security sendable="true" deletable="true" previewable="false" overlay="true" access="public" virtualable="false" approval="approved"/>
  <rating count="13" value="4.1538"/>
  <thumbnail href="http://s3movies.chumby.com/cdn/xmlthumbnail/C96756AA-EA32-11DC-8F4A-0016353BC7CC" contenttype="image/jpeg"/>
  <template href="/xml/configs/C9677914-EA32-11DC-8F4A-0016353BC7CC" contenttype=""/>
  <category href="http://xml.chumby.com/xapis/catalog/index/EF508B70-2F35-11DB-8753-001372292121" name="Clocks" id="EF508B70-2F35-11DB-8753-001372292121"/>
  <movie href="http://s3movies.chumby.com/cdn/xmlmovie/C966A4A8-EA32-11DC-8F4A-0016353BC7CC" contenttype="application/x-shockwave-flash"/>
  <swfs>
    <swf width="768" microphone="false" kb="false" camera="false" as_version="2" accelerometer="false" previewable="false" content-type="application/x-shockwave-flash" href="http://s3movies.chumby.com/cdn/xmlmovie/C966A4A8-EA32-11DC-8F4A-0016353BC7CC" fixed_ar="true" swf_version="6" height="576" bgcolor="000000" supports_browser="false" pointing="false" resolution="" scalable="false" requires_sound="false"/>
  </swfs>
</widget>
