<?xml version="1.0" encoding="UTF-8"?>
<widget href="/xapis/catalog/widget/8B92B696-0D49-11DD-AFDD-0030488E34F8" id="8B92B696-0D49-11DD-AFDD-0030488E34F8">
  <name>Two Clocks</name>
  <description>Two clocks that you can set different time zones for, and then label them. Choose from several colour schemes, and whether you want the seconds hand to be shown. If anyone wants new colour schemes added, email me via the forums with the RGB colours and theme name. Quizengine.</description>
  <version>1.0</version>
  <play mode="timeout" time="15"/>
  <user type="community" id="832FF9A6-FC18-11DC-AEDD-00156009DD9B" username="quizengine"/>
  <security sendable="true" previewable="true" approval="approved" access="public" deletable="true" virtualable="true" overlay="true"/>
  <rating count="28" value="3.4643"/>
  <thumbnail href="http://s3movies.chumby.com/cdn/xmlthumbnail/B8043ADE-0F0F-11DD-96E6-0030485B75AA" contenttype="image/pjpeg"/>
  <template href="http://s3movies.chumby.com/cdn/xmltemplate/B80D0740-0F0F-11DD-96E6-0030485B75AA" contenttype="application/x-shockwave-flash"/>
  <category href="http://xml.chumby.com/xapis/catalog/index/EF508B70-2F35-11DB-8753-001372292121" name="Clocks" id="EF508B70-2F35-11DB-8753-001372292121"/>
  <movie href="http://s3movies.chumby.com/cdn/xmlmovie/B7F2F7CE-0F0F-11DD-96E6-0030485B75AA" contenttype="application/x-shockwave-flash"/>
  <swfs>
    <swf width="320" microphone="false" kb="false" camera="false" as_version="2" accelerometer="false" previewable="true" content-type="application/x-shockwave-flash" href="http://s3movies.chumby.com/cdn/xmlmovie/B7F2F7CE-0F0F-11DD-96E6-0030485B75AA" fixed_ar="true" swf_version="8" height="240" bgcolor="ffffff" supports_browser="false" pointing="false" resolution="" scalable="false" requires_sound="false"/>
  </swfs>
</widget>
