<?xml version="1.0" encoding="UTF-8"?>
<widget href="/xapis/catalog/widget/EF9474A2-2F35-11DB-8753-001372292121" id="EF9474A2-2F35-11DB-8753-001372292121">
  <name>KZ Band Clock</name>
  <description>Scan for Killer Robots *and* get the time!</description>
  <version>1.0</version>
  <play mode="default" time="15"/>
  <user type="community" id="E818F108-307A-11DB-9A6C-001372292121" username="dmaxwell"/>
  <security sendable="true" overlay="true" previewable="true" access="public" virtualable="true" approval="approved" deletable="true"/>
  <rating count="61" value="3.9672"/>
  <thumbnail href="http://s3movies.chumby.com/cdn/xmlthumbnail/BBC0FB6A-D997-11DC-B110-0016353B4502" contenttype="image/jpeg"/>
  <template href="http://s3movies.chumby.com/cdn/xmltemplate/BBC4D618-D997-11DC-B110-0016353B4502" contenttype="text/xml"/>
  <category href="http://xml.chumby.com/xapis/catalog/index/EF508B70-2F35-11DB-8753-001372292121" name="Clocks" id="EF508B70-2F35-11DB-8753-001372292121"/>
  <movie href="http://s3movies.chumby.com/cdn/xmlmovie/BBC731F6-D997-11DC-B110-0016353B4502" contenttype="application/x-shockwave-flash"/>
  <swfs>
    <swf width="320" microphone="false" kb="false" camera="false" as_version="2" accelerometer="false" previewable="true" content-type="application/x-shockwave-flash" href="http://s3movies.chumby.com/cdn/xmlmovie/BBC731F6-D997-11DC-B110-0016353B4502" fixed_ar="false" swf_version="6" height="240" bgcolor="000000" supports_browser="false" pointing="false" resolution="" scalable="false" requires_sound="false"/>
  </swfs>
</widget>
