<?xml version="1.0" encoding="UTF-8"?>
<widget href="/xapis/catalog/widget/25F7907E-113C-11DF-B0AF-001E681DF646" id="25F7907E-113C-11DF-B0AF-001E681DF646">
  <name>Clock-Matix-Chumby</name>
  <description>Touch the screen to change color of Clock Matix Chumby</description>
  <version>1.1</version>
  <play mode="timeout" time="60"/>
  <user type="community" id="497ECEE0-FA53-11DE-90CD-001B24F07EF4" username="paulo0freitas"/>
  <security sendable="true" overlay="true" previewable="true" access="public" virtualable="true" approval="approved" deletable="true"/>
  <rating count="35" value="3.7429"/>
  <thumbnail href="http://s3movies.chumby.com/cdn/xmlthumbnail/25F74150-113C-11DF-B0AF-001E681DF646" contenttype="image/jpeg"/>
  <template href="/xml/configs/25F7907E-113C-11DF-B0AF-001E681DF646" contenttype=""/>
  <category href="http://xml.chumby.com/xapis/catalog/index/EF508B70-2F35-11DB-8753-001372292121" name="Clocks" id="EF508B70-2F35-11DB-8753-001372292121"/>
  <movie href="http://s3movies.chumby.com/cdn/xmlmovie/25F7D9EE-113C-11DF-B0AF-001E681DF646" contenttype="application/x-shockwave-flash"/>
  <swfs>
    <swf width="320" microphone="false" kb="false" camera="false" as_version="2" accelerometer="false" previewable="true" content-type="application/x-shockwave-flash" href="http://s3movies.chumby.com/cdn/xmlmovie/25F7D9EE-113C-11DF-B0AF-001E681DF646" fixed_ar="true" swf_version="8" height="240" bgcolor="000000" supports_browser="false" pointing="false" resolution="" scalable="false" requires_sound="false"/>
  </swfs>
</widget>
