<?xml version="1.0" encoding="UTF-8"?>
<widget href="/xapis/catalog/widget/7C8D96E6-4FAD-11DE-A23E-001B24F07EF4" id="7C8D96E6-4FAD-11DE-A23E-001B24F07EF4">
  <name>24 Hour Pie Clock</name>
  <description>24 hour pie clock: Showing two concentric circles, an inner one for 1-12 o'clock and an outer one for 13-24 o'clock. The latest piece fills up as the hour progresses. </description>
  <version>1.3</version>
  <play mode="timeout" time="30"/>
  <user type="community" id="8998D7FC-E2F7-11DC-89AC-001635C47868" username="sirchadwick"/>
  <security sendable="true" deletable="true" previewable="true" overlay="true" access="public" virtualable="true" approval="approved"/>
  <rating count="10" value="3.7"/>
  <thumbnail href="http://s3movies.chumby.com/cdn/xmlthumbnail/54AE1798-4FAF-11DE-99E0-001E681DF646" contenttype="image/jpeg"/>
  <template href="/xml/configs/7C8D96E6-4FAD-11DE-A23E-001B24F07EF4" contenttype=""/>
  <category href="http://xml.chumby.com/xapis/catalog/index/EF508B70-2F35-11DB-8753-001372292121" name="Clocks" id="EF508B70-2F35-11DB-8753-001372292121"/>
  <movie href="http://s3movies.chumby.com/cdn/xmlmovie/7C8E7B2E-4FAD-11DE-A23E-001B24F07EF4" contenttype="application/x-shockwave-flash"/>
  <swfs>
    <swf width="320" microphone="false" kb="false" camera="false" as_version="2" accelerometer="false" previewable="true" content-type="application/x-shockwave-flash" href="http://s3movies.chumby.com/cdn/xmlmovie/7C8E7B2E-4FAD-11DE-A23E-001B24F07EF4" fixed_ar="true" swf_version="8" height="240" bgcolor="000000" supports_browser="false" pointing="false" resolution="" scalable="false" requires_sound="false"/>
  </swfs>
</widget>
