<?xml version="1.0" encoding="UTF-8"?>
<widget href="/xapis/catalog/widget/AD98EC6C-D867-11DD-8343-001E681DF646" id="AD98EC6C-D867-11DD-8343-001E681DF646">
  <name>Scenic Route</name>
  <description>You've got 30 seconds to travel from the starting red square to the black X, taking the longest route you can find - If you make it to the X before the time is up you get 1 bonus point per second left on the clock. If you squish the critters points will be deducted (3 points for a roo, 2 points for a koala, and 2 points for an echidna). You can still complete the level even if the clock runs out - you just miss out on the bonus points, but that's part of the strategy you might get more points on the board by spending less points on the clock. Don't worry, if you get distracted by the kids, you can come back to it later, Scenic Route remembers what level you were on even after Chumby cycles widgets. Make your way through all 10 levels and see if you can beet my personal best score of 600</description>
  <version>1.0</version>
  <play mode="timeout" time="30"/>
  <user type="community" id="8A624844-B1E6-11DD-8266-001E681DF646" username="Freman"/>
  <security sendable="true" previewable="true" access="public" approval="approved" virtualable="true" deletable="true" overlay="true"/>
  <rating count="19" value="2.3158"/>
  <thumbnail href="http://s3movies.chumby.com/cdn/xmlthumbnail/AD98DC40-D867-11DD-8343-001E681DF646" contenttype="image/jpeg"/>
  <template href="/xml/configs/AD98EC6C-D867-11DD-8343-001E681DF646" contenttype=""/>
  <category href="http://xml.chumby.com/xapis/catalog/index/8A3F7906-B75C-11DD-8466-001E681DF646" name="Australian" id="8A3F7906-B75C-11DD-8466-001E681DF646"/>
  <movie href="http://s3movies.chumby.com/cdn/xmlmovie/3E8232C4-DBCE-11DD-88C9-001B24F07EF4" contenttype="application/x-shockwave-flash"/>
  <swfs>
    <swf width="320" microphone="false" kb="false" camera="false" as_version="2" accelerometer="false" previewable="true" content-type="application/x-shockwave-flash" href="http://s3movies.chumby.com/cdn/xmlmovie/3E8232C4-DBCE-11DD-88C9-001B24F07EF4" fixed_ar="true" swf_version="8" height="240" bgcolor="ffffff" supports_browser="false" pointing="false" resolution="" scalable="false" requires_sound="false"/>
  </swfs>
</widget>
