<?xml version="1.0" encoding="UTF-8"?>
<widget href="/xapis/catalog/widget/69A7C26E-2F13-11DE-BDE0-001E681DF646" id="69A7C26E-2F13-11DE-BDE0-001E681DF646">
  <name>chumbiTunes - iTunes Remote</name>
  <description>A Chumby-sized remote for what is playing on any iTunes in your house. To use this widget, you will need server software. More information and a free version for mac &amp; windows here: http://tinyurl.com/chumbiTunes</description>
  <version>0.80</version>
  <play mode="timeout" time="60"/>
  <user type="community" id="66F2FA0C-837F-11DC-8649-0030488CBE0D" username="jforsythe"/>
  <security sendable="true" approval="approved" previewable="true" access="public" deletable="true" virtualable="true" overlay="true"/>
  <rating count="55" value="3.4364"/>
  <thumbnail href="http://s3movies.chumby.com/cdn/xmlthumbnail/CD91E9C8-4E8D-11DE-B24C-001B24F07EF4" contenttype="image/jpeg"/>
  <template href="http://s3movies.chumby.com/cdn/xmltemplate/84195A0A-4FC9-11DE-B1FF-001E681DF646" contenttype="application/x-shockwave-flash"/>
  <category href="http://xml.chumby.com/xapis/catalog/index/175E3A6A-5D3D-11DB-A0DD-0030485A78AA" name="Entertainment" id="175E3A6A-5D3D-11DB-A0DD-0030485A78AA"/>
  <movie href="http://s3movies.chumby.com/cdn/xmlmovie/69A817D2-2F13-11DE-BDE0-001E681DF646" contenttype="application/x-shockwave-flash"/>
  <swfs>
    <swf width="320" microphone="false" kb="false" camera="false" as_version="2" accelerometer="false" previewable="true" content-type="application/x-shockwave-flash" href="http://s3movies.chumby.com/cdn/xmlmovie/69A817D2-2F13-11DE-BDE0-001E681DF646" fixed_ar="true" swf_version="8" height="240" bgcolor="666666" supports_browser="false" pointing="false" resolution="" scalable="false" requires_sound="false"/>
  </swfs>
</widget>
