<?xml version="1.0" encoding="UTF-8"?>
<widget href="/xapis/catalog/widget/A990121A-DACB-11DD-A43B-001B24F07EF4" id="A990121A-DACB-11DD-A43B-001B24F07EF4">
  <name>Triple J Music News</name>
  <description>An RSS feed of music news headlines from  radio station Triple J. Touch screen to pause on article for 10 seconds.</description>
  <version>1.0</version>
  <play mode="timeout" time="15"/>
  <user type="community" id="105B5CEC-C128-11DD-8BB2-001E681DFAC2" username="greymatr"/>
  <security sendable="true" approval="approved" previewable="true" access="public" deletable="true" virtualable="true" overlay="true"/>
  <rating count="16" value="1.4375"/>
  <thumbnail href="http://s3movies.chumby.com/cdn/xmlthumbnail/A99001D0-DACB-11DD-A43B-001B24F07EF4" contenttype="image/jpeg"/>
  <template href="/xml/configs/A990121A-DACB-11DD-A43B-001B24F07EF4" contenttype=""/>
  <category href="http://xml.chumby.com/xapis/catalog/index/8A3F7906-B75C-11DD-8466-001E681DF646" name="Australian" id="8A3F7906-B75C-11DD-8466-001E681DF646"/>
  <movie href="http://s3movies.chumby.com/cdn/xmlmovie/A98F82BE-DACB-11DD-A43B-001B24F07EF4" contenttype="application/x-shockwave-flash"/>
  <swfs>
    <swf width="320" microphone="false" kb="false" camera="false" as_version="2" accelerometer="false" previewable="true" content-type="application/x-shockwave-flash" href="http://s3movies.chumby.com/cdn/xmlmovie/A98F82BE-DACB-11DD-A43B-001B24F07EF4" fixed_ar="false" swf_version="8" height="240" bgcolor="ffffff" supports_browser="false" pointing="false" resolution="" scalable="false" requires_sound="false"/>
  </swfs>
</widget>
