<?xml version="1.0" encoding="UTF-8"?>
<widget href="/xapis/catalog/widget/CEA2FDDA-90B9-11DD-B2C1-001B24F07D28" id="CEA2FDDA-90B9-11DD-B2C1-001B24F07D28">
  <name>MasterClock</name>
  <description>This app isn't a clock by itself, but it loads other clocks from chumby.com and shows them. I have tiled the screen into a grid of 3x3 squares and if you move your finger from one square to another you can select the clock you want to see. For example: Move from bottom right to top left and you will see a "black and white"-clock. Move from top left to middle left you can see the big-ben clock... This way you can reach 72 clocks, each just with a short touch of the screen. A random clock is chosen to begin with each time the app loads.

I don't know if that is useful for anyone else, but I thought it's a funny way to switch apps and once you know the positions of your favorite clocks it seams like a little bit of magic - at least to me ;) - originally by theBoatman
</description>
  <version>0.01</version>
  <play mode="timeout" time="60"/>
  <user type="community" id="4B3A1E42-144B-11DC-B0E0-0030485B7900" username="djchumby"/>
  <security sendable="true" approval="approved" previewable="true" access="public" deletable="true" virtualable="true" overlay="true"/>
  <rating count="28" value="3.8214"/>
  <thumbnail href="http://s3movies.chumby.com/cdn/xmlthumbnail/CEA2ED2C-90B9-11DD-B2C1-001B24F07D28" contenttype="image/jpeg"/>
  <template href="/xml/configs/CEA2FDDA-90B9-11DD-B2C1-001B24F07D28" contenttype=""/>
  <category href="http://xml.chumby.com/xapis/catalog/index/EF508B70-2F35-11DB-8753-001372292121" name="Clocks" id="EF508B70-2F35-11DB-8753-001372292121"/>
  <movie href="http://s3movies.chumby.com/cdn/xmlmovie/CEA20876-90B9-11DD-B2C1-001B24F07D28" contenttype="application/x-shockwave-flash"/>
  <swfs>
    <swf width="320" microphone="false" kb="false" camera="false" as_version="2" accelerometer="false" previewable="true" content-type="application/x-shockwave-flash" href="http://s3movies.chumby.com/cdn/xmlmovie/CEA20876-90B9-11DD-B2C1-001B24F07D28" fixed_ar="true" swf_version="8" height="240" bgcolor="000000" supports_browser="false" pointing="false" resolution="" scalable="false" requires_sound="false"/>
  </swfs>
</widget>
