<?xml version="1.0" encoding="UTF-8"?>
<widget href="/xapis/catalog/widget/838B7180-E5C7-11DC-AE3F-0016353BC7CC" id="838B7180-E5C7-11DC-AE3F-0016353BC7CC">
  <name>Iris Clock</name>
  <description>An ultra close photo of my iris with a clock in the middle.  I'll be watching you while you sleep.</description>
  <version>1.0</version>
  <play mode="timeout" time="30"/>
  <user type="community" id="403C9692-DDE4-11DC-85BC-0016353BC7CC" username="davidharpe"/>
  <security approval="approved" sendable="true" deletable="true" previewable="true" access="public" overlay="true" virtualable="true"/>
  <rating count="15" value="3.8"/>
  <thumbnail href="http://s3movies.chumby.com/cdn/xmlthumbnail/838B49DA-E5C7-11DC-AE3F-0016353BC7CC" contenttype="image/jpeg"/>
  <template href="/xml/configs/838B7180-E5C7-11DC-AE3F-0016353BC7CC" contenttype=""/>
  <category href="http://xml.chumby.com/xapis/catalog/index/EF508B70-2F35-11DB-8753-001372292121" name="Clocks" id="EF508B70-2F35-11DB-8753-001372292121"/>
  <movie href="http://s3movies.chumby.com/cdn/xmlmovie/83880C02-E5C7-11DC-AE3F-0016353BC7CC" contenttype="application/x-shockwave-flash"/>
  <swfs>
    <swf width="320" microphone="false" kb="false" camera="false" as_version="2" accelerometer="false" previewable="true" content-type="application/x-shockwave-flash" href="http://s3movies.chumby.com/cdn/xmlmovie/83880C02-E5C7-11DC-AE3F-0016353BC7CC" fixed_ar="true" swf_version="8" height="240" bgcolor="ffffff" supports_browser="false" pointing="false" resolution="" scalable="false" requires_sound="false"/>
  </swfs>
</widget>
