<?xml version="1.0" encoding="UTF-8"?>
<widget href="/xapis/catalog/widget/E1900524-5A7A-11DE-8CAA-001B24F07EF4" id="E1900524-5A7A-11DE-8CAA-001B24F07EF4">
  <name>CesareClock</name>
  <description>This is a pretty original clock. It runs backwards and tell the day of Cesare...</description>
  <version>1.0</version>
  <play mode="timeout" time="30"/>
  <user type="community" id="0C1FD026-0D82-11DE-A515-001E681DFAC2" username="mchnnc"/>
  <security sendable="true" approval="approved" previewable="true" access="public" deletable="true" virtualable="true" overlay="true"/>
  <rating count="4" value="3.75"/>
  <thumbnail href="http://s3movies.chumby.com/cdn/xmlthumbnail/E18FCDF2-5A7A-11DE-8CAA-001B24F07EF4" contenttype="image/jpeg"/>
  <template href="/xml/configs/E1900524-5A7A-11DE-8CAA-001B24F07EF4" contenttype=""/>
  <category href="http://xml.chumby.com/xapis/catalog/index/EF508B70-2F35-11DB-8753-001372292121" name="Clocks" id="EF508B70-2F35-11DB-8753-001372292121"/>
  <movie href="http://s3movies.chumby.com/cdn/xmlmovie/E190EDD6-5A7A-11DE-8CAA-001B24F07EF4" contenttype="application/x-shockwave-flash"/>
  <swfs>
    <swf width="320" microphone="false" kb="false" camera="false" as_version="2" accelerometer="false" previewable="true" content-type="application/x-shockwave-flash" href="http://s3movies.chumby.com/cdn/xmlmovie/E190EDD6-5A7A-11DE-8CAA-001B24F07EF4" fixed_ar="true" swf_version="8" height="240" bgcolor="000000" supports_browser="false" pointing="false" resolution="" scalable="false" requires_sound="false"/>
  </swfs>
</widget>
