<?xml version="1.0" encoding="UTF-8"?>
<widget href="/xapis/catalog/widget/9A1D52DE-08F7-11DE-8B89-001E681DF646" id="9A1D52DE-08F7-11DE-8B89-001E681DF646">
  <name>Kotaku: The Gamer's Guide</name>
  <description>The latest in gaming news and opinions!</description>
  <version>3.0.1</version>
  <play mode="default" time="30"/>
  <user type="chumby" id="00000000-0000-0000-0000-000000000001" username="chumby"/>
  <security sendable="true" deletable="true" previewable="true" overlay="true" access="public" virtualable="true" approval="approved"/>
  <rating count="24" value="3.7917"/>
  <thumbnail href="http://s3movies.chumby.com/cdn/xmlthumbnail/9A1D3B00-08F7-11DE-8B89-001E681DF646" contenttype="image/jpeg"/>
  <template href="http://s3movies.chumby.com/cdn/xmltemplate/CC64F0B6-BAA4-11DF-A614-001B24E044BE" contenttype="text/xml"/>
  <category href="http://xml.chumby.com/xapis/catalog/index/175E3A6A-5D3D-11DB-A0DD-0030485A78AA" name="Entertainment" id="175E3A6A-5D3D-11DB-A0DD-0030485A78AA"/>
  <movie href="http://s3movies.chumby.com/cdn/xmlmovie/E90870B6-0921-11DE-8B89-001E681DF646" contenttype="application/x-shockwave-flash"/>
  <swfs>
    <swf width="320" microphone="false" kb="false" camera="false" as_version="2" accelerometer="false" previewable="true" content-type="application/x-shockwave-flash" href="http://s3movies.chumby.com/cdn/xmlmovie/E90870B6-0921-11DE-8B89-001E681DF646" fixed_ar="false" swf_version="8" height="240" bgcolor="ffffff" supports_browser="false" pointing="false" resolution="" scalable="false" requires_sound="false"/>
  </swfs>
</widget>
