<?xml version="1.0" encoding="UTF-8"?>
<widget href="/xapis/catalog/widget/95BA7E0C-3533-11DE-831C-001E681DFAC2" id="95BA7E0C-3533-11DE-831C-001E681DFAC2">
  <name>Hey Hey! Tweak Today! </name>
  <description>Latest missions accomplished from the www.tweaktoday.com community. feedback/suggestions always welcome</description>
  <version>1.0</version>
  <play mode="timeout" time="45"/>
  <user type="community" id="AFA0FC5C-0DFA-11DE-AA9C-001E681DF646" username="inspired12"/>
  <security sendable="true" previewable="true" approval="approved" access="public" deletable="true" virtualable="true" overlay="true"/>
  <rating count="8" value="3.375"/>
  <thumbnail href="http://s3movies.chumby.com/cdn/xmlthumbnail/1F6B4486-3545-11DE-A1D7-001E681DF646" contenttype="image/jpeg"/>
  <template href="/xml/configs/95BA7E0C-3533-11DE-831C-001E681DFAC2" contenttype=""/>
  <category href="http://xml.chumby.com/xapis/catalog/index/57767624-0D88-11DD-9BCD-0030488D0168" name="Community" id="57767624-0D88-11DD-9BCD-0030488D0168"/>
  <movie href="http://s3movies.chumby.com/cdn/xmlmovie/95BAB066-3533-11DE-831C-001E681DFAC2" contenttype="application/x-shockwave-flash"/>
  <swfs>
    <swf width="320" microphone="false" kb="false" camera="false" as_version="2" accelerometer="false" previewable="true" content-type="application/x-shockwave-flash" href="http://s3movies.chumby.com/cdn/xmlmovie/95BAB066-3533-11DE-831C-001E681DFAC2" fixed_ar="true" swf_version="6" height="240" bgcolor="ffffff" supports_browser="false" pointing="false" resolution="" scalable="false" requires_sound="false"/>
  </swfs>
</widget>
