<?xml version="1.0" encoding="UTF-8"?>
<widget href="/xapis/catalog/widget/2357217C-0F36-11DD-8E8F-0030485B7900" id="2357217C-0F36-11DD-8E8F-0030485B7900">
  <name>Pirate Clock</name>
  <description>Clock has been updated with countdown to 'talk like a pirate day' along with glowing red eyes during pirate time. (that's around 8:20 to you, matey). Thanks again to gingerbeardman for the help with the code.</description>
  <version>2.0</version>
  <play mode="timeout" time="15"/>
  <user type="community" id="C16C3788-BC81-11DC-A690-00156009DD9B" username="McConnell"/>
  <security sendable="true" previewable="true" approval="approved" access="public" deletable="true" virtualable="true" overlay="true"/>
  <rating count="23" value="3.2609"/>
  <thumbnail href="http://s3movies.chumby.com/cdn/xmlthumbnail/605856F2-381E-11DD-9269-001B24F07D28" contenttype="image/jpeg"/>
  <template href="/xml/configs/2357217C-0F36-11DD-8E8F-0030485B7900" contenttype=""/>
  <category href="http://xml.chumby.com/xapis/catalog/index/EF508B70-2F35-11DB-8753-001372292121" name="Clocks" id="EF508B70-2F35-11DB-8753-001372292121"/>
  <movie href="http://s3movies.chumby.com/cdn/xmlmovie/60536458-381E-11DD-9269-001B24F07D28" contenttype="application/x-shockwave-flash"/>
  <swfs>
    <swf width="320" microphone="false" kb="false" camera="false" as_version="2" accelerometer="false" previewable="true" content-type="application/x-shockwave-flash" href="http://s3movies.chumby.com/cdn/xmlmovie/60536458-381E-11DD-9269-001B24F07D28" fixed_ar="false" swf_version="8" height="240" bgcolor="000000" supports_browser="false" pointing="false" resolution="" scalable="false" requires_sound="false"/>
  </swfs>
</widget>
