<?xml version="1.0" encoding="UTF-8"?>
<widget href="/xapis/catalog/widget/119B634A-9364-11DE-ABE5-001B24F07EF4" id="119B634A-9364-11DE-ABE5-001B24F07EF4">
  <name>FU, Penguin (mature)</name>
  <description>A blog telling cute animals what's what.</description>
  <version>1.0</version>
  <play mode="timeout" time="15"/>
  <mature>true</mature>
  <user type="community" id="FAE524F6-CCFF-11DB-AD70-00161771248C" username="howdog"/>
  <security sendable="true" approval="approved" previewable="true" access="public" deletable="true" virtualable="true" overlay="true"/>
  <rating count="16" value="3.3125"/>
  <thumbnail href="http://s3movies.chumby.com/cdn/xmlthumbnail/119B2D80-9364-11DE-ABE5-001B24F07EF4" contenttype="image/jpeg"/>
  <template href="/xml/configs/119B634A-9364-11DE-ABE5-001B24F07EF4" contenttype=""/>
  <category href="http://xml.chumby.com/xapis/catalog/index/2DAEAFDA-9798-11DB-9563-0030485A78AA" name="Animals" id="2DAEAFDA-9798-11DB-9563-0030485A78AA"/>
  <movie href="http://s3movies.chumby.com/cdn/xmlmovie/119B9842-9364-11DE-ABE5-001B24F07EF4" contenttype="application/x-shockwave-flash"/>
  <swfs>
    <swf width="320" microphone="false" kb="false" camera="false" as_version="2" accelerometer="false" previewable="true" content-type="application/x-shockwave-flash" href="http://s3movies.chumby.com/cdn/xmlmovie/119B9842-9364-11DE-ABE5-001B24F07EF4" fixed_ar="true" swf_version="8" height="240" bgcolor="000000" supports_browser="false" pointing="false" resolution="" scalable="false" requires_sound="false"/>
  </swfs>
</widget>
