<?xml version="1.0" encoding="UTF-8"?>
<widget href="/xapis/catalog/widget/9E3F2ACC-7B9A-11DC-8649-0030488CBE0D" id="9E3F2ACC-7B9A-11DC-8649-0030488CBE0D">
  <name>Fortune Cookie</name>
  <description>Get your fortune without dinner.</description>
  <version>1.0</version>
  <play mode="timeout" time="15"/>
  <user type="community" id="17512362-7B95-11DC-8649-0030488CBE0D" username="blanius"/>
  <security sendable="true" approval="approved" previewable="true" access="public" deletable="true" virtualable="true" overlay="true"/>
  <rating count="36" value="3.3611"/>
  <thumbnail href="http://s3movies.chumby.com/cdn/xmlthumbnail/9E3E5804-7B9A-11DC-8649-0030488CBE0D" contenttype="image/jpeg"/>
  <template href="/xml/configs/9E3F2ACC-7B9A-11DC-8649-0030488CBE0D" contenttype=""/>
  <category href="http://xml.chumby.com/xapis/catalog/index/175E3A6A-5D3D-11DB-A0DD-0030485A78AA" name="Entertainment" id="175E3A6A-5D3D-11DB-A0DD-0030485A78AA"/>
  <movie href="http://s3movies.chumby.com/cdn/xmlmovie/9E2C4AB0-7B9A-11DC-8649-0030488CBE0D" contenttype="application/x-shockwave-flash"/>
  <swfs>
    <swf width="320" microphone="false" kb="false" camera="false" as_version="2" accelerometer="false" previewable="true" content-type="application/x-shockwave-flash" href="http://s3movies.chumby.com/cdn/xmlmovie/9E2C4AB0-7B9A-11DC-8649-0030488CBE0D" fixed_ar="true" swf_version="8" height="240" bgcolor="ffffff" supports_browser="false" pointing="false" resolution="" scalable="false" requires_sound="false"/>
  </swfs>
</widget>
