<?xml version="1.0" encoding="UTF-8"?>
<widget href="/xapis/catalog/widget/99896D62-5AF6-11DD-B04C-001E681DF646" id="99896D62-5AF6-11DD-B04C-001E681DF646">
  <name>Jake's Poltergeist</name>
  <description>Who says you can't do animated effects on a Chumby? Poltergeist is a screensaver.
Tapping makes it freak out! Choose your own colors! Feedback welcome.</description>
  <version>1.1</version>
  <play mode="timeout" time="45"/>
  <user type="community" id="0A828F20-57FB-11DD-908E-001B24F07D28" username="jacdx"/>
  <security sendable="true" approval="approved" previewable="true" access="public" deletable="true" virtualable="true" overlay="true"/>
  <rating count="25" value="3.04"/>
  <thumbnail href="http://s3movies.chumby.com/cdn/xmlthumbnail/99895A8E-5AF6-11DD-B04C-001E681DF646" contenttype="image/jpeg"/>
  <template href="http://s3movies.chumby.com/cdn/xmltemplate/5C4A1D02-5B7D-11DD-B04C-001E681DF646" contenttype="application/x-shockwave-flash"/>
  <category href="http://xml.chumby.com/xapis/catalog/index/AC50ADA4-4088-11DC-B053-0030485A78AA" name="Animation" id="AC50ADA4-4088-11DC-B053-0030485A78AA"/>
  <movie href="http://s3movies.chumby.com/cdn/xmlmovie/D9BACD74-5B80-11DD-B04C-001E681DF646" contenttype="application/x-shockwave-flash"/>
  <swfs>
    <swf width="320" microphone="false" kb="false" camera="false" as_version="2" accelerometer="false" previewable="true" content-type="application/x-shockwave-flash" href="http://s3movies.chumby.com/cdn/xmlmovie/D9BACD74-5B80-11DD-B04C-001E681DF646" fixed_ar="true" swf_version="6" height="240" bgcolor="29447a" supports_browser="false" pointing="false" resolution="" scalable="false" requires_sound="false"/>
  </swfs>
</widget>
