<?xml version="1.0" encoding="UTF-8"?>
<widget href="/xapis/catalog/widget/955C6E6E-F189-11DC-8F4A-0016353BC7CC" id="955C6E6E-F189-11DC-8F4A-0016353BC7CC">
  <name>H.P. Lovecraft Clock</name>
  <description>A simple digital clock featuring selected quotes from the American author.</description>
  <version>1.5</version>
  <play mode="timeout" time="15"/>
  <user type="community" id="04E7DCD6-F069-11DC-8F4A-0016353BC7CC" username="cjkarr"/>
  <security sendable="true" previewable="true" access="public" approval="approved" virtualable="true" deletable="true" overlay="true"/>
  <rating count="6" value="3.1667"/>
  <thumbnail href="http://s3movies.chumby.com/cdn/xmlthumbnail/9EB4AD26-F18B-11DC-A3D2-001635C47868" contenttype="image/jpeg"/>
  <template href="/xml/configs/955C6E6E-F189-11DC-8F4A-0016353BC7CC" contenttype=""/>
  <category href="http://xml.chumby.com/xapis/catalog/index/EF508B70-2F35-11DB-8753-001372292121" name="Clocks" id="EF508B70-2F35-11DB-8753-001372292121"/>
  <movie href="http://s3movies.chumby.com/cdn/xmlmovie/1C1020C8-F292-11DC-BFF1-00156009DD9B" contenttype="application/x-shockwave-flash"/>
  <swfs>
    <swf width="320" microphone="false" kb="false" camera="false" as_version="2" accelerometer="false" previewable="true" content-type="application/x-shockwave-flash" href="http://s3movies.chumby.com/cdn/xmlmovie/1C1020C8-F292-11DC-BFF1-00156009DD9B" fixed_ar="false" swf_version="8" height="240" bgcolor="292929" supports_browser="false" pointing="false" resolution="" scalable="false" requires_sound="false"/>
  </swfs>
</widget>
