<?xml version="1.0" encoding="UTF-8"?>
<widget href="/xapis/catalog/widget/3E23E612-FE2B-11DE-A217-001E681DF646" id="3E23E612-FE2B-11DE-A217-001E681DF646">
  <name>Katamari Clock</name>
  <description>This clock was inspired by the game Beautiful Katamari.  Artwork provided my  daughter who loves the game.</description>
  <version>1.1</version>
  <play mode="timeout" time="20"/>
  <user type="community" id="A1C41E36-EB6A-11DE-AFD0-001B24F07EF4" username="bryanchumby"/>
  <security approval="approved" sendable="true" deletable="true" previewable="true" access="public" overlay="true" virtualable="true"/>
  <rating count="12" value="1.3333"/>
  <thumbnail href="http://s3movies.chumby.com/cdn/xmlthumbnail/3E239F7C-FE2B-11DE-A217-001E681DF646" contenttype="image/jpeg"/>
  <template href="/xml/configs/3E23E612-FE2B-11DE-A217-001E681DF646" contenttype=""/>
  <category href="http://xml.chumby.com/xapis/catalog/index/EF508B70-2F35-11DB-8753-001372292121" name="Clocks" id="EF508B70-2F35-11DB-8753-001372292121"/>
  <movie href="http://s3movies.chumby.com/cdn/xmlmovie/3E24386A-FE2B-11DE-A217-001E681DF646" contenttype="application/x-shockwave-flash"/>
  <swfs>
    <swf width="320" microphone="false" kb="false" camera="false" as_version="2" accelerometer="false" previewable="true" content-type="application/x-shockwave-flash" href="http://s3movies.chumby.com/cdn/xmlmovie/3E24386A-FE2B-11DE-A217-001E681DF646" fixed_ar="false" swf_version="7" height="240" bgcolor="f6f4f9" supports_browser="false" pointing="false" resolution="" scalable="false" requires_sound="false"/>
  </swfs>
</widget>
