<?xml version="1.0" encoding="UTF-8"?>
<widget href="/xapis/catalog/widget/F8919256-CD40-11DC-8B99-001635C47868" id="F8919256-CD40-11DC-8B99-001635C47868">
  <name>canela1</name>
  <description>do double g</description>
  <version>1.0</version>
  <play mode="timeout" time="20"/>
  <user type="community" id="89145734-9C35-11DB-9C9C-00161771248C" username="kwall50"/>
  <security sendable="true" deletable="true" previewable="true" overlay="true" access="public" virtualable="true" approval="approved"/>
  <rating count="22" value="2.0"/>
  <thumbnail href="http://s3movies.chumby.com/cdn/xmlthumbnail/F89171AE-CD40-11DC-8B99-001635C47868" contenttype="image/jpeg"/>
  <template href="/xml/configs/F8919256-CD40-11DC-8B99-001635C47868" contenttype=""/>
  <category href="http://xml.chumby.com/xapis/catalog/index/2DAEAFDA-9798-11DB-9563-0030485A78AA" name="Animals" id="2DAEAFDA-9798-11DB-9563-0030485A78AA"/>
  <movie href="http://s3movies.chumby.com/cdn/xmlmovie/F88BB534-CD40-11DC-8B99-001635C47868" contenttype="application/x-shockwave-flash"/>
  <swfs>
    <swf width="320" microphone="false" kb="false" camera="false" as_version="2" accelerometer="false" previewable="true" content-type="application/x-shockwave-flash" href="http://s3movies.chumby.com/cdn/xmlmovie/F88BB534-CD40-11DC-8B99-001635C47868" fixed_ar="true" swf_version="8" height="240" bgcolor="ffffff" supports_browser="false" pointing="false" resolution="" scalable="false" requires_sound="false"/>
  </swfs>
</widget>
