<?xml version="1.0" encoding="UTF-8"?>
<widget href="/xapis/catalog/widget/23669224-B1FB-11DE-93A6-001B24F07EF4" id="23669224-B1FB-11DE-93A6-001B24F07EF4">
  <name>Neotropical Birds</name>
  <description>Bird species that regularly occur in the Neotropics, from Mexico and the Caribbean south to southernmost South America. Tap the info button to view scientific classification and region map. When available, tap the audio button to hear a recording. Neotropical Birds: Cornell University </description>
  <version>1.0</version>
  <play mode="cooperative" time="40"/>
  <user type="community" id="F895D434-4509-11DC-874A-00146C833363" username="gonga"/>
  <security approval="approved" sendable="true" deletable="true" previewable="true" access="public" overlay="true" virtualable="true"/>
  <rating count="12" value="4.3333"/>
  <thumbnail href="http://s3movies.chumby.com/cdn/xmlthumbnail/23665386-B1FB-11DE-93A6-001B24F07EF4" contenttype="image/jpeg"/>
  <template href="/xml/configs/23669224-B1FB-11DE-93A6-001B24F07EF4" contenttype=""/>
  <category href="http://xml.chumby.com/xapis/catalog/index/2DAEAFDA-9798-11DB-9563-0030485A78AA" name="Animals" id="2DAEAFDA-9798-11DB-9563-0030485A78AA"/>
  <movie href="http://s3movies.chumby.com/cdn/xmlmovie/236742F0-B1FB-11DE-93A6-001B24F07EF4" contenttype="application/x-shockwave-flash"/>
  <swfs>
    <swf width="320" microphone="false" kb="false" camera="false" as_version="2" accelerometer="false" previewable="true" content-type="application/x-shockwave-flash" href="http://s3movies.chumby.com/cdn/xmlmovie/236742F0-B1FB-11DE-93A6-001B24F07EF4" fixed_ar="true" swf_version="8" height="240" bgcolor="ffffff" supports_browser="false" pointing="false" resolution="" scalable="false" requires_sound="false"/>
  </swfs>
</widget>
