<?xml version="1.0" encoding="UTF-8"?>
<widget href="/xapis/catalog/widget/432F4070-07B1-11DC-BFB0-00146C833363" id="432F4070-07B1-11DC-BFB0-00146C833363">
  <name>AccuWeather.com Lotto Results</name>
  <description>State lottery results</description>
  <version>1.0</version>
  <play mode="timeout" time="25"/>
  <user type="community" id="24C1A80C-7BCB-11DB-974A-00161771249B" username="spm161"/>
  <security sendable="true" deletable="true" previewable="true" overlay="true" access="public" virtualable="true" approval="approved"/>
  <rating count="9" value="2.7778"/>
  <thumbnail href="http://s3movies.chumby.com/cdn/xmlthumbnail/201562C4-2415-11DC-A307-0030485A78AA" contenttype="image/jpeg"/>
  <template href="http://s3movies.chumby.com/cdn/xmltemplate/2012C974-2415-11DC-A307-0030485A78AA" contenttype="application/x-shockwave-flash"/>
  <category href="http://xml.chumby.com/xapis/catalog/index/175E3A6A-5D3D-11DB-A0DD-0030485A78AA" name="Entertainment" id="175E3A6A-5D3D-11DB-A0DD-0030485A78AA"/>
  <movie href="http://s3movies.chumby.com/cdn/xmlmovie/200FB702-2415-11DC-A307-0030485A78AA" contenttype="application/x-shockwave-flash"/>
  <swfs>
    <swf width="320" microphone="false" kb="false" camera="false" as_version="2" accelerometer="false" previewable="true" content-type="application/x-shockwave-flash" href="http://s3movies.chumby.com/cdn/xmlmovie/200FB702-2415-11DC-A307-0030485A78AA" fixed_ar="true" swf_version="7" height="240" bgcolor="ffffff" supports_browser="false" pointing="false" resolution="" scalable="false" requires_sound="false"/>
  </swfs>
</widget>
