<?xml version="1.0" encoding="UTF-8"?>
<widget href="/xapis/catalog/widget/4848FDBA-EBD7-11DD-93FA-001E681DFAC2" id="4848FDBA-EBD7-11DD-93FA-001E681DFAC2">
  <name>Ideas para cambiar el mundo</name>
  <description>Frases para inspirar</description>
  <version>1.0</version>
  <play mode="timeout" time="15"/>
  <user type="community" id="8E285ED6-E342-11DD-A891-001E681DF646" username="kachina"/>
  <security sendable="true" approval="approved" previewable="true" access="public" deletable="true" virtualable="true" overlay="true"/>
  <rating count="9" value="3.6667"/>
  <thumbnail href="http://s3movies.chumby.com/cdn/xmlthumbnail/4848EE42-EBD7-11DD-93FA-001E681DFAC2" contenttype="image/jpeg"/>
  <template href="/xml/configs/4848FDBA-EBD7-11DD-93FA-001E681DFAC2" contenttype=""/>
  <category href="http://xml.chumby.com/xapis/catalog/index/E130976A-09A5-11DC-8592-0030488E34F8" name="Educational" id="E130976A-09A5-11DC-8592-0030488E34F8"/>
  <movie href="http://s3movies.chumby.com/cdn/xmlmovie/57151058-ED4F-11DD-8BA6-001E681DFAC2" contenttype="application/x-shockwave-flash"/>
  <swfs>
    <swf width="320" microphone="false" kb="false" camera="false" as_version="2" accelerometer="false" previewable="true" content-type="application/x-shockwave-flash" href="http://s3movies.chumby.com/cdn/xmlmovie/57151058-ED4F-11DD-8BA6-001E681DFAC2" fixed_ar="true" swf_version="8" height="240" bgcolor="ffffff" supports_browser="false" pointing="false" resolution="" scalable="false" requires_sound="false"/>
  </swfs>
</widget>
