<?xml version="1.0" encoding="UTF-8"?>
<widget href="/xapis/catalog/widget/415D4FB4-DC86-11DF-9DE3-001B24E044BE" id="415D4FB4-DC86-11DF-9DE3-001B24E044BE">
  <name>reddit Headlines</name>
  <description>Check out the latest headlines posted to reddit.com</description>
  <version>1.2</version>
  <play mode="timeout" time="45"/>
  <user type="chumby" id="00000000-0000-0000-0000-000000000001" username="chumby"/>
  <security sendable="true" deletable="true" previewable="true" overlay="true" access="public" virtualable="true" approval="approved"/>
  <rating count="82" value="3.0488"/>
  <thumbnail href="http://s3movies.chumby.com/cdn/xmlthumbnail/41759614-DC86-11DF-9DE3-001B24E044BE" contenttype="image/jpeg"/>
  <template href="http://s3movies.chumby.com/cdn/xmltemplate/417A6626-DC86-11DF-9DE3-001B24E044BE" contenttype="text/xml"/>
  <category href="http://xml.chumby.com/xapis/catalog/index/57767624-0D88-11DD-9BCD-0030488D0168" name="Community" id="57767624-0D88-11DD-9BCD-0030488D0168"/>
  <movie href="http://s3movies.chumby.com/cdn/xmlmovie/417C08FA-DC86-11DF-9DE3-001B24E044BE" contenttype="application/x-shockwave-flash"/>
  <swfs>
    <swf width="800" microphone="false" kb="false" camera="false" as_version="2" accelerometer="false" previewable="true" content-type="application/x-shockwave-flash" href="http://s3movies.chumby.com/cdn/xmlmovie/417C08FA-DC86-11DF-9DE3-001B24E044BE" fixed_ar="false" swf_version="8" height="600" bgcolor="fafafa" supports_browser="false" pointing="false" resolution="" scalable="false" requires_sound="false"/>
  </swfs>
</widget>
