<?xml version="1.0" encoding="UTF-8"?>
<widget href="/xapis/catalog/widget/0B92D352-1C8B-11DE-B7C5-001B24F07EF4" id="0B92D352-1C8B-11DE-B7C5-001B24F07EF4">
  <name>Betacity</name>
  <description>A widget which shows the blog entries on the page betacity.de. It lists cultural and art events in and around Stuttgart, Germany. The widget is in German language.</description>
  <version>1.5</version>
  <play mode="timeout" time="15"/>
  <user type="community" id="8998D7FC-E2F7-11DC-89AC-001635C47868" username="sirchadwick"/>
  <security sendable="true" approval="approved" previewable="true" access="public" deletable="true" virtualable="true" overlay="true"/>
  <rating count="2" value="3.0"/>
  <thumbnail href="http://s3movies.chumby.com/cdn/xmlthumbnail/D4D2B4DE-4CED-11DE-9346-001E681DFAC2" contenttype="image/jpeg"/>
  <template href="/xml/configs/0B92D352-1C8B-11DE-B7C5-001B24F07EF4" contenttype=""/>
  <category href="http://xml.chumby.com/xapis/catalog/index/57767624-0D88-11DD-9BCD-0030488D0168" name="Community" id="57767624-0D88-11DD-9BCD-0030488D0168"/>
  <movie href="http://s3movies.chumby.com/cdn/xmlmovie/FE63094A-1D70-11DE-BA14-001E681DFAC2" contenttype="application/x-shockwave-flash"/>
  <swfs>
    <swf width="320" microphone="false" kb="false" camera="false" as_version="2" accelerometer="false" previewable="true" content-type="application/x-shockwave-flash" href="http://s3movies.chumby.com/cdn/xmlmovie/FE63094A-1D70-11DE-BA14-001E681DFAC2" fixed_ar="true" swf_version="8" height="240" bgcolor="000000" supports_browser="false" pointing="false" resolution="" scalable="false" requires_sound="false"/>
  </swfs>
</widget>
