<?xml version="1.0" encoding="UTF-8"?>
<widget href="/xapis/catalog/widget/2B178490-3DDB-11DE-889E-001B24F07EF4" id="2B178490-3DDB-11DE-889E-001B24F07EF4">
  <name>GoToBedMessage</name>
  <description>Go to Bed Reminder -- I have trouble with this, so I have a Chumby in the living room and it displays this when it's time to go to bed</description>
  <version>1.0</version>
  <play mode="timeout" time="15"/>
  <user type="community" id="973A8ADA-8367-11DC-AA89-00146C833363" username="kathleen"/>
  <security sendable="true" approval="approved" previewable="true" deletable="true" access="public" virtualable="true" overlay="true"/>
  <rating count="31" value="2.7419"/>
  <thumbnail href="http://s3movies.chumby.com/cdn/xmlthumbnail/2B174B10-3DDB-11DE-889E-001B24F07EF4" contenttype="image/pjpeg"/>
  <template href="/xml/configs/2B178490-3DDB-11DE-889E-001B24F07EF4" contenttype=""/>
  <category href="http://xml.chumby.com/xapis/catalog/index/59BC5264-CF80-11DC-92D5-00156009DD9B" name="Communications" id="59BC5264-CF80-11DC-92D5-00156009DD9B"/>
  <movie href="http://s3movies.chumby.com/cdn/xmlmovie/2B17B8D4-3DDB-11DE-889E-001B24F07EF4" contenttype="application/x-shockwave-flash"/>
  <swfs>
    <swf width="320" microphone="false" kb="false" camera="false" as_version="2" accelerometer="false" previewable="true" content-type="application/x-shockwave-flash" href="http://s3movies.chumby.com/cdn/xmlmovie/2B17B8D4-3DDB-11DE-889E-001B24F07EF4" fixed_ar="true" swf_version="8" height="240" bgcolor="0066ff" supports_browser="false" pointing="false" resolution="" scalable="false" requires_sound="false"/>
  </swfs>
</widget>
