<?xml version="1.0" encoding="UTF-8"?>
<widget href="/xapis/catalog/widget/9F58C6F6-9BEA-11DB-817F-0030485A78AA" id="9F58C6F6-9BEA-11DB-817F-0030485A78AA">
  <name>Netflix (classic)</name>
  <description>View Netflix movies in your personal queue, the Top 100 movies and upcoming releases!</description>
  <version>1.7.0</version>
  <play mode="default" time="15"/>
  <user type="chumby" id="0845C250-39F2-11DB-9051-001372292121" username="ksteele"/>
  <security sendable="true" approval="approved" previewable="true" access="public" deletable="true" virtualable="true" overlay="true"/>
  <rating count="55" value="3.5818"/>
  <thumbnail href="http://s3movies.chumby.com/cdn/xmlthumbnail/A75C0E8E-2C8E-11DF-BFDD-001B24E044BE" contenttype="image/jpeg"/>
  <template href="http://s3movies.chumby.com/cdn/xmltemplate/A7E89EDA-2C8E-11DF-BFDD-001B24E044BE" contenttype="application/x-shockwave-flash"/>
  <category href="http://xml.chumby.com/xapis/catalog/index/175E3A6A-5D3D-11DB-A0DD-0030485A78AA" name="Entertainment" id="175E3A6A-5D3D-11DB-A0DD-0030485A78AA"/>
  <movie href="http://s3movies.chumby.com/cdn/xmlmovie/A86AB9F6-2C8E-11DF-BFDD-001B24E044BE" contenttype="application/x-shockwave-flash"/>
  <swfs>
    <swf width="320" microphone="false" kb="false" camera="false" as_version="2" accelerometer="false" previewable="true" content-type="application/x-shockwave-flash" href="http://s3movies.chumby.com/cdn/xmlmovie/A86AB9F6-2C8E-11DF-BFDD-001B24E044BE" fixed_ar="true" swf_version="8" height="240" bgcolor="336699" supports_browser="false" pointing="false" resolution="" scalable="false" requires_sound="false"/>
  </swfs>
</widget>
