<?xml version="1.0" encoding="UTF-8"?>
<widget href="/xapis/catalog/widget/F8809038-A2B0-11DC-99CA-0016353B0686" id="F8809038-A2B0-11DC-99CA-0016353B0686">
  <name>Built in Clock</name>
  <description>This is the same clock as the one built into the Control Panel, typically used when the chumby is not connected to the network.</description>
  <version>1.2</version>
  <play mode="default" time="30"/>
  <user type="community" id="E818F108-307A-11DB-9A6C-001372292121" username="dmaxwell"/>
  <security sendable="true" previewable="true" access="public" approval="approved" virtualable="true" deletable="true" overlay="true"/>
  <rating count="740" value="4.027"/>
  <thumbnail href="http://s3movies.chumby.com/cdn/xmlthumbnail/A0DF3102-F4F3-11DF-9724-0021288E785A" contenttype="image/jpeg"/>
  <template href="http://s3movies.chumby.com/cdn/xmltemplate/DA2AC684-F4E8-11DF-87E3-0021288E720C" contenttype="application/x-shockwave-flash"/>
  <category href="http://xml.chumby.com/xapis/catalog/index/EF508B70-2F35-11DB-8753-001372292121" name="Clocks" id="EF508B70-2F35-11DB-8753-001372292121"/>
  <movie href="http://s3movies.chumby.com/cdn/xmlmovie/B4B9E352-F4A0-11DD-8940-001E681DF646" contenttype="application/x-shockwave-flash"/>
  <swfs>
    <swf width="320" microphone="false" kb="false" camera="false" as_version="2" accelerometer="false" previewable="true" content-type="application/x-shockwave-flash" href="http://s3movies.chumby.com/cdn/xmlmovie/B4B9E352-F4A0-11DD-8940-001E681DF646" fixed_ar="false" swf_version="6" height="240" bgcolor="95acd5" supports_browser="false" pointing="false" resolution="" scalable="false" requires_sound="false"/>
  </swfs>
</widget>
