<?xml version="1.0" encoding="UTF-8"?>
<widget href="/xapis/catalog/widget/4DFC6564-ECA3-11DC-A70F-0016353B0686" id="4DFC6564-ECA3-11DC-A70F-0016353B0686">
  <name>KookyClock</name>
  <description>Just another clock. The hours are digital and the minutes are analogue, which i have always believed to be a good idea.

Made at my leisure at around 11:50pm so I might add some more features (customisation) at some point.</description>
  <version>0.9</version>
  <play mode="timeout" time="45"/>
  <user type="community" id="C0B28F68-E71F-11DC-8AF7-001635C47868" username="b3mus3d"/>
  <security sendable="true" previewable="true" access="public" approval="approved" virtualable="true" deletable="true" overlay="true"/>
  <rating count="20" value="3.7"/>
  <thumbnail href="http://s3movies.chumby.com/cdn/xmlthumbnail/4DFC3DAA-ECA3-11DC-A70F-0016353B0686" contenttype="image/jpeg"/>
  <template href="/xml/configs/4DFC6564-ECA3-11DC-A70F-0016353B0686" contenttype=""/>
  <category href="http://xml.chumby.com/xapis/catalog/index/EF508B70-2F35-11DB-8753-001372292121" name="Clocks" id="EF508B70-2F35-11DB-8753-001372292121"/>
  <movie href="http://s3movies.chumby.com/cdn/xmlmovie/C7AF859C-ED4F-11DC-AEDD-00156009DD9B" contenttype="application/x-shockwave-flash"/>
  <swfs>
    <swf width="320" microphone="false" kb="false" camera="false" as_version="2" accelerometer="false" previewable="true" content-type="application/x-shockwave-flash" href="http://s3movies.chumby.com/cdn/xmlmovie/C7AF859C-ED4F-11DC-AEDD-00156009DD9B" fixed_ar="false" swf_version="6" height="240" bgcolor="000000" supports_browser="false" pointing="false" resolution="" scalable="false" requires_sound="false"/>
  </swfs>
</widget>
