<?xml version="1.0" encoding="UTF-8"?>
<widget href="/xapis/catalog/widget/8CDB2C3C-A485-11E0-8569-0021288EC192" id="8CDB2C3C-A485-11E0-8569-0021288EC192">
  <name>dm_clock</name>
  <description>&#12480;&#12452;&#12496;&#12540;&#12472;&#12455;&#12531;&#12473;&#12513;&#12540;&#12479;&#12540;&#39080;&#12398;&#26178;&#35336;&#12290;</description>
  <version>1.13</version>
  <play mode="timeout" time="45"/>
  <user type="community" id="CC47A9D6-7CCE-11DD-A6F5-001E681DFAC2" username="taiti"/>
  <security sendable="true" overlay="true" previewable="true" access="public" virtualable="true" approval="approved" deletable="true"/>
  <rating count="1" value="1.0"/>
  <thumbnail href="http://s3movies.chumby.com/cdn/xmlthumbnail/8CDA5BF4-A485-11E0-8569-0021288EC192" contenttype="image/jpeg"/>
  <template href="/xml/configs/8CDB2C3C-A485-11E0-8569-0021288EC192" contenttype=""/>
  <category href="http://xml.chumby.com/xapis/catalog/index/EF508B70-2F35-11DB-8753-001372292121" name="Clocks" id="EF508B70-2F35-11DB-8753-001372292121"/>
  <movie href="http://s3movies.chumby.com/cdn/xmlmovie/8CDCDF6E-A485-11E0-8569-0021288EC192" contenttype="application/x-shockwave-flash"/>
  <swfs>
    <swf width="320" microphone="false" kb="false" camera="false" as_version="2" accelerometer="false" previewable="true" content-type="application/x-shockwave-flash" href="http://s3movies.chumby.com/cdn/xmlmovie/8CDCDF6E-A485-11E0-8569-0021288EC192" fixed_ar="false" swf_version="6" height="240" bgcolor="fffff0" supports_browser="false" pointing="false" resolution="" scalable="false" requires_sound="false"/>
  </swfs>
</widget>
