<?xml version="1.0" encoding="UTF-8"?>
<widget href="/xapis/catalog/widget/3FFB1992-1918-11DC-8C18-0030488E34F8" id="3FFB1992-1918-11DC-8C18-0030488E34F8">
  <name>atoms</name>
  <description>just a little pretty animation</description>
  <version>1.0</version>
  <play mode="timeout" time="60"/>
  <user type="community" id="16E5AFFC-1915-11DC-B0E0-0030485B7900" username="insidious7"/>
  <security sendable="true" approval="approved" previewable="true" access="public" deletable="true" virtualable="true" overlay="true"/>
  <rating count="21" value="3.5238"/>
  <thumbnail href="http://s3movies.chumby.com/cdn/xmlthumbnail/1FFE5A3E-2415-11DC-A307-0030485A78AA" contenttype="image/jpeg"/>
  <template href="/xml/configs/3FFB1992-1918-11DC-8C18-0030488E34F8" contenttype=""/>
  <category href="http://xml.chumby.com/xapis/catalog/index/175E3A6A-5D3D-11DB-A0DD-0030485A78AA" name="Entertainment" id="175E3A6A-5D3D-11DB-A0DD-0030485A78AA"/>
  <movie href="http://s3movies.chumby.com/cdn/xmlmovie/1FFBB072-2415-11DC-A307-0030485A78AA" contenttype="application/x-shockwave-flash"/>
  <swfs>
    <swf width="320" microphone="false" kb="false" camera="false" as_version="2" accelerometer="false" previewable="true" content-type="application/x-shockwave-flash" href="http://s3movies.chumby.com/cdn/xmlmovie/1FFBB072-2415-11DC-A307-0030485A78AA" fixed_ar="false" swf_version="6" height="240" bgcolor="000000" supports_browser="false" pointing="false" resolution="" scalable="false" requires_sound="false"/>
  </swfs>
</widget>
