<?xml version="1.0" encoding="UTF-8"?>
<widget href="/xapis/catalog/widget/2BF35BA6-49C1-11DC-94CE-0030485A78AA" id="2BF35BA6-49C1-11DC-94CE-0030485A78AA">
  <name>The Daily Puppy</name>
  <description>Wake up to the cutest puppy pictures every day! View all the latest adorable puppies of different shapes, sizes, breeds and colors. Let it cycle automatically or tap the right side of the screen to advance or the left side to reverse.

Visit Dailypuppy.com for your source of puppy pictures, videos and much more! Register today on Dailypuppy.com and your puppy could be the next featured dog and appear on this app!</description>
  <version>2.3</version>
  <play mode="default" time="30"/>
  <user type="community" id="981F9434-D445-11DC-9287-001635C47868" username="sn00pie"/>
  <security sendable="true" approval="approved" previewable="true" access="public" deletable="true" virtualable="true" overlay="true"/>
  <rating count="173" value="4.2601"/>
  <thumbnail href="http://s3movies.chumby.com/cdn/xmlthumbnail/A81DC502-062C-11DF-B9D5-001B24E044BE" contenttype="image/jpeg"/>
  <template href="http://s3movies.chumby.com/cdn/xmltemplate/A8A2CCCA-062C-11DF-B9D5-001B24E044BE" contenttype="text/xml"/>
  <category href="http://xml.chumby.com/xapis/catalog/index/2DAEAFDA-9798-11DB-9563-0030485A78AA" name="Animals" id="2DAEAFDA-9798-11DB-9563-0030485A78AA"/>
  <movie href="http://s3movies.chumby.com/cdn/xmlmovie/A921DAB0-062C-11DF-B9D5-001B24E044BE" contenttype="application/x-shockwave-flash"/>
  <swfs>
    <swf width="320" microphone="false" kb="false" camera="false" as_version="2" accelerometer="false" previewable="true" content-type="application/x-shockwave-flash" href="http://s3movies.chumby.com/cdn/xmlmovie/A921DAB0-062C-11DF-B9D5-001B24E044BE" fixed_ar="true" swf_version="8" height="240" bgcolor="666666" supports_browser="false" pointing="false" resolution="" scalable="false" requires_sound="false"/>
  </swfs>
</widget>
