<?xml version="1.0" encoding="UTF-8"?>
<widget href="/xapis/catalog/widget/3495AF6A-85E4-11DD-A7B9-001E681DFAC2" id="3495AF6A-85E4-11DD-A7B9-001E681DFAC2">
  <name>Chumbyland</name>
  <description>Nearly impossible to explain, and possibly your next addiction, Chumbyland is a new kind of interactive social experience for all ages.  Come meet, play, and travel with thousands of other Chumbians in this exclusive Chumby community.  Imagination required! Be sure to visit http://www.mychumbyland.com to learn more.  (donate).  THIS WIDGET IS UNAVAILABLE ON THE SONY DASH.</description>
  <version>4.8</version>
  <play mode="timeout" time="60"/>
  <user type="community" id="5C390ADA-65B9-11DD-8131-001B24F07D28" username="develephant"/>
  <security sendable="true" deletable="true" previewable="false" overlay="true" access="publicplus" virtualable="false" approval="approved"/>
  <rating count="514" value="4.3405"/>
  <thumbnail href="http://s3movies.chumby.com/cdn/xmlthumbnail/459A3144-3F02-11E0-956A-0021288E720C" contenttype="image/jpeg"/>
  <template href="/xml/configs/3495AF6A-85E4-11DD-A7B9-001E681DFAC2" contenttype=""/>
  <category href="http://xml.chumby.com/xapis/catalog/index/57767624-0D88-11DD-9BCD-0030488D0168" name="Community" id="57767624-0D88-11DD-9BCD-0030488D0168"/>
  <movie href="http://s3movies.chumby.com/cdn/xmlmovie/5FC424AE-29B4-11DE-A38F-001E681DF646" contenttype="application/x-shockwave-flash"/>
  <swfs>
    <swf width="320" microphone="false" kb="false" camera="false" as_version="2" accelerometer="false" previewable="true" content-type="application/x-shockwave-flash" href="http://s3movies.chumby.com/cdn/xmlmovie/5FC424AE-29B4-11DE-A38F-001E681DF646" fixed_ar="true" swf_version="8" height="240" bgcolor="035eb8" supports_browser="false" pointing="false" resolution="" scalable="false" requires_sound="false"/>
  </swfs>
</widget>
