<?xml version="1.0" encoding="UTF-8"?>
<widget href="/xapis/catalog/widget/741F1028-9939-11DD-A4FB-001E681DFAC2" id="741F1028-9939-11DD-A4FB-001E681DFAC2">
  <name>Halloween clock</name>
  <description>Little animated Halloween scene. Tap on screen to get the clock.</description>
  <version>1.0</version>
  <play mode="timeout" time="60"/>
  <user type="community" id="87E213CC-0009-11DD-A70F-0016353B0686" username="Yuzzy"/>
  <security sendable="true" approval="approved" previewable="true" access="public" deletable="true" virtualable="true" overlay="true"/>
  <rating count="43" value="4.2093"/>
  <thumbnail href="http://s3movies.chumby.com/cdn/xmlthumbnail/741EFE1C-9939-11DD-A4FB-001E681DFAC2" contenttype="image/jpeg"/>
  <template href="/xml/configs/741F1028-9939-11DD-A4FB-001E681DFAC2" contenttype=""/>
  <category href="http://xml.chumby.com/xapis/catalog/index/EF508B70-2F35-11DB-8753-001372292121" name="Clocks" id="EF508B70-2F35-11DB-8753-001372292121"/>
  <movie href="http://s3movies.chumby.com/cdn/xmlmovie/7419C4EC-9939-11DD-A4FB-001E681DFAC2" contenttype="application/x-shockwave-flash"/>
  <swfs>
    <swf width="320" microphone="false" kb="false" camera="false" as_version="2" accelerometer="false" previewable="true" content-type="application/x-shockwave-flash" href="http://s3movies.chumby.com/cdn/xmlmovie/7419C4EC-9939-11DD-A4FB-001E681DFAC2" fixed_ar="true" swf_version="6" height="240" bgcolor="ffffff" supports_browser="false" pointing="false" resolution="" scalable="false" requires_sound="false"/>
  </swfs>
</widget>
