<?xml version="1.0" encoding="UTF-8"?>
<widget href="/xapis/catalog/widget/EF7B5026-2F35-11DB-8753-001372292121" id="EF7B5026-2F35-11DB-8753-001372292121">
  <name>Moon Phase</name>
  <description>The current phase of the moon</description>
  <version>1.3</version>
  <play mode="default" time="30"/>
  <user type="community" id="E818F108-307A-11DB-9A6C-001372292121" username="dmaxwell"/>
  <security sendable="true" approval="approved" previewable="true" deletable="true" access="public" virtualable="true" overlay="true"/>
  <rating count="244" value="3.9508"/>
  <thumbnail href="http://s3movies.chumby.com/cdn/xmlthumbnail/BBA01F62-D997-11DC-B110-0016353B4502" contenttype="image/jpeg"/>
  <template href="http://s3movies.chumby.com/cdn/xmltemplate/BBA41E0A-D997-11DC-B110-0016353B4502" contenttype="text/xml"/>
  <category href="http://xml.chumby.com/xapis/catalog/index/5E907BD0-2F36-11DB-AF6D-001372292121" name="Calendars" id="5E907BD0-2F36-11DB-AF6D-001372292121"/>
  <movie href="http://s3movies.chumby.com/cdn/xmlmovie/BBA6F378-D997-11DC-B110-0016353B4502" contenttype="application/x-shockwave-flash"/>
  <swfs>
    <swf width="320" microphone="false" kb="false" camera="false" as_version="2" accelerometer="false" previewable="true" content-type="application/x-shockwave-flash" href="http://s3movies.chumby.com/cdn/xmlmovie/BBA6F378-D997-11DC-B110-0016353B4502" fixed_ar="false" swf_version="6" height="240" bgcolor="000000" supports_browser="false" pointing="false" resolution="" scalable="false" requires_sound="false"/>
  </swfs>
</widget>
