<?xml version="1.0" encoding="UTF-8"?>
<widget href="/xapis/catalog/widget/DEF01564-B657-11DE-A389-001B24F07EF4" id="DEF01564-B657-11DE-A389-001B24F07EF4">
  <name>MPO Slovak Clock</name>
  <description>Simple clock in 24 hours format with slovak day names.</description>
  <version>1.0</version>
  <play mode="timeout" time="60"/>
  <user type="community" id="A8C038F6-DB43-11DD-98FE-001B24F07EF4" username="miroslav_poul"/>
  <security sendable="true" deletable="true" previewable="true" overlay="true" access="public" virtualable="true" approval="approved"/>
  <rating count="4" value="4.0"/>
  <thumbnail href="http://s3movies.chumby.com/cdn/xmlthumbnail/614E0C28-B667-11DE-B0F3-001B24F07EF4" contenttype="image/jpeg"/>
  <template href="/xml/configs/DEF01564-B657-11DE-A389-001B24F07EF4" contenttype=""/>
  <category href="http://xml.chumby.com/xapis/catalog/index/EF508B70-2F35-11DB-8753-001372292121" name="Clocks" id="EF508B70-2F35-11DB-8753-001372292121"/>
  <movie href="http://s3movies.chumby.com/cdn/xmlmovie/DEF08C74-B657-11DE-A389-001B24F07EF4" contenttype="application/x-shockwave-flash"/>
  <swfs>
    <swf width="320" microphone="false" kb="false" camera="false" as_version="2" accelerometer="false" previewable="true" content-type="application/x-shockwave-flash" href="http://s3movies.chumby.com/cdn/xmlmovie/DEF08C74-B657-11DE-A389-001B24F07EF4" fixed_ar="false" swf_version="7" height="240" bgcolor="ffffff" supports_browser="false" pointing="false" resolution="" scalable="false" requires_sound="false"/>
  </swfs>
</widget>
