<?xml version="1.0" encoding="UTF-8"?>
<widget href="/xapis/catalog/widget/1007ECA4-6982-11DD-81F0-001B24F07D28" id="1007ECA4-6982-11DD-81F0-001B24F07D28">
  <name>Glow</name>
  <description>Glowing transparent clock, using the same motif as my Brushed Gold Clock.
Get free clocks for your own website at www.adamdorman.com.</description>
  <version>1.0</version>
  <play mode="timeout" time="15"/>
  <user type="community" id="E790164A-5200-11DD-BAC5-001E681DFAC2" username="adorman"/>
  <security sendable="true" approval="approved" previewable="true" access="public" deletable="true" virtualable="true" overlay="true"/>
  <rating count="18" value="3.6111"/>
  <thumbnail href="http://s3movies.chumby.com/cdn/xmlthumbnail/1007D822-6982-11DD-81F0-001B24F07D28" contenttype="image/jpeg"/>
  <template href="/xml/configs/1007ECA4-6982-11DD-81F0-001B24F07D28" contenttype=""/>
  <category href="http://xml.chumby.com/xapis/catalog/index/EF508B70-2F35-11DB-8753-001372292121" name="Clocks" id="EF508B70-2F35-11DB-8753-001372292121"/>
  <movie href="http://s3movies.chumby.com/cdn/xmlmovie/960A060A-6A56-11DD-8456-001B24F07EF4" contenttype="application/x-shockwave-flash"/>
  <swfs>
    <swf width="320" microphone="false" kb="false" camera="false" as_version="2" accelerometer="false" previewable="true" content-type="application/x-shockwave-flash" href="http://s3movies.chumby.com/cdn/xmlmovie/960A060A-6A56-11DD-8456-001B24F07EF4" fixed_ar="false" swf_version="7" height="240" bgcolor="000000" supports_browser="false" pointing="false" resolution="" scalable="false" requires_sound="false"/>
  </swfs>
</widget>
