<?xml version="1.0" encoding="UTF-8"?>
<widget href="/xapis/catalog/widget/FB10FEA8-0054-11DD-A3D2-001635C47868" id="FB10FEA8-0054-11DD-A3D2-001635C47868">
  <name>Now Playing</name>
  <description>Displays the name of the current selection playing from Chumby Music Sources. 
Note that titles of MP3 files from My Music Files are not published by the control panel, so they won't be displayed.
Airline Tele-Dial Radio photograph courtesy of Kevin Trotman under a Creative Commons License
</description>
  <version>1.0</version>
  <play mode="timeout" time="15"/>
  <user type="community" id="917038D2-8B57-11DC-85EB-0030488CBE0D" username="wayn3w"/>
  <security sendable="true" deletable="true" previewable="true" overlay="true" access="public" virtualable="true" approval="approved"/>
  <rating count="36" value="3.5556"/>
  <thumbnail href="http://s3movies.chumby.com/cdn/xmlthumbnail/FB10DCB6-0054-11DD-A3D2-001635C47868" contenttype="image/jpeg"/>
  <template href="/xml/configs/FB10FEA8-0054-11DD-A3D2-001635C47868" contenttype=""/>
  <category href="http://xml.chumby.com/xapis/catalog/index/175E3A6A-5D3D-11DB-A0DD-0030485A78AA" name="Entertainment" id="175E3A6A-5D3D-11DB-A0DD-0030485A78AA"/>
  <movie href="http://s3movies.chumby.com/cdn/xmlmovie/690EAEE6-01D6-11DD-A3D2-001635C47868" contenttype="application/x-shockwave-flash"/>
  <swfs>
    <swf width="320" microphone="false" kb="false" camera="false" as_version="2" accelerometer="false" previewable="true" content-type="application/x-shockwave-flash" href="http://s3movies.chumby.com/cdn/xmlmovie/690EAEE6-01D6-11DD-A3D2-001635C47868" fixed_ar="true" swf_version="7" height="240" bgcolor="000000" supports_browser="false" pointing="false" resolution="" scalable="false" requires_sound="false"/>
  </swfs>
</widget>
