<?xml version="1.0" encoding="UTF-8"?>
<widget href="/xapis/catalog/widget/10368D10-7077-11DD-941A-001B24E044BE" id="10368D10-7077-11DD-941A-001B24E044BE">
  <name>Wind Chimes</name>
  <description>Have fun playing with these chumby charm wind chimes.</description>
  <version>1.0</version>
  <play mode="default" time="15"/>
  <user type="chumby" id="00000000-0000-0000-0000-000000000001" username="chumby"/>
  <security sendable="true" approval="approved" previewable="true" deletable="true" access="public" virtualable="true" overlay="true"/>
  <rating count="39" value="3.5641"/>
  <thumbnail href="http://s3movies.chumby.com/cdn/xmlthumbnail/10378328-7077-11DD-941A-001B24E044BE" contenttype="image/jpeg"/>
  <template href="http://s3movies.chumby.com/cdn/xmltemplate/1038FB36-7077-11DD-941A-001B24E044BE" contenttype="text/xml"/>
  <category href="http://xml.chumby.com/xapis/catalog/index/AC50ADA4-4088-11DC-B053-0030485A78AA" name="Animation" id="AC50ADA4-4088-11DC-B053-0030485A78AA"/>
  <movie href="http://s3movies.chumby.com/cdn/xmlmovie/10393556-7077-11DD-941A-001B24E044BE" contenttype="application/x-shockwave-flash"/>
  <swfs>
    <swf width="320" microphone="false" kb="false" camera="false" as_version="2" accelerometer="false" previewable="true" content-type="application/x-shockwave-flash" href="http://s3movies.chumby.com/cdn/xmlmovie/10393556-7077-11DD-941A-001B24E044BE" fixed_ar="true" swf_version="7" height="240" bgcolor="ffffff" supports_browser="false" pointing="false" resolution="" scalable="false" requires_sound="false"/>
  </swfs>
</widget>
