<?xml version="1.0" encoding="UTF-8"?>
<widget href="/xapis/catalog/widget/3FDD8A70-4FE7-11E1-A60D-1231380C729E" id="3FDD8A70-4FE7-11E1-A60D-1231380C729E">
  <name>24-hour clock</name>
  <description>a simple 24-hour clock</description>
  <version>1.0</version>
  <play mode="timeout" time="60"/>
  <user type="community" id="5E0CADF8-6485-11DB-ADAE-00161771249B" username="Gindala"/>
  <security sendable="true" previewable="true" approval="approved" access="publicplus" deletable="true" virtualable="true" overlay="true"/>
  <rating count="3" value="4.6667"/>
  <thumbnail href="http://s3movies.chumby.com/cdn/xmlthumbnail/3FDD4AEC-4FE7-11E1-A60D-1231380C729E" contenttype="image/jpeg"/>
  <template href="/xml/configs/3FDD8A70-4FE7-11E1-A60D-1231380C729E" contenttype=""/>
  <category href="http://xml.chumby.com/xapis/catalog/index/EF508B70-2F35-11DB-8753-001372292121" name="Clocks" id="EF508B70-2F35-11DB-8753-001372292121"/>
  <movie href="http://s3movies.chumby.com/cdn/xmlmovie/3FE0107E-4FE7-11E1-A60D-1231380C729E" contenttype="application/x-shockwave-flash"/>
  <swfs>
    <swf width="320" microphone="false" kb="false" camera="false" as_version="2" accelerometer="false" previewable="true" content-type="application/x-shockwave-flash" href="http://s3movies.chumby.com/cdn/xmlmovie/3FE0107E-4FE7-11E1-A60D-1231380C729E" fixed_ar="true" swf_version="8" height="240" bgcolor="000000" supports_browser="false" pointing="false" resolution="320x240" scalable="false" requires_sound="false"/>
  </swfs>
</widget>
