<?xml version="1.0" encoding="UTF-8"?>
<widget href="/xapis/catalog/widget/48CF23F2-CF6F-11DC-B4F4-0016353B4502" id="48CF23F2-CF6F-11DC-B4F4-0016353B4502">
  <name>Gmail Viewer</name>
  <description>See recent messages in your Gmail Inbox.</description>
  <version>1.9</version>
  <play mode="timeout" time="30"/>
  <user type="community" id="2A07630A-D440-11DC-92C2-0016353BC7CC" username="mariad"/>
  <security sendable="true" approval="approved" previewable="true" deletable="true" access="public" virtualable="true" overlay="true"/>
  <rating count="343" value="3.1633"/>
  <thumbnail href="http://s3movies.chumby.com/cdn/xmlthumbnail/03D004E4-27E5-11DF-B9D8-001B24E044BE" contenttype="image/jpeg"/>
  <template href="http://s3movies.chumby.com/cdn/xmltemplate/0456FA58-27E5-11DF-B9D8-001B24E044BE" contenttype="application/x-shockwave-flash"/>
  <category href="http://xml.chumby.com/xapis/catalog/index/59BC5264-CF80-11DC-92D5-00156009DD9B" name="Communications" id="59BC5264-CF80-11DC-92D5-00156009DD9B"/>
  <movie href="http://s3movies.chumby.com/cdn/xmlmovie/04E8B4DE-27E5-11DF-B9D8-001B24E044BE" contenttype="application/x-shockwave-flash"/>
  <swfs>
    <swf width="320" microphone="false" kb="false" camera="false" as_version="2" accelerometer="false" previewable="true" content-type="application/x-shockwave-flash" href="http://s3movies.chumby.com/cdn/xmlmovie/04E8B4DE-27E5-11DF-B9D8-001B24E044BE" fixed_ar="true" swf_version="8" height="240" bgcolor="cccccc" supports_browser="false" pointing="false" resolution="" scalable="false" requires_sound="false"/>
  </swfs>
</widget>
