<?xml version="1.0" encoding="UTF-8"?>
<widget href="/xapis/catalog/widget/06DFBF24-E70B-11DD-923B-001B24F07EF4" id="06DFBF24-E70B-11DD-923B-001B24F07EF4">
  <name>Artifacts of History</name>
  <description>This day in history, with current date and working watch. Click on card to read full article, click on article to return to main screen. This day in history feed from thefreedictionary.com.</description>
  <version>1.1</version>
  <play mode="timeout" time="45"/>
  <user type="community" id="C16C3788-BC81-11DC-A690-00156009DD9B" username="McConnell"/>
  <security sendable="true" approval="approved" previewable="true" access="public" deletable="true" virtualable="true" overlay="true"/>
  <rating count="48" value="3.9167"/>
  <thumbnail href="http://s3movies.chumby.com/cdn/xmlthumbnail/06DFAD54-E70B-11DD-923B-001B24F07EF4" contenttype="image/jpeg"/>
  <template href="/xml/configs/06DFBF24-E70B-11DD-923B-001B24F07EF4" contenttype=""/>
  <category href="http://xml.chumby.com/xapis/catalog/index/E130976A-09A5-11DC-8592-0030488E34F8" name="Educational" id="E130976A-09A5-11DC-8592-0030488E34F8"/>
  <movie href="http://s3movies.chumby.com/cdn/xmlmovie/869230CC-E728-11DD-B7E7-001E681DFAC2" contenttype="application/x-shockwave-flash"/>
  <swfs>
    <swf width="320" microphone="false" kb="false" camera="false" as_version="2" accelerometer="false" previewable="true" content-type="application/x-shockwave-flash" href="http://s3movies.chumby.com/cdn/xmlmovie/869230CC-E728-11DD-B7E7-001E681DFAC2" fixed_ar="true" swf_version="8" height="240" bgcolor="ffffff" supports_browser="false" pointing="false" resolution="" scalable="false" requires_sound="false"/>
  </swfs>
</widget>
