<?xml version="1.0" encoding="UTF-8"?>
<widget href="/xapis/catalog/widget/40D20CAE-29C2-11E0-B411-0021288EC192" id="40D20CAE-29C2-11E0-B411-0021288EC192">
  <name>sbController</name>
  <description>This widget lets you see details of the current song playing on your Squeezebox. You can also access some rudimentary controls, namely - next (swipe left), previous (swipe right) and pause (tap).

To use this widget, you will also need to install a plugin on your Squeezebox Server in order to allow the widget to access it. Follow the instructions here, under Instructions.

NOTE: While this widget has been enabled for 8-inch devices due to some user requests, this is currently unsupported and will probably look odd.

If you have any issues, please post in this forum thread.</description>
  <version>1.1</version>
  <play mode="timeout" time="45"/>
  <user type="community" id="378740F6-2B23-11DD-9234-0030485B75AA" username="samuel337"/>
  <security sendable="true" approval="approved" previewable="false" deletable="true" access="public" virtualable="false" overlay="true"/>
  <rating count="5" value="3.2"/>
  <thumbnail href="http://s3movies.chumby.com/cdn/xmlthumbnail/40D019C6-29C2-11E0-B411-0021288EC192" contenttype="image/jpeg"/>
  <template href="http://s3movies.chumby.com/cdn/xmltemplate/8B7527D8-2B83-11E0-9A51-0021288E6F90" contenttype="application/x-shockwave-flash"/>
  <category href="http://xml.chumby.com/xapis/catalog/index/175E3A6A-5D3D-11DB-A0DD-0030485A78AA" name="Entertainment" id="175E3A6A-5D3D-11DB-A0DD-0030485A78AA"/>
  <movie href="http://s3movies.chumby.com/cdn/xmlmovie/40D646B6-29C2-11E0-B411-0021288EC192" contenttype="application/x-shockwave-flash"/>
  <swfs>
    <swf width="320" microphone="false" kb="false" camera="false" as_version="2" accelerometer="false" previewable="true" content-type="application/x-shockwave-flash" href="http://s3movies.chumby.com/cdn/xmlmovie/40D646B6-29C2-11E0-B411-0021288EC192" fixed_ar="true" swf_version="8" height="240" bgcolor="000000" supports_browser="false" pointing="false" resolution="320x240" scalable="false" requires_sound="false"/>
    <swf width="800" microphone="false" kb="false" camera="false" as_version="2" accelerometer="false" previewable="true" content-type="application/x-shockwave-flash" href="http://s3movies.chumby.com/cdn/xmlmovie/2D3AC4D6-C631-11E0-8421-0021288EBF58" fixed_ar="true" swf_version="8" height="600" bgcolor="000000" supports_browser="false" pointing="false" resolution="800x600" scalable="false" requires_sound="false"/>
  </swfs>
</widget>
