<?xml version="1.0" encoding="UTF-8"?>
<widget href="/xapis/catalog/widget/6BFFAD7E-0D16-11DF-854B-001B24F07EF4" id="6BFFAD7E-0D16-11DF-854B-001B24F07EF4">
  <name>Bubble Clock</name>
  <description>A slidy clock with bubbles and ultra-stylish text that is in no way hard to read.</description>
  <version>1.0</version>
  <play mode="timeout" time="15"/>
  <user type="community" id="851601A2-E3F2-11DE-91F9-001E681DFAC2" username="RobMiles"/>
  <security sendable="true" approval="approved" previewable="true" access="public" deletable="true" virtualable="true" overlay="true"/>
  <rating count="7" value="1.7143"/>
  <thumbnail href="http://s3movies.chumby.com/cdn/xmlthumbnail/6BFF5DCE-0D16-11DF-854B-001B24F07EF4" contenttype="image/pjpeg"/>
  <template href="/xml/configs/6BFFAD7E-0D16-11DF-854B-001B24F07EF4" contenttype=""/>
  <category href="http://xml.chumby.com/xapis/catalog/index/EF508B70-2F35-11DB-8753-001372292121" name="Clocks" id="EF508B70-2F35-11DB-8753-001372292121"/>
  <movie href="http://s3movies.chumby.com/cdn/xmlmovie/6C0020C4-0D16-11DF-854B-001B24F07EF4" contenttype="application/x-shockwave-flash"/>
  <swfs>
    <swf width="320" microphone="false" kb="false" camera="false" as_version="2" accelerometer="false" previewable="true" content-type="application/x-shockwave-flash" href="http://s3movies.chumby.com/cdn/xmlmovie/6C0020C4-0D16-11DF-854B-001B24F07EF4" fixed_ar="true" swf_version="7" height="240" bgcolor="ffffff" supports_browser="false" pointing="false" resolution="" scalable="false" requires_sound="false"/>
  </swfs>
</widget>
