<?xml version="1.0" encoding="UTF-8"?>
<widget href="/xapis/catalog/widget/C4AA5BA0-EADA-11DC-A70F-0016353B0686" id="C4AA5BA0-EADA-11DC-A70F-0016353B0686">
  <name>UK TV clock - BBC Modern</name>
  <description>A clock that looks like the one used at the top on the BBC.co.uk homepage. Touch screen to change clock face colour.</description>
  <version>1.1</version>
  <play mode="timeout" time="60"/>
  <user type="community" id="41DDC2EC-C5E7-11DC-A5CC-001635C47868" username="gingerbeardman"/>
  <security sendable="true" approval="approved" previewable="true" deletable="true" access="public" virtualable="true" overlay="true"/>
  <rating count="33" value="3.9394"/>
  <thumbnail href="http://s3movies.chumby.com/cdn/xmlthumbnail/18D8D09C-EB14-11DC-8F4A-0016353BC7CC" contenttype="image/jpeg"/>
  <template href="/xml/configs/C4AA5BA0-EADA-11DC-A70F-0016353B0686" contenttype=""/>
  <category href="http://xml.chumby.com/xapis/catalog/index/EF508B70-2F35-11DB-8753-001372292121" name="Clocks" id="EF508B70-2F35-11DB-8753-001372292121"/>
  <movie href="http://s3movies.chumby.com/cdn/xmlmovie/A308B5F2-EB0F-11DC-A70F-0016353B0686" contenttype="application/x-shockwave-flash"/>
  <swfs>
    <swf width="320" microphone="false" kb="false" camera="false" as_version="2" accelerometer="false" previewable="true" content-type="application/x-shockwave-flash" href="http://s3movies.chumby.com/cdn/xmlmovie/A308B5F2-EB0F-11DC-A70F-0016353B0686" fixed_ar="true" swf_version="8" height="240" bgcolor="000000" supports_browser="false" pointing="false" resolution="" scalable="false" requires_sound="false"/>
  </swfs>
</widget>
