<?xml version="1.0" encoding="UTF-8"?>
<widget href="/xapis/catalog/widget/9A9BFEBC-031E-11DC-ACE4-0030485A78AA" id="9A9BFEBC-031E-11DC-ACE4-0030485A78AA">
  <name>Rotten Tomatoes</name>
  <description>Fresh, or rotten? See the latest movie scores and reviews!</description>
  <version>1.3.8</version>
  <play mode="default" time="30"/>
  <user type="community" id="FAE524F6-CCFF-11DB-AD70-00161771248C" username="howdog"/>
  <security sendable="true" approval="approved" previewable="true" deletable="true" access="public" virtualable="true" overlay="true"/>
  <rating count="89" value="3.9438"/>
  <thumbnail href="http://s3movies.chumby.com/cdn/xmlthumbnail/C041E04A-2C8E-11DF-8BD4-001B24E044BE" contenttype="image/jpeg"/>
  <template href="http://s3movies.chumby.com/cdn/xmltemplate/C0BB8FA8-2C8E-11DF-8BD4-001B24E044BE" contenttype="text/xml"/>
  <category href="http://xml.chumby.com/xapis/catalog/index/175E3A6A-5D3D-11DB-A0DD-0030485A78AA" name="Entertainment" id="175E3A6A-5D3D-11DB-A0DD-0030485A78AA"/>
  <movie href="http://s3movies.chumby.com/cdn/xmlmovie/C1345136-2C8E-11DF-8BD4-001B24E044BE" contenttype="application/x-shockwave-flash"/>
  <swfs>
    <swf width="320" microphone="false" kb="false" camera="false" as_version="2" accelerometer="false" previewable="true" content-type="application/x-shockwave-flash" href="http://s3movies.chumby.com/cdn/xmlmovie/C1345136-2C8E-11DF-8BD4-001B24E044BE" fixed_ar="true" swf_version="8" height="240" bgcolor="336699" supports_browser="false" pointing="false" resolution="" scalable="false" requires_sound="false"/>
  </swfs>
</widget>
