<?xml version="1.0" encoding="UTF-8"?>
<widget href="/xapis/catalog/widget/DA6A0C98-D68C-11DE-8213-001B24F07EF4" id="DA6A0C98-D68C-11DE-8213-001B24F07EF4">
  <name>Offset Clock</name>
  <description>This is a further development of my 'World Clocks' widget. In this version, clock one always shows your system time. Using the config for this widget, the 2nd clock can be made to show a different time, using an hours and minutes offset (either +ve or -ve). Created in response to a request from a user who wanted to be able to know what time he would arrive in town if he left now - hope you like it...</description>
  <version>1.0</version>
  <play mode="timeout" time="15"/>
  <user type="community" id="832FF9A6-FC18-11DC-AEDD-00156009DD9B" username="quizengine"/>
  <security sendable="true" previewable="true" approval="approved" access="public" deletable="true" virtualable="true" overlay="true"/>
  <rating count="6" value="3.0"/>
  <thumbnail href="http://s3movies.chumby.com/cdn/xmlthumbnail/DA68ADB2-D68C-11DE-8213-001B24F07EF4" contenttype="image/jpeg"/>
  <template href="http://s3movies.chumby.com/cdn/xmltemplate/12A15DA8-D68F-11DE-9996-001E681DFAC2" contenttype="application/x-shockwave-flash"/>
  <category href="http://xml.chumby.com/xapis/catalog/index/EF508B70-2F35-11DB-8753-001372292121" name="Clocks" id="EF508B70-2F35-11DB-8753-001372292121"/>
  <movie href="http://s3movies.chumby.com/cdn/xmlmovie/DA6AC0FC-D68C-11DE-8213-001B24F07EF4" contenttype="application/x-shockwave-flash"/>
  <swfs>
    <swf width="320" microphone="false" kb="false" camera="false" as_version="2" accelerometer="false" previewable="true" content-type="application/x-shockwave-flash" href="http://s3movies.chumby.com/cdn/xmlmovie/DA6AC0FC-D68C-11DE-8213-001B24F07EF4" fixed_ar="true" swf_version="8" height="240" bgcolor="ffffff" supports_browser="false" pointing="false" resolution="" scalable="false" requires_sound="false"/>
  </swfs>
</widget>
