<?xml version="1.0" encoding="UTF-8"?>
<widget href="/xapis/catalog/widget/54502696-9B3E-11DC-A002-00146C833363" id="54502696-9B3E-11DC-A002-00146C833363">
  <name>Toasty - A Chumby kitchen timer</name>
  <description>A countdown timer you can use in your kitchen or anywhere else. An alarm sounds when the countdown is complete. Configure your alarm sound from three different styles: alarm ring, bamboo chimes and a gentle tone.
</description>
  <version>1.2</version>
  <play mode="timeout" time="60"/>
  <user type="community" id="66F2FA0C-837F-11DC-8649-0030488CBE0D" username="jforsythe"/>
  <security approval="approved" sendable="true" deletable="true" previewable="true" access="public" overlay="true" virtualable="true"/>
  <rating count="53" value="3.7358"/>
  <thumbnail href="http://s3movies.chumby.com/cdn/xmlthumbnail/D4C9F912-9B90-11DC-A894-0030488CBE0D" contenttype="image/jpeg"/>
  <template href="http://s3movies.chumby.com/cdn/xmltemplate/1D39220E-9D76-11DC-88F6-0030488CBE0D" contenttype="application/x-shockwave-flash"/>
  <category href="http://xml.chumby.com/xapis/catalog/index/EF508B70-2F35-11DB-8753-001372292121" name="Clocks" id="EF508B70-2F35-11DB-8753-001372292121"/>
  <movie href="http://s3movies.chumby.com/cdn/xmlmovie/F6E8A084-9D75-11DC-88F6-0030488CBE0D" contenttype="application/x-shockwave-flash"/>
  <swfs>
    <swf width="320" microphone="false" kb="false" camera="false" as_version="2" accelerometer="false" previewable="true" content-type="application/x-shockwave-flash" href="http://s3movies.chumby.com/cdn/xmlmovie/F6E8A084-9D75-11DC-88F6-0030488CBE0D" fixed_ar="true" swf_version="8" height="240" bgcolor="333333" supports_browser="false" pointing="false" resolution="" scalable="false" requires_sound="false"/>
  </swfs>
</widget>
