<?xml version="1.0" encoding="UTF-8"?>
<widget href="/xapis/catalog/widget/39BCFA80-CD41-11DD-BF55-001E681DFAC2" id="39BCFA80-CD41-11DD-BF55-001E681DFAC2">
  <name>ClearSync</name>
  <description>Viewer of ClearSync calendars which in turn can by linked to one or more private or shared calendars on your PC, Mac, Palm OS, Android, and other mobile devices. See www.clearsync.com</description>
  <version>4.0</version>
  <play mode="timeout" time="15"/>
  <user type="community" id="764BECBA-6340-11DD-B5F0-001E681DFAC2" username="John Tanner"/>
  <security sendable="true" approval="approved" previewable="true" access="public" deletable="true" virtualable="true" overlay="true"/>
  <rating count="16" value="4.1875"/>
  <thumbnail href="http://s3movies.chumby.com/cdn/xmlthumbnail/BFBA477C-B0A3-11DF-BDB7-0021288E785A" contenttype="image/jpeg"/>
  <template href="http://s3movies.chumby.com/cdn/xmltemplate/BFBFC13E-B0A3-11DF-BDB7-0021288E785A" contenttype="application/x-shockwave-flash"/>
  <category href="http://xml.chumby.com/xapis/catalog/index/5E907BD0-2F36-11DB-AF6D-001372292121" name="Calendars" id="5E907BD0-2F36-11DB-AF6D-001372292121"/>
  <movie href="http://s3movies.chumby.com/cdn/xmlmovie/30E91508-DD2A-11DD-AF55-001E681DF646" contenttype="application/x-shockwave-flash"/>
  <swfs>
    <swf width="320" microphone="false" kb="false" camera="false" as_version="2" accelerometer="false" previewable="true" content-type="application/x-shockwave-flash" href="http://s3movies.chumby.com/cdn/xmlmovie/30E91508-DD2A-11DD-AF55-001E681DF646" fixed_ar="true" swf_version="8" height="240" bgcolor="ffffff" supports_browser="false" pointing="false" resolution="" scalable="false" requires_sound="false"/>
  </swfs>
</widget>
