<?xml version="1.0" encoding="UTF-8"?>
<widget href="/xapis/catalog/widget/90049C56-0F67-11DD-9065-0030485B75AA" id="90049C56-0F67-11DD-9065-0030485B75AA">
  <name>COLOURlovers Palettes</name>
  <description>Displays the latest palettes submitted to colourlovers.com, a color + design community for creative inspiration.</description>
  <version>1.0</version>
  <play mode="timeout" time="30"/>
  <user type="community" id="B654E3FA-01A4-11DD-8F20-0016353B0686" username="eeenmachine"/>
  <security sendable="true" previewable="true" approval="approved" access="public" deletable="true" virtualable="true" overlay="true"/>
  <rating count="15" value="4.3333"/>
  <thumbnail href="http://s3movies.chumby.com/cdn/xmlthumbnail/90046FB0-0F67-11DD-9065-0030485B75AA" contenttype="image/jpeg"/>
  <template href="/xml/configs/90049C56-0F67-11DD-9065-0030485B75AA" contenttype=""/>
  <category href="http://xml.chumby.com/xapis/catalog/index/57767624-0D88-11DD-9BCD-0030488D0168" name="Community" id="57767624-0D88-11DD-9BCD-0030488D0168"/>
  <movie href="http://s3movies.chumby.com/cdn/xmlmovie/C26CA5B6-0F6D-11DD-8E8F-0030485B7900" contenttype="application/x-shockwave-flash"/>
  <swfs>
    <swf width="320" microphone="false" kb="false" camera="false" as_version="2" accelerometer="false" previewable="true" content-type="application/x-shockwave-flash" href="http://s3movies.chumby.com/cdn/xmlmovie/C26CA5B6-0F6D-11DD-8E8F-0030485B7900" fixed_ar="true" swf_version="8" height="240" bgcolor="333333" supports_browser="false" pointing="false" resolution="" scalable="false" requires_sound="false"/>
  </swfs>
</widget>
