<?xml version="1.0" encoding="UTF-8"?>
<widget href="/xapis/catalog/widget/0160AE48-4DF2-11DE-A940-001E681DFAC2" id="0160AE48-4DF2-11DE-A940-001E681DFAC2">
  <name>BlockClock</name>
  <description>The block clock.</description>
  <version>1.3</version>
  <play mode="timeout" time="30"/>
  <user type="community" id="8998D7FC-E2F7-11DC-89AC-001635C47868" username="sirchadwick"/>
  <security sendable="true" approval="approved" previewable="true" access="public" deletable="true" virtualable="true" overlay="true"/>
  <rating count="7" value="3.7143"/>
  <thumbnail href="http://s3movies.chumby.com/cdn/xmlthumbnail/C3E38F76-4E2E-11DE-B2D1-001E681DFAC2" contenttype="image/jpeg"/>
  <template href="/xml/configs/0160AE48-4DF2-11DE-A940-001E681DFAC2" contenttype=""/>
  <category href="http://xml.chumby.com/xapis/catalog/index/EF508B70-2F35-11DB-8753-001372292121" name="Clocks" id="EF508B70-2F35-11DB-8753-001372292121"/>
  <movie href="http://s3movies.chumby.com/cdn/xmlmovie/016199AC-4DF2-11DE-A940-001E681DFAC2" contenttype="application/x-shockwave-flash"/>
  <swfs>
    <swf width="320" microphone="false" kb="false" camera="false" as_version="2" accelerometer="false" previewable="true" content-type="application/x-shockwave-flash" href="http://s3movies.chumby.com/cdn/xmlmovie/016199AC-4DF2-11DE-A940-001E681DFAC2" fixed_ar="true" swf_version="8" height="240" bgcolor="000000" supports_browser="false" pointing="false" resolution="" scalable="false" requires_sound="false"/>
  </swfs>
</widget>
