<?xml version="1.0" encoding="UTF-8"?>
<widget href="/xapis/catalog/widget/C7778F1E-FC5B-11DC-BEB1-0016353B4502" id="C7778F1E-FC5B-11DC-BEB1-0016353B4502">
  <name>I HAS A HOTDOG!</name>
  <description>Loldogs from ihasahotdog.com!</description>
  <version>1.3.3</version>
  <play mode="default" time="15"/>
  <user type="chumby" id="00000000-0000-0000-0000-000000000001" username="chumby"/>
  <security sendable="true" overlay="true" previewable="true" access="public" virtualable="true" approval="approved" deletable="true"/>
  <rating count="97" value="4.4639"/>
  <thumbnail href="http://s3movies.chumby.com/cdn/xmlthumbnail/21420DAC-3664-11DD-9989-001B24E044BE" contenttype="image/jpeg"/>
  <template href="http://s3movies.chumby.com/cdn/xmltemplate/21583C76-3664-11DD-9989-001B24E044BE" contenttype="text/xml"/>
  <category href="http://xml.chumby.com/xapis/catalog/index/2DAEAFDA-9798-11DB-9563-0030485A78AA" name="Animals" id="2DAEAFDA-9798-11DB-9563-0030485A78AA"/>
  <movie href="http://s3movies.chumby.com/cdn/xmlmovie/A002EC5C-ADBE-11DD-8132-001E681DFAC2" contenttype="application/x-shockwave-flash"/>
  <swfs>
    <swf width="320" microphone="false" kb="false" camera="false" as_version="2" accelerometer="false" previewable="true" content-type="application/x-shockwave-flash" href="http://s3movies.chumby.com/cdn/xmlmovie/A002EC5C-ADBE-11DD-8132-001E681DFAC2" fixed_ar="true" swf_version="8" height="240" bgcolor="ffffff" supports_browser="false" pointing="false" resolution="" scalable="false" requires_sound="false"/>
  </swfs>
</widget>
