<?xml version="1.0" encoding="UTF-8"?>
<widget href="/xapis/catalog/widget/AE895872-30C0-11DD-BB12-0030485B7900" id="AE895872-30C0-11DD-BB12-0030485B7900">
  <name>Perfume Images (mature)</name>
  <description>"Perfume" is the techno pop girls unit in Japan.
This widget displays images of Perfume on the Internet.</description>
  <version>0.2</version>
  <play mode="timeout" time="20"/>
  <mature>true</mature>
  <user type="community" id="4968735E-2992-11DD-AEA4-0030488E34F8" username="toru_uda"/>
  <security sendable="true" deletable="true" previewable="true" overlay="true" access="public" virtualable="true" approval="approved"/>
  <rating count="12" value="4.0833"/>
  <thumbnail href="http://s3movies.chumby.com/cdn/xmlthumbnail/AE8927D0-30C0-11DD-BB12-0030485B7900" contenttype="image/pjpeg"/>
  <template href="/xml/configs/AE895872-30C0-11DD-BB12-0030485B7900" contenttype=""/>
  <category href="http://xml.chumby.com/xapis/catalog/index/175E3A6A-5D3D-11DB-A0DD-0030485A78AA" name="Entertainment" id="175E3A6A-5D3D-11DB-A0DD-0030485A78AA"/>
  <movie href="http://s3movies.chumby.com/cdn/xmlmovie/8E2E9006-318D-11DD-8CED-0030488E34F8" contenttype="application/x-shockwave-flash"/>
  <swfs>
    <swf width="320" microphone="false" kb="false" camera="false" as_version="2" accelerometer="false" previewable="true" content-type="application/x-shockwave-flash" href="http://s3movies.chumby.com/cdn/xmlmovie/8E2E9006-318D-11DD-8CED-0030488E34F8" fixed_ar="true" swf_version="6" height="240" bgcolor="ffffff" supports_browser="false" pointing="false" resolution="" scalable="false" requires_sound="false"/>
  </swfs>
</widget>
