<?xml version="1.0" encoding="UTF-8"?>
<widget href="/xapis/catalog/widget/2C8818E8-7F4E-11DF-BE36-0021288EC192" id="2C8818E8-7F4E-11DF-BE36-0021288EC192">
  <name>just a clock</name>
  <description>A black and white clock showing the full date and time in large digits.</description>
  <version>1.0</version>
  <play mode="timeout" time="15"/>
  <user type="community" id="FDD2D720-6979-11DF-BA04-001B24F07EF4" username="kiplis"/>
  <security sendable="true" previewable="true" approval="approved" access="publicplus" deletable="true" virtualable="true" overlay="true"/>
  <rating count="19" value="3.6842"/>
  <thumbnail href="http://s3movies.chumby.com/cdn/xmlthumbnail/2C87D144-7F4E-11DF-BE36-0021288EC192" contenttype="image/jpeg"/>
  <template href="/xml/configs/2C8818E8-7F4E-11DF-BE36-0021288EC192" contenttype=""/>
  <category href="http://xml.chumby.com/xapis/catalog/index/EF508B70-2F35-11DB-8753-001372292121" name="Clocks" id="EF508B70-2F35-11DB-8753-001372292121"/>
  <movie href="http://s3movies.chumby.com/cdn/xmlmovie/2C95AA4E-7F4E-11DF-BE36-0021288EC192" contenttype="application/x-shockwave-flash"/>
  <swfs>
    <swf width="340" microphone="false" kb="false" camera="false" as_version="2" accelerometer="false" previewable="true" content-type="application/x-shockwave-flash" href="http://s3movies.chumby.com/cdn/xmlmovie/2C95AA4E-7F4E-11DF-BE36-0021288EC192" fixed_ar="false" swf_version="6" height="240" bgcolor="000000" supports_browser="false" pointing="false" resolution="" scalable="false" requires_sound="false"/>
  </swfs>
</widget>
