<?xml version="1.0" encoding="UTF-8"?>
<widget href="/xapis/catalog/widget/A3C527A2-6AE7-11DD-B5C9-001B24F07EF4" id="A3C527A2-6AE7-11DD-B5C9-001B24F07EF4">
  <name>Pocket Watch 2</name>
  <description>Inspired by a South Bend railroad pocket watch.
Get free clocks for your own website at www.adamdorman.com.</description>
  <version>1.0</version>
  <play mode="timeout" time="15"/>
  <user type="community" id="E790164A-5200-11DD-BAC5-001E681DFAC2" username="adorman"/>
  <security approval="approved" sendable="true" deletable="true" previewable="true" access="public" overlay="true" virtualable="true"/>
  <rating count="16" value="3.0625"/>
  <thumbnail href="http://s3movies.chumby.com/cdn/xmlthumbnail/A3C51352-6AE7-11DD-B5C9-001B24F07EF4" contenttype="image/jpeg"/>
  <template href="/xml/configs/A3C527A2-6AE7-11DD-B5C9-001B24F07EF4" contenttype=""/>
  <category href="http://xml.chumby.com/xapis/catalog/index/EF508B70-2F35-11DB-8753-001372292121" name="Clocks" id="EF508B70-2F35-11DB-8753-001372292121"/>
  <movie href="http://s3movies.chumby.com/cdn/xmlmovie/A3C33E2E-6AE7-11DD-B5C9-001B24F07EF4" contenttype="application/x-shockwave-flash"/>
  <swfs>
    <swf width="320" microphone="false" kb="false" camera="false" as_version="2" accelerometer="false" previewable="true" content-type="application/x-shockwave-flash" href="http://s3movies.chumby.com/cdn/xmlmovie/A3C33E2E-6AE7-11DD-B5C9-001B24F07EF4" fixed_ar="false" swf_version="7" height="240" bgcolor="000000" supports_browser="false" pointing="false" resolution="" scalable="false" requires_sound="false"/>
  </swfs>
</widget>
