<?xml version="1.0" encoding="UTF-8"?>
<widget href="/xapis/catalog/widget/482C9356-AF10-11E0-BB6E-0021288EC192" id="482C9356-AF10-11E0-BB6E-0021288EC192">
  <name>Edo Clock</name>
  <description>Simple Japanese-inspired clock.</description>
  <version>1.30</version>
  <play mode="timeout" time="45"/>
  <user type="community" id="2605BD28-4B71-11E0-B73D-0021288E785A" username="jword"/>
  <security sendable="true" approval="approved" previewable="true" deletable="true" access="public" virtualable="true" overlay="true"/>
  <rating count="4" value="4.25"/>
  <thumbnail href="http://s3movies.chumby.com/cdn/xmlthumbnail/C08390AA-CDBC-11E0-8928-0021288E785A" contenttype="image/jpeg"/>
  <template href="/xml/configs/482C9356-AF10-11E0-BB6E-0021288EC192" contenttype=""/>
  <category href="http://xml.chumby.com/xapis/catalog/index/EF508B70-2F35-11DB-8753-001372292121" name="Clocks" id="EF508B70-2F35-11DB-8753-001372292121"/>
  <movie href="http://s3movies.chumby.com/cdn/xmlmovie/482E9598-AF10-11E0-BB6E-0021288EC192" contenttype="application/x-shockwave-flash"/>
  <swfs>
    <swf width="320" microphone="false" kb="false" camera="false" as_version="2" accelerometer="false" previewable="true" content-type="application/x-shockwave-flash" href="http://s3movies.chumby.com/cdn/xmlmovie/482E9598-AF10-11E0-BB6E-0021288EC192" fixed_ar="true" swf_version="9" height="240" bgcolor="ffffff" supports_browser="false" pointing="false" resolution="320x240" scalable="false" requires_sound="false"/>
    <swf width="800" microphone="false" kb="false" camera="false" as_version="2" accelerometer="false" previewable="true" content-type="application/x-shockwave-flash" href="http://s3movies.chumby.com/cdn/xmlmovie/C1892A46-CDBC-11E0-8928-0021288E785A" fixed_ar="true" swf_version="9" height="600" bgcolor="ffffff" supports_browser="false" pointing="false" resolution="800x600" scalable="false" requires_sound="false"/>
    <swf width="320" microphone="false" kb="false" camera="false" as_version="2" accelerometer="false" previewable="true" content-type="application/x-shockwave-flash" href="http://s3movies.chumby.com/cdn/xmlmovie/C12B6686-CDBC-11E0-8928-0021288E785A" fixed_ar="true" swf_version="9" height="240" bgcolor="ffffff" supports_browser="false" pointing="false" resolution="800x480" scalable="false" requires_sound="false"/>
  </swfs>
</widget>
