<?xml version="1.0" encoding="UTF-8"?>
<widget href="/xapis/catalog/widget/FA42D010-46D0-11DD-BE41-001E681DF646" id="FA42D010-46D0-11DD-BE41-001E681DF646">
  <name>Five O'clock Shadow</name>
  <description>A smiley face which grows facial hair according to the time of day. (Think of it as a fuzzy clock).</description>
  <version>1.0</version>
  <play mode="timeout" time="20"/>
  <user type="community" id="C16C3788-BC81-11DC-A690-00156009DD9B" username="McConnell"/>
  <security approval="approved" sendable="true" deletable="true" previewable="true" access="public" overlay="true" virtualable="true"/>
  <rating count="50" value="3.88"/>
  <thumbnail href="http://s3movies.chumby.com/cdn/xmlthumbnail/FA42BB8E-46D0-11DD-BE41-001E681DF646" contenttype="image/jpeg"/>
  <template href="/xml/configs/FA42D010-46D0-11DD-BE41-001E681DF646" contenttype=""/>
  <category href="http://xml.chumby.com/xapis/catalog/index/EF508B70-2F35-11DB-8753-001372292121" name="Clocks" id="EF508B70-2F35-11DB-8753-001372292121"/>
  <movie href="http://s3movies.chumby.com/cdn/xmlmovie/FA41CF08-46D0-11DD-BE41-001E681DF646" contenttype="application/x-shockwave-flash"/>
  <swfs>
    <swf width="320" microphone="false" kb="false" camera="false" as_version="2" accelerometer="false" previewable="true" content-type="application/x-shockwave-flash" href="http://s3movies.chumby.com/cdn/xmlmovie/FA41CF08-46D0-11DD-BE41-001E681DF646" fixed_ar="false" swf_version="6" height="240" bgcolor="000000" supports_browser="false" pointing="false" resolution="" scalable="false" requires_sound="false"/>
  </swfs>
</widget>
