<?xml version="1.0" encoding="UTF-8"?>
<widget href="/xapis/catalog/widget/F70644DA-61FC-11DD-9B90-001E681DFAC2" id="F70644DA-61FC-11DD-9B90-001E681DFAC2">
  <name>Spanish Word of the Day</name>
  <description>See the latest spanish word(s) of the day, including it's english translation, and use in a sentence. You'll be smrat in no time!</description>
  <version>1.0</version>
  <play mode="timeout" time="15"/>
  <user type="community" id="FAE524F6-CCFF-11DB-AD70-00161771248C" username="howdog"/>
  <security approval="approved" sendable="true" deletable="true" previewable="true" access="public" overlay="true" virtualable="true"/>
  <rating count="44" value="3.6364"/>
  <thumbnail href="http://s3movies.chumby.com/cdn/xmlthumbnail/F705FFCA-61FC-11DD-9B90-001E681DFAC2" contenttype="image/jpeg"/>
  <template href="/xml/configs/F70644DA-61FC-11DD-9B90-001E681DFAC2" contenttype=""/>
  <category href="http://xml.chumby.com/xapis/catalog/index/E130976A-09A5-11DC-8592-0030488E34F8" name="Educational" id="E130976A-09A5-11DC-8592-0030488E34F8"/>
  <movie href="http://s3movies.chumby.com/cdn/xmlmovie/F6F32C6A-61FC-11DD-9B90-001E681DFAC2" contenttype="application/x-shockwave-flash"/>
  <swfs>
    <swf width="320" microphone="false" kb="false" camera="false" as_version="2" accelerometer="false" previewable="true" content-type="application/x-shockwave-flash" href="http://s3movies.chumby.com/cdn/xmlmovie/F6F32C6A-61FC-11DD-9B90-001E681DFAC2" fixed_ar="true" swf_version="8" height="240" bgcolor="666666" supports_browser="false" pointing="false" resolution="" scalable="false" requires_sound="false"/>
  </swfs>
</widget>
