<?xml version="1.0" encoding="UTF-8"?>
<widget href="/xapis/catalog/widget/5A0C6F18-AC29-11DB-8062-0030485A78AA" id="5A0C6F18-AC29-11DB-8062-0030485A78AA">
  <name>Fashion Clock</name>
  <description>A fashion clock</description>
  <version>1.5</version>
  <play mode="default" time="30"/>
  <user type="community" id="E818F108-307A-11DB-9A6C-001372292121" username="dmaxwell"/>
  <security sendable="true" previewable="true" approval="approved" access="public" deletable="true" virtualable="true" overlay="true"/>
  <rating count="164" value="4.0793"/>
  <thumbnail href="http://s3movies.chumby.com/cdn/xmlthumbnail/198736FE-F7A3-11DD-AA55-001B24E044BE" contenttype="image/jpeg"/>
  <template href="http://s3movies.chumby.com/cdn/xmltemplate/19E4E9DE-F7A3-11DD-AA55-001B24E044BE" contenttype="text/xml"/>
  <category href="http://xml.chumby.com/xapis/catalog/index/EF508B70-2F35-11DB-8753-001372292121" name="Clocks" id="EF508B70-2F35-11DB-8753-001372292121"/>
  <movie href="http://s3movies.chumby.com/cdn/xmlmovie/1A4E2476-F7A3-11DD-AA55-001B24E044BE" contenttype="application/x-shockwave-flash"/>
  <swfs>
    <swf width="320" microphone="false" kb="false" camera="false" as_version="2" accelerometer="false" previewable="true" content-type="application/x-shockwave-flash" href="http://s3movies.chumby.com/cdn/xmlmovie/1A4E2476-F7A3-11DD-AA55-001B24E044BE" fixed_ar="false" swf_version="6" height="240" bgcolor="cccccc" supports_browser="false" pointing="false" resolution="" scalable="false" requires_sound="false"/>
  </swfs>
</widget>
