<?xml version="1.0" encoding="UTF-8"?>
<widget href="/xapis/catalog/widget/F7B96020-1FBE-11DF-96A6-001B24F07EF4" id="F7B96020-1FBE-11DF-96A6-001B24F07EF4">
  <name>B Clock</name>
  <description>Another simple digital alarm clock. 

Features 12/24h mode, LCD dimmer and 'gentle' alarm with bird chirp sound (starts quietly and slowly increases volume) and wakeup light which gradually lights up during the last five minutes prior to alarm time.

No snooze. Turn alarm off by moving your Chumby. Alarm will last for one minute if left on.

Alarm needs to be set at least six minutes ahead.</description>
  <version>2.0</version>
  <play mode="timeout" time="15"/>
  <user type="community" id="2CDFD742-1BE2-11DF-85E3-001E681DFAC2" username="mkoskelo"/>
  <security sendable="true" deletable="true" previewable="true" overlay="true" access="public" virtualable="true" approval="approved"/>
  <rating count="33" value="3.8182"/>
  <thumbnail href="http://s3movies.chumby.com/cdn/xmlthumbnail/5A7D48A0-2106-11DF-B79A-001E681DFAC2" contenttype="image/jpeg"/>
  <template href="/xml/configs/F7B96020-1FBE-11DF-96A6-001B24F07EF4" contenttype=""/>
  <category href="http://xml.chumby.com/xapis/catalog/index/EF508B70-2F35-11DB-8753-001372292121" name="Clocks" id="EF508B70-2F35-11DB-8753-001372292121"/>
  <movie href="http://s3movies.chumby.com/cdn/xmlmovie/F7B9DFFA-1FBE-11DF-96A6-001B24F07EF4" contenttype="application/x-shockwave-flash"/>
  <swfs>
    <swf width="320" microphone="false" kb="false" camera="false" as_version="2" accelerometer="false" previewable="true" content-type="application/x-shockwave-flash" href="http://s3movies.chumby.com/cdn/xmlmovie/F7B9DFFA-1FBE-11DF-96A6-001B24F07EF4" fixed_ar="true" swf_version="8" height="240" bgcolor="000000" supports_browser="false" pointing="false" resolution="" scalable="false" requires_sound="false"/>
  </swfs>
</widget>
