<?xml version="1.0" encoding="UTF-8"?>
<widget href="/xapis/catalog/widget/0E0050C8-3265-11E0-8C36-0021288EBF58" id="0E0050C8-3265-11E0-8C36-0021288EBF58">
  <name>Hello. My Name Is...</name>
  <description>The classic sticker now available on your chumby.  Tap the "HELLO" text to toggle the sticker color.  Tap the name text to change its value.  Some suggestions include: Fearless Leader, The Boss, and Lord Vader.  Clear the text to display your device name.</description>
  <version>1.4</version>
  <play mode="timeout" time="45"/>
  <user type="community" id="5C390ADA-65B9-11DD-8131-001B24F07D28" username="develephant"/>
  <security sendable="true" approval="approved" previewable="true" deletable="true" access="public" virtualable="true" overlay="true"/>
  <rating count="13" value="3.6923"/>
  <thumbnail href="http://s3movies.chumby.com/cdn/xmlthumbnail/0DFF6CC6-3265-11E0-8C36-0021288EBF58" contenttype="image/jpeg"/>
  <template href="/xml/configs/0E0050C8-3265-11E0-8C36-0021288EBF58" contenttype=""/>
  <category href="http://xml.chumby.com/xapis/catalog/index/59BC5264-CF80-11DC-92D5-00156009DD9B" name="Communications" id="59BC5264-CF80-11DC-92D5-00156009DD9B"/>
  <movie href="http://s3movies.chumby.com/cdn/xmlmovie/0E03189E-3265-11E0-8C36-0021288EBF58" contenttype="application/x-shockwave-flash"/>
  <swfs>
    <swf width="320" microphone="false" kb="false" camera="false" as_version="2" accelerometer="false" previewable="true" content-type="application/x-shockwave-flash" href="http://s3movies.chumby.com/cdn/xmlmovie/0E03189E-3265-11E0-8C36-0021288EBF58" fixed_ar="true" swf_version="8" height="240" bgcolor="ffffff" supports_browser="false" pointing="false" resolution="" scalable="false" requires_sound="false"/>
  </swfs>
</widget>
