<?xml version="1.0" encoding="UTF-8"?>
<widget href="/xapis/catalog/widget/8DBC975A-E676-11DD-BB2B-001B24F07EF4" id="8DBC975A-E676-11DD-BB2B-001B24F07EF4">
  <name>Refrigerator Magnets</name>
  <description>Communicate with other Chumby owners with Virtual Refrigerator Magnets!   Go ahead and move the letters around - or just watch to see what other people spell.   Note: Content on this widget is not moderated!  View at your own risk :)</description>
  <version>1.6B</version>
  <play mode="timeout" time="15"/>
  <user type="community" id="D932E1A6-8170-11DC-AA89-00146C833363" username="rcarrington"/>
  <security approval="approved" sendable="true" deletable="true" previewable="true" access="public" overlay="true" virtualable="true"/>
  <rating count="106" value="4.0377"/>
  <thumbnail href="http://s3movies.chumby.com/cdn/xmlthumbnail/8DBC876A-E676-11DD-BB2B-001B24F07EF4" contenttype="image/jpeg"/>
  <template href="/xml/configs/8DBC975A-E676-11DD-BB2B-001B24F07EF4" contenttype=""/>
  <category href="http://xml.chumby.com/xapis/catalog/index/59BC5264-CF80-11DC-92D5-00156009DD9B" name="Communications" id="59BC5264-CF80-11DC-92D5-00156009DD9B"/>
  <movie href="http://s3movies.chumby.com/cdn/xmlmovie/57D681C6-E73B-11DD-A363-001B24F07EF4" contenttype="application/x-shockwave-flash"/>
  <swfs>
    <swf width="320" microphone="false" kb="false" camera="false" as_version="2" accelerometer="false" previewable="true" content-type="application/x-shockwave-flash" href="http://s3movies.chumby.com/cdn/xmlmovie/57D681C6-E73B-11DD-A363-001B24F07EF4" fixed_ar="true" swf_version="8" height="240" bgcolor="ffffff" supports_browser="false" pointing="false" resolution="" scalable="false" requires_sound="false"/>
  </swfs>
</widget>
