<?xml version="1.0" encoding="UTF-8"?>
<widget href="/xapis/catalog/widget/4B9EED92-D159-11DC-8A90-0016353B0686" id="4B9EED92-D159-11DC-8A90-0016353B0686">
  <name>Humanclock.com</name>
  <description>A photo depicting the time, for every minute of the day.

Analog version coming soon.

Release notes:
http://www.humanclock.com/chumby.html
</description>
  <version>1.0  </version>
  <play mode="timeout" time="60"/>
  <user type="community" id="8DEBFA1C-9FCE-11DC-A6AB-0016353B0686" username="cgiffen"/>
  <security sendable="true" previewable="true" approval="approved" access="public" deletable="true" virtualable="true" overlay="true"/>
  <rating count="162" value="4.3704"/>
  <thumbnail href="http://s3movies.chumby.com/cdn/xmlthumbnail/CA44CB84-02D3-11DD-AEDD-00156009DD9B" contenttype="image/jpeg"/>
  <template href="http://s3movies.chumby.com/cdn/xmltemplate/85C4B5AE-0478-11DD-A3D2-001635C47868" contenttype="application/x-shockwave-flash"/>
  <category href="http://xml.chumby.com/xapis/catalog/index/EF508B70-2F35-11DB-8753-001372292121" name="Clocks" id="EF508B70-2F35-11DB-8753-001372292121"/>
  <movie href="http://s3movies.chumby.com/cdn/xmlmovie/6ACD6CF8-05F6-11DD-9CCC-0016353BC7CC" contenttype="application/x-shockwave-flash"/>
  <swfs>
    <swf width="320" microphone="false" kb="false" camera="false" as_version="2" accelerometer="false" previewable="true" content-type="application/x-shockwave-flash" href="http://s3movies.chumby.com/cdn/xmlmovie/6ACD6CF8-05F6-11DD-9CCC-0016353BC7CC" fixed_ar="true" swf_version="8" height="240" bgcolor="ffffff" supports_browser="false" pointing="false" resolution="" scalable="false" requires_sound="false"/>
  </swfs>
</widget>
