<?xml version="1.0" encoding="UTF-8"?>
<widget href="/xapis/catalog/widget/A3DC33F8-72D9-11DD-BBAC-001E681DFAC2" id="A3DC33F8-72D9-11DD-BBAC-001E681DFAC2">
  <name>Lava lamp</name>
  <description>Every desktop should have a lava lamp. Created by Yan Theriault - yanbuzz@gmail.com</description>
  <version>1.0</version>
  <play mode="timeout" time="60"/>
  <user type="community" id="87E213CC-0009-11DD-A70F-0016353B0686" username="Yuzzy"/>
  <security sendable="true" approval="approved" previewable="true" access="public" deletable="true" virtualable="true" overlay="true"/>
  <rating count="165" value="3.6182"/>
  <thumbnail href="http://s3movies.chumby.com/cdn/xmlthumbnail/9372B2E2-89C9-11DD-9E15-001B24F07D28" contenttype="image/jpeg"/>
  <template href="/xml/configs/A3DC33F8-72D9-11DD-BBAC-001E681DFAC2" contenttype=""/>
  <category href="http://xml.chumby.com/xapis/catalog/index/AC50ADA4-4088-11DC-B053-0030485A78AA" name="Animation" id="AC50ADA4-4088-11DC-B053-0030485A78AA"/>
  <movie href="http://s3movies.chumby.com/cdn/xmlmovie/93655476-89C9-11DD-9E15-001B24F07D28" contenttype="application/x-shockwave-flash"/>
  <swfs>
    <swf width="320" microphone="false" kb="false" camera="false" as_version="2" accelerometer="false" previewable="true" content-type="application/x-shockwave-flash" href="http://s3movies.chumby.com/cdn/xmlmovie/93655476-89C9-11DD-9E15-001B24F07D28" fixed_ar="true" swf_version="4" height="240" bgcolor="330134" supports_browser="false" pointing="false" resolution="" scalable="false" requires_sound="false"/>
  </swfs>
</widget>
