<?xml version="1.0" encoding="UTF-8"?>
<widget href="/xapis/catalog/widget/045DC6E4-D24D-11DB-8510-0030485A78AA" id="045DC6E4-D24D-11DB-8510-0030485A78AA">
  <name>Countdown to Christmas</name>
  <description>A daily countdown to Christmas...</description>
  <version>2.0</version>
  <play mode="default" time="15"/>
  <user type="community" id="FAE524F6-CCFF-11DB-AD70-00161771248C" username="howdog"/>
  <security sendable="true" approval="approved" previewable="true" access="public" deletable="true" virtualable="true" overlay="true"/>
  <rating count="117" value="4.1026"/>
  <thumbnail href="http://s3movies.chumby.com/cdn/xmlthumbnail/E6D04CF6-2C8E-11DF-9E9C-001B24E044BE" contenttype="image/jpeg"/>
  <template href="http://s3movies.chumby.com/cdn/xmltemplate/E752684E-2C8E-11DF-9E9C-001B24E044BE" contenttype="text/xml"/>
  <category href="http://xml.chumby.com/xapis/catalog/index/5E907BD0-2F36-11DB-AF6D-001372292121" name="Calendars" id="5E907BD0-2F36-11DB-AF6D-001372292121"/>
  <movie href="http://s3movies.chumby.com/cdn/xmlmovie/E7D0C87E-2C8E-11DF-9E9C-001B24E044BE" contenttype="application/x-shockwave-flash"/>
  <swfs>
    <swf width="320" microphone="false" kb="false" camera="false" as_version="2" accelerometer="false" previewable="true" content-type="application/x-shockwave-flash" href="http://s3movies.chumby.com/cdn/xmlmovie/E7D0C87E-2C8E-11DF-9E9C-001B24E044BE" fixed_ar="true" swf_version="6" height="240" bgcolor="ffffff" supports_browser="false" pointing="false" resolution="" scalable="false" requires_sound="false"/>
  </swfs>
</widget>
