<?xml version="1.0" encoding="UTF-8"?>
<widget href="/xapis/catalog/widget/C3315EAC-5027-11DC-9551-0030485A78AA" id="C3315EAC-5027-11DC-9551-0030485A78AA">
  <name>Daily Countdown</name>
  <description>An animated daily countdown to any event you specify!</description>
  <version>1.1.1</version>
  <play mode="default" time="15"/>
  <user type="chumby" id="FAE524F6-CCFF-11DB-AD70-00161771248C" username="howdog"/>
  <security sendable="true" deletable="true" previewable="true" overlay="true" access="public" virtualable="true" approval="approved"/>
  <rating count="102" value="4.0"/>
  <thumbnail href="http://s3movies.chumby.com/cdn/xmlthumbnail/0D82962A-20BD-11DF-88B8-001B24E044BE" contenttype="image/jpeg"/>
  <template href="http://s3movies.chumby.com/cdn/xmltemplate/0E189A26-20BD-11DF-88B8-001B24E044BE" contenttype="application/x-shockwave-flash"/>
  <category href="http://xml.chumby.com/xapis/catalog/index/5E907BD0-2F36-11DB-AF6D-001372292121" name="Calendars" id="5E907BD0-2F36-11DB-AF6D-001372292121"/>
  <movie href="http://s3movies.chumby.com/cdn/xmlmovie/0EA6B89C-20BD-11DF-88B8-001B24E044BE" contenttype="application/x-shockwave-flash"/>
  <swfs>
    <swf width="320" microphone="false" kb="false" camera="false" as_version="2" accelerometer="false" previewable="true" content-type="application/x-shockwave-flash" href="http://s3movies.chumby.com/cdn/xmlmovie/0EA6B89C-20BD-11DF-88B8-001B24E044BE" fixed_ar="true" swf_version="8" height="240" bgcolor="ffffff" supports_browser="false" pointing="false" resolution="" scalable="false" requires_sound="false"/>
  </swfs>
</widget>
