<?xml version="1.0" encoding="UTF-8"?>
<widget href="/xapis/catalog/widget/2AE7D950-2E01-11DE-800E-001E681DF646" id="2AE7D950-2E01-11DE-800E-001E681DF646">
  <name>The Font Changing Clock</name>
  <description>This clock will change font if you tap the screen or shake the chumby. Tap above the time to randomize the font. Tap below to scroll through the fonts. Tap at the very bottom to make the fonts all the same. Tap each number to change it's font.</description>
  <version>1.0</version>
  <play mode="timeout" time="30"/>
  <user type="community" id="36A1710A-6FB8-11DD-8B85-001B24F07D28" username="vvaidy"/>
  <security sendable="true" previewable="true" approval="approved" access="public" deletable="true" virtualable="true" overlay="true"/>
  <rating count="15" value="3.8"/>
  <thumbnail href="http://s3movies.chumby.com/cdn/xmlthumbnail/2AE7BD76-2E01-11DE-800E-001E681DF646" contenttype="image/jpeg"/>
  <template href="/xml/configs/2AE7D950-2E01-11DE-800E-001E681DF646" contenttype=""/>
  <category href="http://xml.chumby.com/xapis/catalog/index/EF508B70-2F35-11DB-8753-001372292121" name="Clocks" id="EF508B70-2F35-11DB-8753-001372292121"/>
  <movie href="http://s3movies.chumby.com/cdn/xmlmovie/2AE855BA-2E01-11DE-800E-001E681DF646" contenttype="application/x-shockwave-flash"/>
  <swfs>
    <swf width="320" microphone="false" kb="false" camera="false" as_version="2" accelerometer="false" previewable="true" content-type="application/x-shockwave-flash" href="http://s3movies.chumby.com/cdn/xmlmovie/2AE855BA-2E01-11DE-800E-001E681DF646" fixed_ar="false" swf_version="7" height="240" bgcolor="000000" supports_browser="false" pointing="false" resolution="" scalable="false" requires_sound="false"/>
  </swfs>
</widget>
