<?xml version="1.0" encoding="UTF-8"?>
<widget href="/xapis/catalog/widget/F80B76F4-E6D8-11DE-88BE-001E681DFAC2" id="F80B76F4-E6D8-11DE-88BE-001E681DFAC2">
  <name>Ringtone Of The Day</name>
  <description>The Ringtone of the Day widget brings all the thrills of a ringing cellphone to your Chumby, featuring a new ringtone each day by the American Ringtone Band (America's foremost ringtone only band). 
 Visit http://www.americanringtoneband.com for more info and links to their award winning  (of sorts) show.

</description>
  <version>1.1</version>
  <play mode="timeout" time="45"/>
  <user type="community" id="998A246E-D53E-11DE-937E-001E681DFAC2" username="irnglxy"/>
  <security sendable="true" deletable="true" previewable="true" overlay="true" access="public" virtualable="true" approval="approved"/>
  <rating count="15" value="2.7333"/>
  <thumbnail href="http://s3movies.chumby.com/cdn/xmlthumbnail/50A4C1D6-EC5F-11DE-8DF3-001E681DFAC2" contenttype="image/jpeg"/>
  <template href="/xml/configs/F80B76F4-E6D8-11DE-88BE-001E681DFAC2" contenttype=""/>
  <category href="http://xml.chumby.com/xapis/catalog/index/175E3A6A-5D3D-11DB-A0DD-0030485A78AA" name="Entertainment" id="175E3A6A-5D3D-11DB-A0DD-0030485A78AA"/>
  <movie href="http://s3movies.chumby.com/cdn/xmlmovie/F80C1028-E6D8-11DE-88BE-001E681DFAC2" contenttype="application/x-shockwave-flash"/>
  <swfs>
    <swf width="320" microphone="false" kb="false" camera="false" as_version="2" accelerometer="false" previewable="true" content-type="application/x-shockwave-flash" href="http://s3movies.chumby.com/cdn/xmlmovie/F80C1028-E6D8-11DE-88BE-001E681DFAC2" fixed_ar="true" swf_version="8" height="240" bgcolor="ffffff" supports_browser="false" pointing="false" resolution="" scalable="false" requires_sound="false"/>
  </swfs>
</widget>
