<?xml version="1.0" encoding="UTF-8"?>
<widget href="/xapis/catalog/widget/5DAA8FEC-254B-11E1-B114-12313D23C162" id="5DAA8FEC-254B-11E1-B114-12313D23C162">
  <name>Sleep Noise Clock</name>
  <description>Sleep noise sounds with clock. Includes Brown, pink, and white noise. Control volume with chumby button.  Put the app in its own channel and select it before you go to bed or set an event timer to have it waiting for you around bedtime.

12/15/11: Now includes night time crickets.  More sounds to come.
1/1/12: Redesigned app for AS2 (hopefully will work on older chumby/android?)
1/19/12: Darker buttons per request. Don't know how to code the 12/24 hour switch. If anyone wants to help me with the code, I'd be happy to do it.</description>
  <version>1.1</version>
  <play mode="timeout" time="45"/>
  <user type="community" id="2A3B3A32-C13A-11E0-AD8E-0021288E785A" username="pete676"/>
  <security sendable="true" previewable="true" access="public" approval="approved" virtualable="true" deletable="true" overlay="true"/>
  <rating count="7" value="4.2857"/>
  <thumbnail href="http://s3movies.chumby.com/cdn/xmlthumbnail/E9BE4C14-2C60-11E1-ADA2-1231392EFFEB" contenttype="image/jpeg"/>
  <template href="/xml/configs/5DAA8FEC-254B-11E1-B114-12313D23C162" contenttype=""/>
  <category href="http://xml.chumby.com/xapis/catalog/index/EF508B70-2F35-11DB-8753-001372292121" name="Clocks" id="EF508B70-2F35-11DB-8753-001372292121"/>
  <movie href="http://s3movies.chumby.com/cdn/xmlmovie/A5AF8D7E-3482-11E1-B2B5-12313D23C162" contenttype="application/x-shockwave-flash"/>
  <swfs>
    <swf width="800" microphone="false" kb="false" camera="false" as_version="3" accelerometer="false" previewable="true" content-type="application/x-shockwave-flash" href="http://s3movies.chumby.com/cdn/xmlmovie/5DBFEDA6-254B-11E1-B114-12313D23C162" fixed_ar="true" swf_version="9" height="600" bgcolor="000000" supports_browser="false" pointing="false" resolution="800x600" scalable="false" requires_sound="false"/>
    <swf width="320" microphone="false" kb="false" camera="false" as_version="2" accelerometer="false" previewable="true" content-type="application/x-shockwave-flash" href="http://s3movies.chumby.com/cdn/xmlmovie/A5AF8D7E-3482-11E1-B2B5-12313D23C162" fixed_ar="true" swf_version="8" height="240" bgcolor="000000" supports_browser="false" pointing="false" resolution="320x240" scalable="false" requires_sound="false"/>
  </swfs>
</widget>
