<?xml version="1.0" encoding="UTF-8"?>
<widget href="/xapis/catalog/widget/C993A5E4-9D6E-11DD-8D73-001E681DFAC2" id="C993A5E4-9D6E-11DD-8D73-001E681DFAC2">
  <name>UpsideDownDogs</name>
  <description>Most recent photos from upsidedowndogs.com</description>
  <version>1.1</version>
  <play mode="default" time="30"/>
  <user type="community" id="E818F108-307A-11DB-9A6C-001372292121" username="dmaxwell"/>
  <security sendable="true" deletable="true" previewable="true" overlay="true" access="public" virtualable="true" approval="approved"/>
  <rating count="31" value="3.9355"/>
  <thumbnail href="http://s3movies.chumby.com/cdn/xmlthumbnail/C993941E-9D6E-11DD-8D73-001E681DFAC2" contenttype="image/jpeg"/>
  <template href="http://s3movies.chumby.com/cdn/xmltemplate/2525D45E-EAE7-11E0-BB2F-001B24E044BE" contenttype="text/xml"/>
  <category href="http://xml.chumby.com/xapis/catalog/index/2DAEAFDA-9798-11DB-9563-0030485A78AA" name="Animals" id="2DAEAFDA-9798-11DB-9563-0030485A78AA"/>
  <movie href="http://s3movies.chumby.com/cdn/xmlmovie/5DC51ADE-F31B-11DD-8940-001E681DF646" contenttype="application/x-shockwave-flash"/>
  <swfs>
    <swf width="320" microphone="false" kb="false" camera="false" as_version="2" accelerometer="false" previewable="true" content-type="application/x-shockwave-flash" href="http://s3movies.chumby.com/cdn/xmlmovie/5DC51ADE-F31B-11DD-8940-001E681DF646" fixed_ar="true" swf_version="8" height="240" bgcolor="ffffff" supports_browser="false" pointing="false" resolution="" scalable="false" requires_sound="false"/>
  </swfs>
</widget>
