<?xml version="1.0" encoding="UTF-8"?>
<widget href="/xapis/catalog/widget/54AE4A46-E18F-11DB-B2F9-00161771248C" id="54AE4A46-E18F-11DB-B2F9-00161771248C">
  <name>Astronomy Picture Of The Day</name>
  <description>Images from the NASA archives with comments by professional astronomers, resized for the Chumby.</description>
  <version>1.0</version>
  <play mode="timeout" time="30"/>
  <user type="community" id="5BA65946-A28E-11DB-8BF6-00161771248C" username="hgroover"/>
  <security sendable="true" previewable="true" access="public" approval="approved" virtualable="true" deletable="true" overlay="true"/>
  <rating count="39" value="2.8205"/>
  <thumbnail href="http://s3movies.chumby.com/cdn/xmlthumbnail/2291BBCE-2415-11DC-A307-0030485A78AA" contenttype="image/pjpeg"/>
  <template href="http://s3movies.chumby.com/cdn/xmltemplate/228F3124-2415-11DC-A307-0030485A78AA" contenttype="application/x-shockwave-flash"/>
  <category href="http://xml.chumby.com/xapis/catalog/index/E130976A-09A5-11DC-8592-0030488E34F8" name="Educational" id="E130976A-09A5-11DC-8592-0030488E34F8"/>
  <movie href="http://s3movies.chumby.com/cdn/xmlmovie/228A5532-2415-11DC-A307-0030485A78AA" contenttype="application/x-shockwave-flash"/>
  <swfs>
    <swf width="320" microphone="false" kb="false" camera="false" as_version="2" accelerometer="false" previewable="true" content-type="application/x-shockwave-flash" href="http://s3movies.chumby.com/cdn/xmlmovie/228A5532-2415-11DC-A307-0030485A78AA" fixed_ar="true" swf_version="6" height="240" bgcolor="000000" supports_browser="false" pointing="false" resolution="" scalable="false" requires_sound="false"/>
  </swfs>
</widget>
