<?xml version="1.0" encoding="UTF-8"?>
<widget href="/xapis/catalog/widget/6DFAE686-78F1-11DC-ADDE-0030488E34F8" id="6DFAE686-78F1-11DC-ADDE-0030488E34F8">
  <name>Huge Clock</name>
  <description>The largest digital clock possible - ideal for folks with myopia!</description>
  <version>1.1</version>
  <play mode="timeout" time="30"/>
  <user type="community" id="E818F108-307A-11DB-9A6C-001372292121" username="dmaxwell"/>
  <security approval="approved" sendable="true" deletable="true" previewable="true" access="public" overlay="true" virtualable="true"/>
  <rating count="20" value="3.4"/>
  <thumbnail href="http://s3movies.chumby.com/cdn/xmlthumbnail/6DFA6148-78F1-11DC-ADDE-0030488E34F8" contenttype="image/jpeg"/>
  <template href="/xml/configs/6DFAE686-78F1-11DC-ADDE-0030488E34F8" contenttype=""/>
  <category href="http://xml.chumby.com/xapis/catalog/index/EF508B70-2F35-11DB-8753-001372292121" name="Clocks" id="EF508B70-2F35-11DB-8753-001372292121"/>
  <movie href="http://s3movies.chumby.com/cdn/xmlmovie/62AFA334-F4A1-11DD-98EB-001B24F07EF4" contenttype="application/x-shockwave-flash"/>
  <swfs>
    <swf width="320" microphone="false" kb="false" camera="false" as_version="2" accelerometer="false" previewable="true" content-type="application/x-shockwave-flash" href="http://s3movies.chumby.com/cdn/xmlmovie/62AFA334-F4A1-11DD-98EB-001B24F07EF4" fixed_ar="true" swf_version="6" height="240" bgcolor="496082" supports_browser="false" pointing="false" resolution="" scalable="false" requires_sound="false"/>
  </swfs>
</widget>
