<?xml version="1.0" encoding="UTF-8"?>
<widget href="/xapis/catalog/widget/4A2753C0-33B9-11DC-A2C9-0030485A78AA" id="4A2753C0-33B9-11DC-A2C9-0030485A78AA">
  <name>Langton's Ant</name>
  <description>A simple cellular automaton.</description>
  <version>1.1</version>
  <play mode="default" time="15"/>
  <user type="community" id="E818F108-307A-11DB-9A6C-001372292121" username="dmaxwell"/>
  <security sendable="true" approval="approved" previewable="true" deletable="true" access="public" virtualable="true" overlay="true"/>
  <rating count="19" value="3.7895"/>
  <thumbnail href="http://s3movies.chumby.com/cdn/xmlthumbnail/E3B3C34C-3BD5-11DC-A7CE-0030485A78AA" contenttype="image/jpeg"/>
  <template href="http://s3movies.chumby.com/cdn/xmltemplate/E3BC4D1E-3BD5-11DC-A7CE-0030485A78AA" contenttype="text/xml"/>
  <category href="http://xml.chumby.com/xapis/catalog/index/E130976A-09A5-11DC-8592-0030488E34F8" name="Educational" id="E130976A-09A5-11DC-8592-0030488E34F8"/>
  <movie href="http://s3movies.chumby.com/cdn/xmlmovie/E3C3ECFE-3BD5-11DC-A7CE-0030485A78AA" contenttype="application/x-shockwave-flash"/>
  <swfs>
    <swf width="320" microphone="false" kb="false" camera="false" as_version="2" accelerometer="false" previewable="true" content-type="application/x-shockwave-flash" href="http://s3movies.chumby.com/cdn/xmlmovie/E3C3ECFE-3BD5-11DC-A7CE-0030485A78AA" fixed_ar="false" swf_version="6" height="240" bgcolor="000000" supports_browser="false" pointing="false" resolution="" scalable="false" requires_sound="false"/>
  </swfs>
</widget>
