<?xml version="1.0" encoding="UTF-8"?>
<widget href="/xapis/catalog/widget/5FC9885E-BDC2-11DC-A690-00156009DD9B" id="5FC9885E-BDC2-11DC-A690-00156009DD9B">
  <name>chumby drums</name>
  <description>Boom, Crash, Boom!</description>
  <version>1.1</version>
  <play mode="timeout" time="15"/>
  <user type="community" id="BDB5AF80-BDA7-11DC-9660-0016353B0686" username="ChrisPirillo"/>
  <security sendable="true" approval="approved" previewable="true" access="public" deletable="true" virtualable="true" overlay="true"/>
  <rating count="92" value="3.1304"/>
  <thumbnail href="http://s3movies.chumby.com/cdn/xmlthumbnail/DA7EFD00-BE4D-11DC-B120-001635C47868" contenttype="image/pjpeg"/>
  <template href="/xml/configs/5FC9885E-BDC2-11DC-A690-00156009DD9B" contenttype=""/>
  <category href="http://xml.chumby.com/xapis/catalog/index/175E3A6A-5D3D-11DB-A0DD-0030485A78AA" name="Entertainment" id="175E3A6A-5D3D-11DB-A0DD-0030485A78AA"/>
  <movie href="http://s3movies.chumby.com/cdn/xmlmovie/DA0A55F4-BE4D-11DC-B120-001635C47868" contenttype="application/x-shockwave-flash"/>
  <swfs>
    <swf width="320" microphone="false" kb="false" camera="false" as_version="2" accelerometer="false" previewable="true" content-type="application/x-shockwave-flash" href="http://s3movies.chumby.com/cdn/xmlmovie/DA0A55F4-BE4D-11DC-B120-001635C47868" fixed_ar="true" swf_version="8" height="240" bgcolor="ffffff" supports_browser="false" pointing="false" resolution="" scalable="false" requires_sound="false"/>
  </swfs>
</widget>
