<?xml version="1.0" encoding="UTF-8"?>
<widget href="/xapis/catalog/widget/3B9667E8-2584-11DD-B087-0030485B75AA" id="3B9667E8-2584-11DD-B087-0030485B75AA">
  <name>ChumPresenter</name>
  <description>I made a script to make presentations on Chumby. This is my first presentation using the script, champresenter. lang:ja</description>
  <version>1.0</version>
  <play mode="timeout" time="15"/>
  <user type="community" id="32504D20-10E4-11DD-94AB-0030488E34CA" username="nishio"/>
  <security sendable="true" overlay="true" previewable="true" access="public" virtualable="true" approval="approved" deletable="true"/>
  <rating count="3" value="2.3333"/>
  <thumbnail href="http://s3movies.chumby.com/cdn/xmlthumbnail/3B962EA4-2584-11DD-B087-0030485B75AA" contenttype="image/jpeg"/>
  <template href="/xml/configs/3B9667E8-2584-11DD-B087-0030485B75AA" contenttype=""/>
  <category href="http://xml.chumby.com/xapis/catalog/index/E130976A-09A5-11DC-8592-0030488E34F8" name="Educational" id="E130976A-09A5-11DC-8592-0030488E34F8"/>
  <movie href="http://s3movies.chumby.com/cdn/xmlmovie/3B9360F2-2584-11DD-B087-0030485B75AA" contenttype="application/x-shockwave-flash"/>
  <swfs>
    <swf width="320" microphone="false" kb="false" camera="false" as_version="2" accelerometer="false" previewable="true" content-type="application/x-shockwave-flash" href="http://s3movies.chumby.com/cdn/xmlmovie/3B9360F2-2584-11DD-B087-0030485B75AA" fixed_ar="false" swf_version="8" height="240" bgcolor="eeffee" supports_browser="false" pointing="false" resolution="" scalable="false" requires_sound="false"/>
  </swfs>
</widget>
