<?xml version="1.0" encoding="UTF-8"?>
<widget href="/xapis/catalog/widget/65CDADB8-D324-11E0-89A3-0021288EBF58" id="65CDADB8-D324-11E0-89A3-0021288EBF58">
  <name>TxtMsg</name>
  <description>Send messages from a web application to your Chumby device.
Default Web Application URL to send messages from: http://www.teelsys.com/chumby/chumbyaddmessage.aspx

NOTES: 
  - The default site does not need a UserName and Password.
  - Please read the blog entry at chumbydev.blogspot.com to learn more about this application as well as downloading the source code. (Coming Soon)
  - This is a rather large widget as I wanted to include fonts for international support. This widget can currently display text from several countries but if the size becomes an issue I may need to remove or reduce the embedded fonts.

Updated: 31 Aug 2011</description>
  <version>1.0</version>
  <play mode="timeout" time="45"/>
  <user type="community" id="C87E71EA-C4A5-11DC-9FA4-00156009DD9B" username="richteel"/>
  <security sendable="true" previewable="true" approval="approved" access="public" deletable="true" virtualable="true" overlay="true"/>
  <rating count="5" value="3.2"/>
  <thumbnail href="http://s3movies.chumby.com/cdn/xmlthumbnail/65CCE9DC-D324-11E0-89A3-0021288EBF58" contenttype="image/jpeg"/>
  <template href="http://s3movies.chumby.com/cdn/xmltemplate/1B1B81E0-D3E8-11E0-96D9-0021288E785A" contenttype="application/x-shockwave-flash"/>
  <category href="http://xml.chumby.com/xapis/catalog/index/59BC5264-CF80-11DC-92D5-00156009DD9B" name="Communications" id="59BC5264-CF80-11DC-92D5-00156009DD9B"/>
  <movie href="http://s3movies.chumby.com/cdn/xmlmovie/65CFDEBC-D324-11E0-89A3-0021288EBF58" contenttype="application/x-shockwave-flash"/>
  <swfs>
    <swf width="320" microphone="false" kb="false" camera="false" as_version="2" accelerometer="false" previewable="true" content-type="application/x-shockwave-flash" href="http://s3movies.chumby.com/cdn/xmlmovie/65CFDEBC-D324-11E0-89A3-0021288EBF58" fixed_ar="true" swf_version="8" height="240" bgcolor="ffffff" supports_browser="false" pointing="false" resolution="" scalable="false" requires_sound="false"/>
  </swfs>
</widget>
