<?xml version="1.0" encoding="UTF-8"?>
<widget href="/xapis/catalog/widget/3C8F58B0-806C-11DD-8CF9-001B24F07EF4" id="3C8F58B0-806C-11DD-8CF9-001B24F07EF4">
  <name>Ricardo Calendar</name>
  <description>Ricardo the Cat is here to greet you everyday of the year with this stylish calendar that displays the day of the week, the month and the date. 

This is version 1.0 - it simply displays the elements listed above. The next update will offer more interaction with Ricardo.  </description>
  <version>1.0</version>
  <play mode="timeout" time="30"/>
  <user type="community" id="1032B9B2-2724-11DC-8B89-0030485B7900" username="IBlackedOut"/>
  <security sendable="true" approval="approved" previewable="true" deletable="true" access="public" virtualable="true" overlay="true"/>
  <rating count="26" value="3.1923"/>
  <thumbnail href="http://s3movies.chumby.com/cdn/xmlthumbnail/3C8F474E-806C-11DD-8CF9-001B24F07EF4" contenttype="image/jpeg"/>
  <template href="/xml/configs/3C8F58B0-806C-11DD-8CF9-001B24F07EF4" contenttype=""/>
  <category href="http://xml.chumby.com/xapis/catalog/index/5E907BD0-2F36-11DB-AF6D-001372292121" name="Calendars" id="5E907BD0-2F36-11DB-AF6D-001372292121"/>
  <movie href="http://s3movies.chumby.com/cdn/xmlmovie/200C39F8-84BB-11DD-BFFA-001B24F07D28" contenttype="application/x-shockwave-flash"/>
  <swfs>
    <swf width="320" microphone="false" kb="false" camera="false" as_version="2" accelerometer="false" previewable="true" content-type="application/x-shockwave-flash" href="http://s3movies.chumby.com/cdn/xmlmovie/200C39F8-84BB-11DD-BFFA-001B24F07D28" fixed_ar="true" swf_version="8" height="240" bgcolor="ffffff" supports_browser="false" pointing="false" resolution="" scalable="false" requires_sound="false"/>
  </swfs>
</widget>
