<?xml version="1.0" encoding="UTF-8"?>
<widget href="/xapis/catalog/widget/5FD58D72-71E5-11E0-9648-0021288EBF58" id="5FD58D72-71E5-11E0-9648-0021288EBF58">
  <name>1920's Slang</name>
  <description>Slang from the 1920's courtesy of the  Antique Automobile Club of America's Brass-Nickel Group!

There's an invisible fun-button in the bottom right corner!</description>
  <version>1.07</version>
  <play mode="timeout" time="45"/>
  <user type="community" id="4B3A1E42-144B-11DC-B0E0-0030485B7900" username="djchumby"/>
  <security sendable="true" approval="approved" previewable="true" access="publicplus" deletable="true" virtualable="true" overlay="true"/>
  <rating count="4" value="3.0"/>
  <thumbnail href="http://s3movies.chumby.com/cdn/xmlthumbnail/9E1C738C-71E7-11E0-9A1C-0021288E720C" contenttype="image/jpeg"/>
  <template href="/xml/configs/5FD58D72-71E5-11E0-9648-0021288EBF58" contenttype=""/>
  <category href="http://xml.chumby.com/xapis/catalog/index/E130976A-09A5-11DC-8592-0030488E34F8" name="Educational" id="E130976A-09A5-11DC-8592-0030488E34F8"/>
  <movie href="http://s3movies.chumby.com/cdn/xmlmovie/5FD77FE2-71E5-11E0-9648-0021288EBF58" contenttype="application/x-shockwave-flash"/>
  <swfs>
    <swf width="320" microphone="false" kb="false" camera="false" as_version="2" accelerometer="false" previewable="true" content-type="application/x-shockwave-flash" href="http://s3movies.chumby.com/cdn/xmlmovie/5FD77FE2-71E5-11E0-9648-0021288EBF58" fixed_ar="false" swf_version="8" height="240" bgcolor="000000" supports_browser="false" pointing="false" resolution="" scalable="false" requires_sound="false"/>
  </swfs>
</widget>
