<?xml version="1.0" encoding="UTF-8"?>
<widget href="/xapis/catalog/widget/963B8F66-6FCC-11DC-AA89-00146C833363" id="963B8F66-6FCC-11DC-AA89-00146C833363">
  <name>Cute Butterflies</name>
  <description>Cute Butterflies</description>
  <version>1.0</version>
  <play mode="timeout" time="15"/>
  <user type="community" id="1BB8BAC2-6D54-11DC-8649-0030488CBE0D" username="nsmchris"/>
  <security sendable="true" approval="approved" previewable="true" access="public" deletable="true" virtualable="true" overlay="true"/>
  <rating count="27" value="3.6296"/>
  <thumbnail href="http://s3movies.chumby.com/cdn/xmlthumbnail/5F783C4E-7081-11DC-8649-0030488CBE0D" contenttype="image/jpeg"/>
  <template href="/xml/configs/963B8F66-6FCC-11DC-AA89-00146C833363" contenttype=""/>
  <category href="http://xml.chumby.com/xapis/catalog/index/2DAEAFDA-9798-11DB-9563-0030485A78AA" name="Animals" id="2DAEAFDA-9798-11DB-9563-0030485A78AA"/>
  <movie href="http://s3movies.chumby.com/cdn/xmlmovie/5F668670-7081-11DC-8649-0030488CBE0D" contenttype="application/x-shockwave-flash"/>
  <swfs>
    <swf width="320" microphone="false" kb="false" camera="false" as_version="2" accelerometer="false" previewable="true" content-type="application/x-shockwave-flash" href="http://s3movies.chumby.com/cdn/xmlmovie/5F668670-7081-11DC-8649-0030488CBE0D" fixed_ar="false" swf_version="7" height="240" bgcolor="66ccff" supports_browser="false" pointing="false" resolution="" scalable="false" requires_sound="false"/>
  </swfs>
</widget>
