<?xml version="1.0" encoding="UTF-8"?>
<widget href="/xapis/catalog/widget/6A180782-953A-11DC-87B3-0030488E34F8" id="6A180782-953A-11DC-87B3-0030488E34F8">
  <name>jack in the box sound toy</name>
  <description>virtual jack in the box sound toy by interactive artist Carla Diana</description>
  <version>1.0</version>
  <play mode="timeout" time="60"/>
  <user type="community" id="C203D5D2-93F7-11DC-87B3-0030488E34F8" username="bianca"/>
  <security sendable="true" deletable="true" previewable="true" overlay="true" access="public" virtualable="true" approval="approved"/>
  <rating count="33" value="2.7879"/>
  <thumbnail href="http://s3movies.chumby.com/cdn/xmlthumbnail/6A17DD84-953A-11DC-87B3-0030488E34F8" contenttype="image/jpeg"/>
  <template href="/xml/configs/6A180782-953A-11DC-87B3-0030488E34F8" contenttype=""/>
  <category href="http://xml.chumby.com/xapis/catalog/index/175E3A6A-5D3D-11DB-A0DD-0030485A78AA" name="Entertainment" id="175E3A6A-5D3D-11DB-A0DD-0030485A78AA"/>
  <movie href="http://s3movies.chumby.com/cdn/xmlmovie/07EEFDB4-A40C-11DC-A598-00156009DD9B" contenttype="application/x-shockwave-flash"/>
  <swfs>
    <swf width="320" microphone="false" kb="false" camera="false" as_version="2" accelerometer="false" previewable="true" content-type="application/x-shockwave-flash" href="http://s3movies.chumby.com/cdn/xmlmovie/07EEFDB4-A40C-11DC-A598-00156009DD9B" fixed_ar="true" swf_version="6" height="240" bgcolor="fff5f2" supports_browser="false" pointing="false" resolution="" scalable="false" requires_sound="false"/>
  </swfs>
</widget>
