<?xml version="1.0" encoding="UTF-8"?>
<widget href="/xapis/catalog/widget/948504EC-B9C1-11DC-AF65-0016353BC7CC" id="948504EC-B9C1-11DC-AF65-0016353BC7CC">
  <name>Fuzzy Time</name>
  <description>Displays time the way a human reads a clock</description>
  <version>.7</version>
  <play mode="timeout" time="15"/>
  <user type="community" id="97944A52-6418-11DC-AA89-00146C833363" username="jasson"/>
  <security approval="approved" sendable="true" deletable="true" previewable="true" access="public" overlay="true" virtualable="true"/>
  <rating count="148" value="4.0405"/>
  <thumbnail href="http://s3movies.chumby.com/cdn/xmlthumbnail/20A7E7CA-BA92-11DC-B120-001635C47868" contenttype="image/jpeg"/>
  <template href="/xml/configs/948504EC-B9C1-11DC-AF65-0016353BC7CC" contenttype=""/>
  <category href="http://xml.chumby.com/xapis/catalog/index/EF508B70-2F35-11DB-8753-001372292121" name="Clocks" id="EF508B70-2F35-11DB-8753-001372292121"/>
  <movie href="http://s3movies.chumby.com/cdn/xmlmovie/76D2230C-BA9E-11DC-AF65-0016353BC7CC" contenttype="application/x-shockwave-flash"/>
  <swfs>
    <swf width="320" microphone="false" kb="false" camera="false" as_version="2" accelerometer="false" previewable="true" content-type="application/x-shockwave-flash" href="http://s3movies.chumby.com/cdn/xmlmovie/76D2230C-BA9E-11DC-AF65-0016353BC7CC" fixed_ar="true" swf_version="8" height="240" bgcolor="ffffff" supports_browser="false" pointing="false" resolution="" scalable="false" requires_sound="false"/>
  </swfs>
</widget>
