<?xml version="1.0" encoding="UTF-8"?>
<widget href="/xapis/catalog/widget/97146470-73C3-11DD-BBAC-001E681DFAC2" id="97146470-73C3-11DD-BBAC-001E681DFAC2">
  <name>LED Point Clock</name>
  <description>LED clock with date.
Get free clocks for your own website at www.adamdorman.com.</description>
  <version>1.1</version>
  <play mode="timeout" time="30"/>
  <user type="community" id="E790164A-5200-11DD-BAC5-001E681DFAC2" username="adorman"/>
  <security sendable="true" deletable="true" previewable="true" overlay="true" access="public" virtualable="true" approval="approved"/>
  <rating count="38" value="3.8158"/>
  <thumbnail href="http://s3movies.chumby.com/cdn/xmlthumbnail/059230C0-7474-11DD-9D32-001E681DFAC2" contenttype="image/jpeg"/>
  <template href="/xml/configs/97146470-73C3-11DD-BBAC-001E681DFAC2" contenttype=""/>
  <category href="http://xml.chumby.com/xapis/catalog/index/EF508B70-2F35-11DB-8753-001372292121" name="Clocks" id="EF508B70-2F35-11DB-8753-001372292121"/>
  <movie href="http://s3movies.chumby.com/cdn/xmlmovie/A114736C-747B-11DD-9D32-001E681DFAC2" contenttype="application/x-shockwave-flash"/>
  <swfs>
    <swf width="320" microphone="false" kb="false" camera="false" as_version="2" accelerometer="false" previewable="true" content-type="application/x-shockwave-flash" href="http://s3movies.chumby.com/cdn/xmlmovie/A114736C-747B-11DD-9D32-001E681DFAC2" fixed_ar="false" swf_version="8" height="240" bgcolor="000000" supports_browser="false" pointing="false" resolution="" scalable="false" requires_sound="false"/>
  </swfs>
</widget>
