<?xml version="1.0" encoding="UTF-8"?>
<widget href="/xapis/catalog/widget/B8E76F58-1953-11DE-89C9-001E681DF646" id="B8E76F58-1953-11DE-89C9-001E681DF646">
  <name>Received Stamp Clock</name>
  <description>I have this funny little receivables stamp in my office that I thought would make a good clock.</description>
  <version>1.01</version>
  <play mode="timeout" time="15"/>
  <user type="community" id="906EB7B6-30E3-11DC-83E9-0030488E34F8" username="myridom"/>
  <security sendable="true" previewable="true" access="public" approval="approved" virtualable="true" deletable="true" overlay="true"/>
  <rating count="3" value="2.6667"/>
  <thumbnail href="http://s3movies.chumby.com/cdn/xmlthumbnail/B8E75AD6-1953-11DE-89C9-001E681DF646" contenttype="image/pjpeg"/>
  <template href="/xml/configs/B8E76F58-1953-11DE-89C9-001E681DF646" contenttype=""/>
  <category href="http://xml.chumby.com/xapis/catalog/index/EF508B70-2F35-11DB-8753-001372292121" name="Clocks" id="EF508B70-2F35-11DB-8753-001372292121"/>
  <movie href="http://s3movies.chumby.com/cdn/xmlmovie/A907693E-1959-11DE-AEFB-001E681DFAC2" contenttype="application/x-shockwave-flash"/>
  <swfs>
    <swf width="320" microphone="false" kb="false" camera="false" as_version="2" accelerometer="false" previewable="true" content-type="application/x-shockwave-flash" href="http://s3movies.chumby.com/cdn/xmlmovie/A907693E-1959-11DE-AEFB-001E681DFAC2" fixed_ar="true" swf_version="8" height="240" bgcolor="ffffff" supports_browser="false" pointing="false" resolution="" scalable="false" requires_sound="false"/>
  </swfs>
</widget>
