<?xml version="1.0" encoding="UTF-8"?>
<widget href="/xapis/catalog/widget/F7A29B14-E22D-11DB-99BC-0030485A78AA" id="F7A29B14-E22D-11DB-99BC-0030485A78AA">
  <name>Stuff On My Mutt Clock</name>
  <description>A clock that shows the latest images from StuffOnMyMutt.com!</description>
  <version>1.7</version>
  <play mode="default" time="15"/>
  <user type="community" id="0845C250-39F2-11DB-9051-001372292121" username="ksteele"/>
  <security sendable="true" previewable="true" approval="approved" access="public" deletable="true" virtualable="true" overlay="true"/>
  <rating count="22" value="3.7727"/>
  <thumbnail href="http://s3movies.chumby.com/cdn/xmlthumbnail/8CD85B22-1894-11DD-9D69-0030488D0168" contenttype="image/jpeg"/>
  <template href="http://s3movies.chumby.com/cdn/xmltemplate/8CDF392E-1894-11DD-9D69-0030488D0168" contenttype="text/xml"/>
  <category href="http://xml.chumby.com/xapis/catalog/index/2DAEAFDA-9798-11DB-9563-0030485A78AA" name="Animals" id="2DAEAFDA-9798-11DB-9563-0030485A78AA"/>
  <movie href="http://s3movies.chumby.com/cdn/xmlmovie/8CE8199A-1894-11DD-9D69-0030488D0168" contenttype="application/x-shockwave-flash"/>
  <swfs>
    <swf width="320" microphone="false" kb="false" camera="false" as_version="2" accelerometer="false" previewable="true" content-type="application/x-shockwave-flash" href="http://s3movies.chumby.com/cdn/xmlmovie/8CE8199A-1894-11DD-9D69-0030488D0168" fixed_ar="true" swf_version="8" height="240" bgcolor="ffffff" supports_browser="false" pointing="false" resolution="" scalable="false" requires_sound="false"/>
  </swfs>
</widget>
