<?xml version="1.0" encoding="UTF-8"?>
<widget href="/xapis/catalog/widget/3DC4B010-C6E0-11DF-ABCC-0021288E720C" id="3DC4B010-C6E0-11DF-ABCC-0021288E720C">
  <name>-LEO-</name>
  <description>Little Leo</description>
  <version>1.0</version>
  <play mode="timeout" time="30"/>
  <user type="community" id="A8A875B2-0687-11DE-86E2-001E681DF646" username="Apromix"/>
  <security sendable="true" approval="approved" previewable="true" access="public" deletable="true" virtualable="true" overlay="true"/>
  <rating count="40" value="3.525"/>
  <thumbnail href="http://s3movies.chumby.com/cdn/xmlthumbnail/9F8E866C-C6F0-11DF-B295-0021288EC192" contenttype="image/jpeg"/>
  <template href="/xml/configs/3DC4B010-C6E0-11DF-ABCC-0021288E720C" contenttype=""/>
  <category href="http://xml.chumby.com/xapis/catalog/index/2DAEAFDA-9798-11DB-9563-0030485A78AA" name="Animals" id="2DAEAFDA-9798-11DB-9563-0030485A78AA"/>
  <movie href="http://s3movies.chumby.com/cdn/xmlmovie/3DC6E6A0-C6E0-11DF-ABCC-0021288E720C" contenttype="application/x-shockwave-flash"/>
  <swfs>
    <swf width="320" microphone="false" kb="false" camera="false" as_version="2" accelerometer="false" previewable="true" content-type="application/x-shockwave-flash" href="http://s3movies.chumby.com/cdn/xmlmovie/3DC6E6A0-C6E0-11DF-ABCC-0021288E720C" fixed_ar="false" swf_version="8" height="240" bgcolor="ffffff" supports_browser="false" pointing="false" resolution="" scalable="false" requires_sound="false"/>
  </swfs>
</widget>
