<?xml version="1.0" encoding="UTF-8"?>
<widget href="/xapis/catalog/widget/3AFF035A-059C-11DE-AF9D-001E681DFAC2" id="3AFF035A-059C-11DE-AF9D-001E681DFAC2">
  <name>Moon Phase Clock</name>
  <description>Moon. from the Northern Hemisphere. (I can not imagine Southern side.)</description>
  <version>1.11</version>
  <play mode="timeout" time="15"/>
  <user type="community" id="27C046DA-7327-11DD-BDC0-001E681DF646" username="takechi"/>
  <security sendable="true" approval="approved" previewable="true" deletable="true" access="public" virtualable="true" overlay="true"/>
  <rating count="22" value="3.8636"/>
  <thumbnail href="http://s3movies.chumby.com/cdn/xmlthumbnail/3AFE1B7A-059C-11DE-AF9D-001E681DFAC2" contenttype="image/jpeg"/>
  <template href="/xml/configs/3AFF035A-059C-11DE-AF9D-001E681DFAC2" contenttype=""/>
  <category href="http://xml.chumby.com/xapis/catalog/index/EF508B70-2F35-11DB-8753-001372292121" name="Clocks" id="EF508B70-2F35-11DB-8753-001372292121"/>
  <movie href="http://s3movies.chumby.com/cdn/xmlmovie/ACE23DC4-0A43-11DE-95FC-001E681DFAC2" contenttype="application/x-shockwave-flash"/>
  <swfs>
    <swf width="320" microphone="false" kb="false" camera="false" as_version="2" accelerometer="false" previewable="true" content-type="application/x-shockwave-flash" href="http://s3movies.chumby.com/cdn/xmlmovie/ACE23DC4-0A43-11DE-95FC-001E681DFAC2" fixed_ar="true" swf_version="7" height="240" bgcolor="000000" supports_browser="false" pointing="false" resolution="" scalable="false" requires_sound="false"/>
  </swfs>
</widget>
