<?xml version="1.0" encoding="UTF-8"?>
<widget href="/xapis/catalog/widget/E6B05BEC-B2DF-11DC-B2F0-00156009DD9B" id="E6B05BEC-B2DF-11DC-B2F0-00156009DD9B">
  <name>Dali Clock</name>
  <description>Salvador Dali inspired clock.</description>
  <version>1.0</version>
  <play mode="timeout" time="15"/>
  <user type="community" id="90B49866-99BD-11DB-9771-00161771249B" username="Bongzilla"/>
  <security sendable="true" previewable="true" approval="approved" access="public" deletable="true" virtualable="true" overlay="true"/>
  <rating count="29" value="2.8276"/>
  <thumbnail href="http://s3movies.chumby.com/cdn/xmlthumbnail/E6B034C8-B2DF-11DC-B2F0-00156009DD9B" contenttype="image/pjpeg"/>
  <template href="/xml/configs/E6B05BEC-B2DF-11DC-B2F0-00156009DD9B" contenttype=""/>
  <category href="http://xml.chumby.com/xapis/catalog/index/EF508B70-2F35-11DB-8753-001372292121" name="Clocks" id="EF508B70-2F35-11DB-8753-001372292121"/>
  <movie href="http://s3movies.chumby.com/cdn/xmlmovie/E6871926-B2DF-11DC-B2F0-00156009DD9B" contenttype="application/x-shockwave-flash"/>
  <swfs>
    <swf width="320" microphone="false" kb="false" camera="false" as_version="2" accelerometer="false" previewable="true" content-type="application/x-shockwave-flash" href="http://s3movies.chumby.com/cdn/xmlmovie/E6871926-B2DF-11DC-B2F0-00156009DD9B" fixed_ar="true" swf_version="8" height="240" bgcolor="ffffff" supports_browser="false" pointing="false" resolution="" scalable="false" requires_sound="false"/>
  </swfs>
</widget>
