<?xml version="1.0" encoding="UTF-8"?>
<widget href="/xapis/catalog/widget/170B6316-4ED6-11DE-A8AA-001E681DFAC2" id="170B6316-4ED6-11DE-A8AA-001E681DFAC2">
  <name>Pie Clock</name>
  <description>Pie clock. The latest piece fills up as the hour progresses.</description>
  <version>1.2</version>
  <play mode="timeout" time="30"/>
  <user type="community" id="8998D7FC-E2F7-11DC-89AC-001635C47868" username="sirchadwick"/>
  <security approval="approved" sendable="true" deletable="true" previewable="true" access="public" overlay="true" virtualable="true"/>
  <rating count="7" value="3.8571"/>
  <thumbnail href="http://s3movies.chumby.com/cdn/xmlthumbnail/6555ACD0-4EF8-11DE-9585-001E681DFAC2" contenttype="image/jpeg"/>
  <template href="/xml/configs/170B6316-4ED6-11DE-A8AA-001E681DFAC2" contenttype=""/>
  <category href="http://xml.chumby.com/xapis/catalog/index/EF508B70-2F35-11DB-8753-001372292121" name="Clocks" id="EF508B70-2F35-11DB-8753-001372292121"/>
  <movie href="http://s3movies.chumby.com/cdn/xmlmovie/170D09C8-4ED6-11DE-A8AA-001E681DFAC2" contenttype="application/x-shockwave-flash"/>
  <swfs>
    <swf width="320" microphone="false" kb="false" camera="false" as_version="2" accelerometer="false" previewable="true" content-type="application/x-shockwave-flash" href="http://s3movies.chumby.com/cdn/xmlmovie/170D09C8-4ED6-11DE-A8AA-001E681DFAC2" fixed_ar="true" swf_version="8" height="240" bgcolor="000000" supports_browser="false" pointing="false" resolution="" scalable="false" requires_sound="false"/>
  </swfs>
</widget>
