<?xml version="1.0" encoding="UTF-8"?>
<widget href="/xapis/catalog/widget/A9432DEE-08DF-11E0-9043-0021288EBF58" id="A9432DEE-08DF-11E0-9043-0021288EBF58">
  <name>designer clock</name>
  <description>Clean big clock. Current day and date will display for initial 5 seconds before lighten back. To darken again tap and hold on the face of the clock.</description>
  <version>2.0</version>
  <play mode="timeout" time="60"/>
  <user type="community" id="0236533E-05A4-11E0-8BBC-001E681DF646" username="moyboy"/>
  <security sendable="true" approval="approved" previewable="true" access="public" deletable="true" virtualable="true" overlay="true"/>
  <rating count="6" value="3.5"/>
  <thumbnail href="http://s3movies.chumby.com/cdn/xmlthumbnail/5DB2F110-11BE-11E0-8822-0021288E720C" contenttype="image/jpeg"/>
  <template href="/xml/configs/A9432DEE-08DF-11E0-9043-0021288EBF58" contenttype=""/>
  <category href="http://xml.chumby.com/xapis/catalog/index/EF508B70-2F35-11DB-8753-001372292121" name="Clocks" id="EF508B70-2F35-11DB-8753-001372292121"/>
  <movie href="http://s3movies.chumby.com/cdn/xmlmovie/A94563F2-08DF-11E0-9043-0021288EBF58" contenttype="application/x-shockwave-flash"/>
  <swfs>
    <swf width="800" microphone="false" kb="false" camera="false" as_version="2" accelerometer="false" previewable="true" content-type="application/x-shockwave-flash" href="http://s3movies.chumby.com/cdn/xmlmovie/A94563F2-08DF-11E0-9043-0021288EBF58" fixed_ar="true" swf_version="8" height="600" bgcolor="cccccc" supports_browser="false" pointing="false" resolution="" scalable="false" requires_sound="false"/>
  </swfs>
</widget>
