<?xml version="1.0" encoding="UTF-8"?>
<widget href="/xapis/catalog/widget/414EB872-D77A-11DD-AA6A-001E681DF646" id="414EB872-D77A-11DD-AA6A-001E681DF646">
  <name>NightClock Plus</name>
  <description>24 hour Clock. Show headlines from your favorite RSS feed. Touch top half of screen for a quick night light, touch bottom half of screen to return to night mode. Also shows month and date.</description>
  <version>1.1</version>
  <play mode="timeout" time="60"/>
  <user type="community" id="C16C3788-BC81-11DC-A690-00156009DD9B" username="McConnell"/>
  <security sendable="true" approval="approved" previewable="true" deletable="true" access="public" virtualable="true" overlay="true"/>
  <rating count="54" value="3.537"/>
  <thumbnail href="http://s3movies.chumby.com/cdn/xmlthumbnail/414E91DA-D77A-11DD-AA6A-001E681DF646" contenttype="image/jpeg"/>
  <template href="http://s3movies.chumby.com/cdn/xmltemplate/D5673AF6-D910-11DD-B2C3-001E681DF646" contenttype="application/x-shockwave-flash"/>
  <category href="http://xml.chumby.com/xapis/catalog/index/EF508B70-2F35-11DB-8753-001372292121" name="Clocks" id="EF508B70-2F35-11DB-8753-001372292121"/>
  <movie href="http://s3movies.chumby.com/cdn/xmlmovie/D563FE0E-D910-11DD-B2C3-001E681DF646" contenttype="application/x-shockwave-flash"/>
  <swfs>
    <swf width="320" microphone="false" kb="false" camera="false" as_version="2" accelerometer="false" previewable="true" content-type="application/x-shockwave-flash" href="http://s3movies.chumby.com/cdn/xmlmovie/D563FE0E-D910-11DD-B2C3-001E681DF646" fixed_ar="false" swf_version="8" height="240" bgcolor="ffffff" supports_browser="false" pointing="false" resolution="" scalable="false" requires_sound="false"/>
  </swfs>
</widget>
