<?xml version="1.0" encoding="UTF-8"?>
<widget href="/xapis/catalog/widget/CEABFB24-03E7-11DD-A70F-0016353B0686" id="CEABFB24-03E7-11DD-A70F-0016353B0686">
  <name>Pong Clock</name>
  <description>Pong Clock - While this game of Pong&#174; randomly plays, the players score the time. The left player scores the hours, and the right player scores the minutes. Inspired by http://www.sandermulder.com/pong_clock.html</description>
  <version>1.0</version>
  <play mode="timeout" time="30"/>
  <user type="community" id="6A0956A2-F28B-11DC-A70F-0016353B0686" username="winmill"/>
  <security approval="approved" sendable="true" deletable="true" previewable="true" access="public" overlay="true" virtualable="true"/>
  <rating count="256" value="4.4492"/>
  <thumbnail href="http://s3movies.chumby.com/cdn/xmlthumbnail/E0FB2BCC-13F7-11DD-88EF-0030488E34CA" contenttype="image/jpeg"/>
  <template href="http://s3movies.chumby.com/cdn/xmltemplate/D1722526-13F6-11DD-91E9-0030485B75AA" contenttype="application/x-shockwave-flash"/>
  <category href="http://xml.chumby.com/xapis/catalog/index/EF508B70-2F35-11DB-8753-001372292121" name="Clocks" id="EF508B70-2F35-11DB-8753-001372292121"/>
  <movie href="http://s3movies.chumby.com/cdn/xmlmovie/D1626D2A-13F6-11DD-91E9-0030485B75AA" contenttype="application/x-shockwave-flash"/>
  <swfs>
    <swf width="320" microphone="false" kb="false" camera="false" as_version="2" accelerometer="false" previewable="true" content-type="application/x-shockwave-flash" href="http://s3movies.chumby.com/cdn/xmlmovie/D1626D2A-13F6-11DD-91E9-0030485B75AA" fixed_ar="true" swf_version="8" height="240" bgcolor="ffffff" supports_browser="false" pointing="false" resolution="" scalable="false" requires_sound="false"/>
  </swfs>
</widget>
