<?xml version="1.0" encoding="UTF-8"?>
<widget href="/xapis/catalog/widget/D0739652-FA6B-11DE-8ED6-001B24F07EF4" id="D0739652-FA6B-11DE-8ED6-001B24F07EF4">
  <name>Black European Digital Clock</name>
  <description>Black Digital Clock. Based off the original chumby digital clock. You can touch the screen to change to 12 hr format.</description>
  <version>2.0</version>
  <play mode="timeout" time="60"/>
  <user type="community" id="BBD05B76-B973-11DC-A690-00156009DD9B" username="likearaptor"/>
  <security sendable="true" approval="approved" previewable="true" access="public" deletable="true" virtualable="true" overlay="true"/>
  <rating count="62" value="4.3871"/>
  <thumbnail href="http://s3movies.chumby.com/cdn/xmlthumbnail/D07345F8-FA6B-11DE-8ED6-001B24F07EF4" contenttype="image/jpeg"/>
  <template href="/xml/configs/D0739652-FA6B-11DE-8ED6-001B24F07EF4" contenttype=""/>
  <category href="http://xml.chumby.com/xapis/catalog/index/EF508B70-2F35-11DB-8753-001372292121" name="Clocks" id="EF508B70-2F35-11DB-8753-001372292121"/>
  <movie href="http://s3movies.chumby.com/cdn/xmlmovie/D073DF40-FA6B-11DE-8ED6-001B24F07EF4" contenttype="application/x-shockwave-flash"/>
  <swfs>
    <swf width="320" microphone="false" kb="false" camera="false" as_version="2" accelerometer="false" previewable="true" content-type="application/x-shockwave-flash" href="http://s3movies.chumby.com/cdn/xmlmovie/D073DF40-FA6B-11DE-8ED6-001B24F07EF4" fixed_ar="false" swf_version="6" height="240" bgcolor="000000" supports_browser="false" pointing="false" resolution="" scalable="false" requires_sound="false"/>
  </swfs>
</widget>
