<?xml version="1.0" encoding="UTF-8"?>
<widget href="/xapis/catalog/widget/2338E586-5F54-11DD-8CE8-001B24E044BE" id="2338E586-5F54-11DD-8CE8-001B24E044BE">
  <name>Reuters - Entertainment</name>
  <description>See the latest entertainment headlines from Reuters, read full stories, see the latest pictures, and email stories to yourself.</description>
  <version>2.1.5</version>
  <play mode="timeout" time="60"/>
  <user type="chumby" id="00000000-0000-0000-0000-000000000001" username="chumby"/>
  <security sendable="true" approval="approved" previewable="true" deletable="true" access="public" virtualable="true" overlay="true"/>
  <rating count="4" value="4.25"/>
  <thumbnail href="http://s3movies.chumby.com/cdn/xmlthumbnail/4D6A99EE-1DDA-11DF-8ECC-001B24E044BE" contenttype="image/jpeg"/>
  <template href="http://s3movies.chumby.com/cdn/xmltemplate/4E0B08D4-1DDA-11DF-8ECC-001B24E044BE" contenttype="text/xml"/>
  <category href="http://xml.chumby.com/xapis/catalog/index/175E3A6A-5D3D-11DB-A0DD-0030485A78AA" name="Entertainment" id="175E3A6A-5D3D-11DB-A0DD-0030485A78AA"/>
  <movie href="http://s3movies.chumby.com/cdn/xmlmovie/4E869A30-1DDA-11DF-8ECC-001B24E044BE" contenttype="application/x-shockwave-flash"/>
  <swfs>
    <swf width="320" microphone="false" kb="false" camera="false" as_version="2" accelerometer="false" previewable="true" content-type="application/x-shockwave-flash" href="http://s3movies.chumby.com/cdn/xmlmovie/4E869A30-1DDA-11DF-8ECC-001B24E044BE" fixed_ar="false" swf_version="8" height="240" bgcolor="ffffff" supports_browser="false" pointing="false" resolution="" scalable="false" requires_sound="false"/>
  </swfs>
</widget>
