<?xml version="1.0" encoding="UTF-8"?>
<widget href="/xapis/catalog/widget/D2C00C00-86E5-11DE-932F-001E681DFAC2" id="D2C00C00-86E5-11DE-932F-001E681DFAC2">
  <name>Community Radio Tuner</name>
  <description>A tuner for college and community radio stations. The station URLs come from goodradio.org so they should stay reasonably up to date even after I've lost interest in the project. Pro tip: touch the sides of the screen for next and previous channel, the center to play, or just use the buttons at the bottom. And always remember to listen to lots of Radio Valencia.</description>
  <version>1.1</version>
  <play mode="timeout" time="15"/>
  <user type="community" id="7911B138-EB2B-11DC-AEDD-00156009DD9B" username="wrybread"/>
  <security sendable="true" approval="approved" previewable="true" access="public" deletable="true" virtualable="true" overlay="true"/>
  <rating count="29" value="4.1379"/>
  <thumbnail href="http://s3movies.chumby.com/cdn/xmlthumbnail/D2BFC8B2-86E5-11DE-932F-001E681DFAC2" contenttype="image/jpeg"/>
  <template href="/xml/configs/D2C00C00-86E5-11DE-932F-001E681DFAC2" contenttype=""/>
  <category href="http://xml.chumby.com/xapis/catalog/index/175E3A6A-5D3D-11DB-A0DD-0030485A78AA" name="Entertainment" id="175E3A6A-5D3D-11DB-A0DD-0030485A78AA"/>
  <movie href="http://s3movies.chumby.com/cdn/xmlmovie/D2C0F8AE-86E5-11DE-932F-001E681DFAC2" contenttype="application/x-shockwave-flash"/>
  <swfs>
    <swf width="320" microphone="false" kb="false" camera="false" as_version="2" accelerometer="false" previewable="true" content-type="application/x-shockwave-flash" href="http://s3movies.chumby.com/cdn/xmlmovie/D2C0F8AE-86E5-11DE-932F-001E681DFAC2" fixed_ar="true" swf_version="8" height="240" bgcolor="000000" supports_browser="false" pointing="false" resolution="" scalable="false" requires_sound="false"/>
  </swfs>
</widget>
