<?xml version="1.0" encoding="UTF-8"?>
<widget href="/xapis/catalog/widget/D916BDE2-46F3-11DE-BF7B-001B24F07EF4" id="D916BDE2-46F3-11DE-BF7B-001B24F07EF4">
  <name>Doodles - Sketch clock</name>
  <description>This animated clock will make itself at home next to the Doodles random face generator - or anywhere else on your Chumby for that matter.</description>
  <version>1.0</version>
  <play mode="timeout" time="45"/>
  <user type="community" id="C16C3788-BC81-11DC-A690-00156009DD9B" username="McConnell"/>
  <security sendable="true" approval="approved" previewable="true" access="public" deletable="true" virtualable="true" overlay="true"/>
  <rating count="39" value="4.2564"/>
  <thumbnail href="http://s3movies.chumby.com/cdn/xmlthumbnail/D9167F58-46F3-11DE-BF7B-001B24F07EF4" contenttype="image/jpeg"/>
  <template href="/xml/configs/D916BDE2-46F3-11DE-BF7B-001B24F07EF4" contenttype=""/>
  <category href="http://xml.chumby.com/xapis/catalog/index/EF508B70-2F35-11DB-8753-001372292121" name="Clocks" id="EF508B70-2F35-11DB-8753-001372292121"/>
  <movie href="http://s3movies.chumby.com/cdn/xmlmovie/D916F938-46F3-11DE-BF7B-001B24F07EF4" contenttype="application/x-shockwave-flash"/>
  <swfs>
    <swf width="320" microphone="false" kb="false" camera="false" as_version="2" accelerometer="false" previewable="true" content-type="application/x-shockwave-flash" href="http://s3movies.chumby.com/cdn/xmlmovie/D916F938-46F3-11DE-BF7B-001B24F07EF4" fixed_ar="false" swf_version="8" height="240" bgcolor="666666" supports_browser="false" pointing="false" resolution="" scalable="false" requires_sound="false"/>
  </swfs>
</widget>
