<?xml version="1.0" encoding="UTF-8"?>
<widget href="/xapis/catalog/widget/8E4D795E-9269-11E0-A592-0021288EBF58" id="8E4D795E-9269-11E0-A592-0021288EBF58">
  <name>Subsonic</name>
  <description>Stream your music library to a majority of chumby devices (including non-DRM .mp3 .ogg .aac .flac .wav .wma .m4a files).  Introducing the Subsonic client for chumby.  Subsonic is a free, web-based media streamer, providing ubiquitous access to your music. Fully functional free trial.  Learn more at the website.</description>
  <version>1.05</version>
  <play mode="timeout" time="90"/>
  <user type="community" id="5C390ADA-65B9-11DD-8131-001B24F07D28" username="develephant"/>
  <security approval="pending" sendable="true" deletable="true" previewable="false" access="publicplus" overlay="true" virtualable="false"/>
  <rating count="24" value="4.125"/>
  <thumbnail href="http://s3movies.chumby.com/cdn/xmlthumbnail/74594302-930E-11E0-8FAB-0021288E785A" contenttype="image/jpeg"/>
  <template href="http://s3movies.chumby.com/cdn/xmltemplate/4DAB1688-CC82-11E0-B54A-0021288E6F90" contenttype="application/x-shockwave-flash"/>
  <category href="http://xml.chumby.com/xapis/catalog/index/175E3A6A-5D3D-11DB-A0DD-0030485A78AA" name="Entertainment" id="175E3A6A-5D3D-11DB-A0DD-0030485A78AA"/>
  <movie href="http://s3movies.chumby.com/cdn/xmlmovie/8E4F6548-9269-11E0-A592-0021288EBF58" contenttype="application/x-shockwave-flash"/>
  <swfs>
    <swf width="320" microphone="false" kb="false" camera="false" as_version="2" accelerometer="false" previewable="true" content-type="application/x-shockwave-flash" href="http://s3movies.chumby.com/cdn/xmlmovie/8E4F6548-9269-11E0-A592-0021288EBF58" fixed_ar="true" swf_version="8" height="240" bgcolor="ffffff" supports_browser="false" pointing="false" resolution="" scalable="false" requires_sound="false"/>
  </swfs>
</widget>
