<?xml version="1.0" encoding="UTF-8"?>
<widget href="/xapis/catalog/widget/A9C57286-90F0-11DD-918D-001B24F07D28" id="A9C57286-90F0-11DD-918D-001B24F07D28">
  <name>Lite-Brite Clock</name>
  <description>Remember the Lite-Brite? Just tap on screen and you will be able to draw on it.</description>
  <version>1.0</version>
  <play mode="timeout" time="30"/>
  <user type="community" id="87E213CC-0009-11DD-A70F-0016353B0686" username="Yuzzy"/>
  <security sendable="true" overlay="true" previewable="true" access="public" virtualable="true" approval="approved" deletable="true"/>
  <rating count="15" value="4.0667"/>
  <thumbnail href="http://s3movies.chumby.com/cdn/xmlthumbnail/D98F3166-916B-11DD-A4DF-001B24F07EF4" contenttype="image/jpeg"/>
  <template href="/xml/configs/A9C57286-90F0-11DD-918D-001B24F07D28" contenttype=""/>
  <category href="http://xml.chumby.com/xapis/catalog/index/EF508B70-2F35-11DB-8753-001372292121" name="Clocks" id="EF508B70-2F35-11DB-8753-001372292121"/>
  <movie href="http://s3movies.chumby.com/cdn/xmlmovie/D9844A94-916B-11DD-A4DF-001B24F07EF4" contenttype="application/x-shockwave-flash"/>
  <swfs>
    <swf width="320" microphone="false" kb="false" camera="false" as_version="2" accelerometer="false" previewable="true" content-type="application/x-shockwave-flash" href="http://s3movies.chumby.com/cdn/xmlmovie/D9844A94-916B-11DD-A4DF-001B24F07EF4" fixed_ar="false" swf_version="5" height="240" bgcolor="000000" supports_browser="false" pointing="false" resolution="" scalable="false" requires_sound="false"/>
  </swfs>
</widget>
