<?xml version="1.0" encoding="UTF-8"?>
<widget href="/xapis/catalog/widget/E95E0F72-944B-11DC-A894-0030488CBE0D" id="E95E0F72-944B-11DC-A894-0030488CBE0D">
  <name>BBC2 Clock</name>
  <description>Classic on-screen BBC2 clock from the 80s

Pinched from http://625.uk.com/</description>
  <version>1.0</version>
  <play mode="timeout" time="15"/>
  <user type="community" id="986B4E7A-BBB8-11DB-9DE3-00161771248C" username="rodbegbie"/>
  <security sendable="true" previewable="true" approval="approved" access="public" deletable="true" virtualable="true" overlay="true"/>
  <rating count="34" value="4.0588"/>
  <thumbnail href="http://s3movies.chumby.com/cdn/xmlthumbnail/E95DE5D8-944B-11DC-A894-0030488CBE0D" contenttype="image/jpeg"/>
  <template href="/xml/configs/E95E0F72-944B-11DC-A894-0030488CBE0D" contenttype=""/>
  <category href="http://xml.chumby.com/xapis/catalog/index/EF508B70-2F35-11DB-8753-001372292121" name="Clocks" id="EF508B70-2F35-11DB-8753-001372292121"/>
  <movie href="http://s3movies.chumby.com/cdn/xmlmovie/E95D3C6E-944B-11DC-A894-0030488CBE0D" contenttype="application/x-shockwave-flash"/>
  <swfs>
    <swf width="768" microphone="false" kb="false" camera="false" as_version="2" accelerometer="false" previewable="true" content-type="application/x-shockwave-flash" href="http://s3movies.chumby.com/cdn/xmlmovie/E95D3C6E-944B-11DC-A894-0030488CBE0D" fixed_ar="true" swf_version="5" height="576" bgcolor="000000" supports_browser="false" pointing="false" resolution="" scalable="false" requires_sound="false"/>
  </swfs>
</widget>
