<?xml version="1.0" encoding="UTF-8"?>
<widget href="/xapis/catalog/widget/72BA24C0-9402-11DD-938F-001B24E044BE" id="72BA24C0-9402-11DD-938F-001B24E044BE">
  <name>Rolling Stone: Rock n Roll Daily</name>
  <description>Up to the minute breaking news from the world of music, from the editors of Rolling Stone</description>
  <version>3.0.2</version>
  <play mode="timeout" time="30"/>
  <user type="partner" id="FB1C1AAE-9401-11DD-9C0A-001E681DF646" username="Rolling Stone"/>
  <security approval="pending" sendable="true" deletable="true" previewable="true" access="public" overlay="true" virtualable="true"/>
  <rating count="4" value="4.25"/>
  <thumbnail href="http://s3movies.chumby.com/cdn/xmlthumbnail/CA196798-0626-11DF-BA32-001B24E044BE" contenttype="image/jpeg"/>
  <template href="http://s3movies.chumby.com/cdn/xmltemplate/CA9E5052-0626-11DF-BA32-001B24E044BE" contenttype="text/xml"/>
  <category href="http://xml.chumby.com/xapis/catalog/index/175E3A6A-5D3D-11DB-A0DD-0030485A78AA" name="Entertainment" id="175E3A6A-5D3D-11DB-A0DD-0030485A78AA"/>
  <movie href="http://s3movies.chumby.com/cdn/xmlmovie/CB0C7A5A-0626-11DF-BA32-001B24E044BE" contenttype="application/x-shockwave-flash"/>
  <swfs>
    <swf width="320" microphone="false" kb="false" camera="false" as_version="2" accelerometer="false" previewable="true" content-type="application/x-shockwave-flash" href="http://s3movies.chumby.com/cdn/xmlmovie/CB0C7A5A-0626-11DF-BA32-001B24E044BE" fixed_ar="true" swf_version="8" height="240" bgcolor="ffffff" supports_browser="false" pointing="false" resolution="" scalable="false" requires_sound="false"/>
  </swfs>
</widget>
