<?xml version="1.0" encoding="UTF-8"?>
<widget href="/xapis/catalog/widget/9ABC7AB8-198B-11DE-97A5-001E681DF646" id="9ABC7AB8-198B-11DE-97A5-001E681DF646">
  <name>chumPod</name>
  <description>A music player widget for Chumby. Intended to run as the only widget in a channel (endless mode). This widget is still under (not very active) development. If you're looking for a "polished" and "finished" music widget then take a look at the YouStreams widget.

v0.7: Configuration widget for custom streams now auto-saves entries</description>
  <version>0.7</version>
  <play mode="timeout" time="60"/>
  <user type="community" id="05C98516-F4A8-11DD-98EB-001B24F07EF4" username="juergenpabel"/>
  <security sendable="true" deletable="true" previewable="true" overlay="true" access="public" virtualable="true" approval="approved"/>
  <rating count="3" value="3.0"/>
  <thumbnail href="http://s3movies.chumby.com/cdn/xmlthumbnail/435CD0B0-3096-11DF-BF83-001E681DF646" contenttype="image/jpeg"/>
  <template href="http://s3movies.chumby.com/cdn/xmltemplate/C452531C-C450-11E0-8838-0021288E720C" contenttype="application/x-shockwave-flash"/>
  <category href="http://xml.chumby.com/xapis/catalog/index/175E3A6A-5D3D-11DB-A0DD-0030485A78AA" name="Entertainment" id="175E3A6A-5D3D-11DB-A0DD-0030485A78AA"/>
  <movie href="http://s3movies.chumby.com/cdn/xmlmovie/1E88A84A-19A9-11DE-B812-001B24F07EF4" contenttype="application/x-shockwave-flash"/>
  <swfs>
    <swf width="320" microphone="false" kb="false" camera="false" as_version="2" accelerometer="false" previewable="true" content-type="application/x-shockwave-flash" href="http://s3movies.chumby.com/cdn/xmlmovie/1E88A84A-19A9-11DE-B812-001B24F07EF4" fixed_ar="true" swf_version="7" height="240" bgcolor="ffffff" supports_browser="false" pointing="false" resolution="320x240" scalable="false" requires_sound="false"/>
  </swfs>
</widget>
