<?xml version="1.0" encoding="UTF-8"?>
<widget href="/xapis/catalog/widget/5EB2166E-2F36-11DB-AF6D-001372292121" id="5EB2166E-2F36-11DB-AF6D-001372292121">
  <name>Mandala Clock</name>
  <description>A mesmerizing mandala clock.</description>
  <version>1.1</version>
  <play mode="default" time="15"/>
  <user type="community" id="E818F108-307A-11DB-9A6C-001372292121" username="dmaxwell"/>
  <security sendable="true" approval="approved" previewable="true" access="public" deletable="true" virtualable="true" overlay="true"/>
  <rating count="57" value="3.9649"/>
  <thumbnail href="http://s3movies.chumby.com/cdn/xmlthumbnail/04951FBC-DA95-11DC-953C-0016353B4502" contenttype="image/jpeg"/>
  <template href="http://s3movies.chumby.com/cdn/xmltemplate/0498D1AC-DA95-11DC-953C-0016353B4502" contenttype="text/xml"/>
  <category href="http://xml.chumby.com/xapis/catalog/index/EF508B70-2F35-11DB-8753-001372292121" name="Clocks" id="EF508B70-2F35-11DB-8753-001372292121"/>
  <movie href="http://s3movies.chumby.com/cdn/xmlmovie/049BE978-DA95-11DC-953C-0016353B4502" contenttype="application/x-shockwave-flash"/>
  <swfs>
    <swf width="320" microphone="false" kb="false" camera="false" as_version="2" accelerometer="false" previewable="true" content-type="application/x-shockwave-flash" href="http://s3movies.chumby.com/cdn/xmlmovie/049BE978-DA95-11DC-953C-0016353B4502" fixed_ar="false" swf_version="6" height="240" bgcolor="ffffff" supports_browser="false" pointing="false" resolution="" scalable="false" requires_sound="false"/>
  </swfs>
</widget>
