<?xml version="1.0" encoding="UTF-8"?>
<widget href="/xapis/catalog/widget/B126FE2C-F2DC-11DB-8813-0030488CBE0D" id="B126FE2C-F2DC-11DB-8813-0030488CBE0D">
  <name>DnL-FlowerFantasy</name>
  <description>Flowers making nice patters..</description>
  <version>1.3</version>
  <play mode="timeout" time="30"/>
  <user type="community" id="B7BAB226-E9C0-11DB-8E48-00146C833363" username="littince"/>
  <security sendable="true" approval="approved" previewable="true" access="public" deletable="true" virtualable="true" overlay="true"/>
  <rating count="23" value="3.2609"/>
  <thumbnail href="http://s3movies.chumby.com/cdn/xmlthumbnail/2C27B18E-2415-11DC-A307-0030485A78AA" contenttype="image/pjpeg"/>
  <template href="/xml/configs/B126FE2C-F2DC-11DB-8813-0030488CBE0D" contenttype=""/>
  <category href="http://xml.chumby.com/xapis/catalog/index/AC50ADA4-4088-11DC-B053-0030485A78AA" name="Animation" id="AC50ADA4-4088-11DC-B053-0030485A78AA"/>
  <movie href="http://s3movies.chumby.com/cdn/xmlmovie/2C250A60-2415-11DC-A307-0030485A78AA" contenttype="application/x-shockwave-flash"/>
  <swfs>
    <swf width="320" microphone="false" kb="false" camera="false" as_version="2" accelerometer="false" previewable="true" content-type="application/x-shockwave-flash" href="http://s3movies.chumby.com/cdn/xmlmovie/2C250A60-2415-11DC-A307-0030485A78AA" fixed_ar="true" swf_version="5" height="240" bgcolor="ffffff" supports_browser="false" pointing="false" resolution="" scalable="false" requires_sound="false"/>
  </swfs>
</widget>
