<?xml version="1.0" encoding="UTF-8"?>
<widget href="/xapis/catalog/widget/E781A162-8F48-11DC-8372-0030488E34F8" id="E781A162-8F48-11DC-8372-0030488E34F8">
  <name>Conway's Life</name>
  <description>A simple implementation of Conway's Game of Life.  Starts random, click the screen to reset.

(Warning: a bit processor intensive, may be a little pokey.)</description>
  <version>1.0</version>
  <play mode="timeout" time="60"/>
  <user type="community" id="C00ABB6E-8E4E-11DC-85EB-0030488CBE0D" username="majcher"/>
  <security sendable="true" deletable="true" previewable="true" overlay="true" access="public" virtualable="true" approval="approved"/>
  <rating count="16" value="3.125"/>
  <thumbnail href="http://s3movies.chumby.com/cdn/xmlthumbnail/54908C5E-8F5E-11DC-8372-0030488E34F8" contenttype="image/jpeg"/>
  <template href="/xml/configs/E781A162-8F48-11DC-8372-0030488E34F8" contenttype=""/>
  <category href="http://xml.chumby.com/xapis/catalog/index/E130976A-09A5-11DC-8592-0030488E34F8" name="Educational" id="E130976A-09A5-11DC-8592-0030488E34F8"/>
  <movie href="http://s3movies.chumby.com/cdn/xmlmovie/5478E20C-8F5E-11DC-8372-0030488E34F8" contenttype="application/x-shockwave-flash"/>
  <swfs>
    <swf width="320" microphone="false" kb="false" camera="false" as_version="2" accelerometer="false" previewable="true" content-type="application/x-shockwave-flash" href="http://s3movies.chumby.com/cdn/xmlmovie/5478E20C-8F5E-11DC-8372-0030488E34F8" fixed_ar="true" swf_version="8" height="240" bgcolor="ffffff" supports_browser="false" pointing="false" resolution="" scalable="false" requires_sound="false"/>
  </swfs>
</widget>
