<?xml version="1.0" encoding="UTF-8"?>
<widget href="/xapis/catalog/widget/56D0D58E-3A95-11DF-87F6-001B24F07EF4" id="56D0D58E-3A95-11DF-87F6-001B24F07EF4">
  <name>Ultimate Countdown Timer</name>
  <description>Configurable LCD countdown timer.  Supports daily or single date event countdowns. Also allows for configurable countdown text display.</description>
  <version>1.1</version>
  <play mode="timeout" time="15"/>
  <user type="community" id="0F2B9CB4-FBC5-11DE-9E74-001E681DF646" username="Disco"/>
  <security sendable="true" approval="approved" previewable="true" access="public" deletable="true" virtualable="true" overlay="true"/>
  <rating count="20" value="3.65"/>
  <thumbnail href="http://s3movies.chumby.com/cdn/xmlthumbnail/1431F10C-3B3C-11DF-91F1-001E681DF646" contenttype="image/jpeg"/>
  <template href="http://s3movies.chumby.com/cdn/xmltemplate/1435E7E4-3B3C-11DF-91F1-001E681DF646" contenttype="application/x-shockwave-flash"/>
  <category href="http://xml.chumby.com/xapis/catalog/index/EF508B70-2F35-11DB-8753-001372292121" name="Clocks" id="EF508B70-2F35-11DB-8753-001372292121"/>
  <movie href="http://s3movies.chumby.com/cdn/xmlmovie/56D16FF8-3A95-11DF-87F6-001B24F07EF4" contenttype="application/x-shockwave-flash"/>
  <swfs>
    <swf width="320" microphone="false" kb="false" camera="false" as_version="2" accelerometer="false" previewable="true" content-type="application/x-shockwave-flash" href="http://s3movies.chumby.com/cdn/xmlmovie/56D16FF8-3A95-11DF-87F6-001B24F07EF4" fixed_ar="true" swf_version="8" height="240" bgcolor="000000" supports_browser="false" pointing="false" resolution="" scalable="false" requires_sound="false"/>
  </swfs>
</widget>
