<?xml version="1.0" encoding="UTF-8"?>
<widget href="/xapis/catalog/widget/E1FDC24C-88F4-11DD-B9A5-001B24F07EF4" id="E1FDC24C-88F4-11DD-B9A5-001B24F07EF4">
  <name>Space Clock</name>
  <description>A clock you might find on a starship.</description>
  <version>1.2</version>
  <play mode="timeout" time="15"/>
  <user type="community" id="E818F108-307A-11DB-9A6C-001372292121" username="dmaxwell"/>
  <security sendable="true" deletable="true" previewable="true" overlay="true" access="public" virtualable="true" approval="approved"/>
  <rating count="271" value="4.4133"/>
  <thumbnail href="http://s3movies.chumby.com/cdn/xmlthumbnail/E1FDAEC4-88F4-11DD-B9A5-001B24F07EF4" contenttype="image/jpeg"/>
  <template href="/xml/configs/E1FDC24C-88F4-11DD-B9A5-001B24F07EF4" contenttype=""/>
  <category href="http://xml.chumby.com/xapis/catalog/index/EF508B70-2F35-11DB-8753-001372292121" name="Clocks" id="EF508B70-2F35-11DB-8753-001372292121"/>
  <movie href="http://s3movies.chumby.com/cdn/xmlmovie/19D7FDB0-F49B-11DD-896F-001E681DFAC2" contenttype="application/x-shockwave-flash"/>
  <swfs>
    <swf width="320" microphone="false" kb="false" camera="false" as_version="2" accelerometer="false" previewable="true" content-type="application/x-shockwave-flash" href="http://s3movies.chumby.com/cdn/xmlmovie/19D7FDB0-F49B-11DD-896F-001E681DFAC2" fixed_ar="true" swf_version="6" height="240" bgcolor="000000" supports_browser="false" pointing="false" resolution="" scalable="false" requires_sound="false"/>
  </swfs>
</widget>
