<?xml version="1.0" encoding="UTF-8"?>
<widget href="/xapis/catalog/widget/7B871C92-7A57-11DF-839F-001E681DF646" id="7B871C92-7A57-11DF-839F-001E681DF646">
  <name>Color Clock</name>
  <description>This clock is simple, yet useful. The background consists of 5 colors. At the tom and bottom, it says "Where it stops, Nobody Knows. This is to symbolize that nobody knows when the world will end, when the clock stops.</description>
  <version>0.9</version>
  <play mode="timeout" time="60"/>
  <user type="community" id="D3093594-0FE3-11DD-8E8F-0030485B7900" username="caleb9707"/>
  <security sendable="true" previewable="true" approval="approved" access="publicplus" deletable="true" virtualable="true" overlay="true"/>
  <rating count="16" value="1.75"/>
  <thumbnail href="http://s3movies.chumby.com/cdn/xmlthumbnail/15AE37CC-7A5F-11DF-932A-001E681DF646" contenttype="image/jpeg"/>
  <template href="/xml/configs/7B871C92-7A57-11DF-839F-001E681DF646" contenttype=""/>
  <category href="http://xml.chumby.com/xapis/catalog/index/EF508B70-2F35-11DB-8753-001372292121" name="Clocks" id="EF508B70-2F35-11DB-8753-001372292121"/>
  <movie href="http://s3movies.chumby.com/cdn/xmlmovie/7B892DB6-7A57-11DF-839F-001E681DF646" contenttype="application/x-shockwave-flash"/>
  <swfs>
    <swf width="320" microphone="false" kb="false" camera="false" as_version="2" accelerometer="false" previewable="true" content-type="application/x-shockwave-flash" href="http://s3movies.chumby.com/cdn/xmlmovie/7B892DB6-7A57-11DF-839F-001E681DF646" fixed_ar="true" swf_version="8" height="240" bgcolor="ffffff" supports_browser="false" pointing="false" resolution="320x240" scalable="false" requires_sound="false"/>
  </swfs>
</widget>
