<?xml version="1.0" encoding="UTF-8"?>
<widget href="/xapis/catalog/widget/5B9544F0-BDC0-11DC-BCF6-0016353B0686" id="5B9544F0-BDC0-11DC-BCF6-0016353B0686">
  <name>Needs More Cowbell</name>
  <description>Fear the reaper, but never... THE COWBELL!</description>
  <version>1.0</version>
  <play mode="timeout" time="15"/>
  <user type="community" id="BDB5AF80-BDA7-11DC-9660-0016353B0686" username="ChrisPirillo"/>
  <security sendable="true" approval="approved" previewable="true" access="public" deletable="true" virtualable="true" overlay="true"/>
  <rating count="24" value="2.125"/>
  <thumbnail href="http://s3movies.chumby.com/cdn/xmlthumbnail/5B951FC0-BDC0-11DC-BCF6-0016353B0686" contenttype="image/pjpeg"/>
  <template href="/xml/configs/5B9544F0-BDC0-11DC-BCF6-0016353B0686" contenttype=""/>
  <category href="http://xml.chumby.com/xapis/catalog/index/175E3A6A-5D3D-11DB-A0DD-0030485A78AA" name="Entertainment" id="175E3A6A-5D3D-11DB-A0DD-0030485A78AA"/>
  <movie href="http://s3movies.chumby.com/cdn/xmlmovie/5B92743C-BDC0-11DC-BCF6-0016353B0686" contenttype="application/x-shockwave-flash"/>
  <swfs>
    <swf width="320" microphone="false" kb="false" camera="false" as_version="2" accelerometer="false" previewable="true" content-type="application/x-shockwave-flash" href="http://s3movies.chumby.com/cdn/xmlmovie/5B92743C-BDC0-11DC-BCF6-0016353B0686" fixed_ar="true" swf_version="8" height="240" bgcolor="ffffff" supports_browser="false" pointing="false" resolution="" scalable="false" requires_sound="false"/>
  </swfs>
</widget>
