<?xml version="1.0" encoding="UTF-8"?>
<widget href="/xapis/catalog/widget/B25D5F4C-2220-11DD-9E45-0030488E34F8" id="B25D5F4C-2220-11DD-9E45-0030488E34F8">
  <name>Hor&#225;&#161;rio de Bras&#237;&#173;lia</name>
  <description>Bras&#237;&#173;lia Clock.</description>
  <version>1.0</version>
  <play mode="timeout" time="30"/>
  <user type="community" id="D3AAA610-221F-11DD-BB50-0030488E34CA" username="eduardolomb"/>
  <security sendable="true" previewable="true" access="public" approval="approved" virtualable="true" deletable="true" overlay="true"/>
  <rating count="2" value="1.0"/>
  <thumbnail href="http://s3movies.chumby.com/cdn/xmlthumbnail/B25D3508-2220-11DD-9E45-0030488E34F8" contenttype="image/jpeg"/>
  <template href="/xml/configs/B25D5F4C-2220-11DD-9E45-0030488E34F8" contenttype=""/>
  <category href="http://xml.chumby.com/xapis/catalog/index/EF508B70-2F35-11DB-8753-001372292121" name="Clocks" id="EF508B70-2F35-11DB-8753-001372292121"/>
  <movie href="http://s3movies.chumby.com/cdn/xmlmovie/B25951C2-2220-11DD-9E45-0030488E34F8" contenttype="application/x-shockwave-flash"/>
  <swfs>
    <swf width="150" microphone="false" kb="false" camera="false" as_version="2" accelerometer="false" previewable="true" content-type="application/x-shockwave-flash" href="http://s3movies.chumby.com/cdn/xmlmovie/B25951C2-2220-11DD-9E45-0030488E34F8" fixed_ar="false" swf_version="8" height="170" bgcolor="ffffff" supports_browser="false" pointing="false" resolution="" scalable="false" requires_sound="false"/>
  </swfs>
</widget>
