<?xml version="1.0" encoding="UTF-8"?>
<widget href="/xapis/catalog/widget/95187624-7131-11DC-8BE4-0030485A78AA" id="95187624-7131-11DC-8BE4-0030485A78AA">
  <name>Urban Word of the Day</name>
  <description>Slang for the people, by the people.</description>
  <version>1.1</version>
  <play mode="default" time="15"/>
  <user type="community" id="FAE524F6-CCFF-11DB-AD70-00161771248C" username="howdog"/>
  <security sendable="true" deletable="true" previewable="true" overlay="true" access="public" virtualable="true" approval="approved"/>
  <rating count="58" value="3.7069"/>
  <thumbnail href="http://s3movies.chumby.com/cdn/xmlthumbnail/17FAE2F6-D506-11DC-94F9-0016353B4502" contenttype="image/jpeg"/>
  <template href="http://s3movies.chumby.com/cdn/xmltemplate/17FD76F6-D506-11DC-94F9-0016353B4502" contenttype="text/xml"/>
  <category href="http://xml.chumby.com/xapis/catalog/index/E130976A-09A5-11DC-8592-0030488E34F8" name="Educational" id="E130976A-09A5-11DC-8592-0030488E34F8"/>
  <movie href="http://s3movies.chumby.com/cdn/xmlmovie/17FFD888-D506-11DC-94F9-0016353B4502" contenttype="application/x-shockwave-flash"/>
  <swfs>
    <swf width="320" microphone="false" kb="false" camera="false" as_version="2" accelerometer="false" previewable="true" content-type="application/x-shockwave-flash" href="http://s3movies.chumby.com/cdn/xmlmovie/17FFD888-D506-11DC-94F9-0016353B4502" fixed_ar="true" swf_version="7" height="240" bgcolor="666666" supports_browser="false" pointing="false" resolution="" scalable="false" requires_sound="false"/>
  </swfs>
</widget>
