<?xml version="1.0" encoding="UTF-8"?>
<widget href="/xapis/catalog/widget/AB5BD1F6-8725-11DC-ADDE-0030488E34F8" id="AB5BD1F6-8725-11DC-ADDE-0030488E34F8">
  <name>Celebrity Women Images</name>
  <description>Love hot female celebrities? Get fresh images from around the world updated daily.</description>
  <version>1.0.2</version>
  <play mode="timeout" time="50"/>
  <user type="community" id="3D7FD784-7C69-11DC-ADDE-0030488E34F8" username="sambeckett"/>
  <security sendable="true" overlay="true" previewable="true" access="public" virtualable="true" approval="approved" deletable="true"/>
  <rating count="27" value="2.8148"/>
  <thumbnail href="http://s3movies.chumby.com/cdn/xmlthumbnail/DDD28FC8-E401-11DD-AAE3-001E681DF646" contenttype="image/jpeg"/>
  <template href="/xml/configs/AB5BD1F6-8725-11DC-ADDE-0030488E34F8" contenttype=""/>
  <category href="http://xml.chumby.com/xapis/catalog/index/175E3A6A-5D3D-11DB-A0DD-0030485A78AA" name="Entertainment" id="175E3A6A-5D3D-11DB-A0DD-0030485A78AA"/>
  <movie href="http://s3movies.chumby.com/cdn/xmlmovie/E70FF640-E404-11DD-AF70-001B24F07EF4" contenttype="application/x-shockwave-flash"/>
  <swfs>
    <swf width="320" microphone="false" kb="false" camera="false" as_version="2" accelerometer="false" previewable="true" content-type="application/x-shockwave-flash" href="http://s3movies.chumby.com/cdn/xmlmovie/E70FF640-E404-11DD-AF70-001B24F07EF4" fixed_ar="true" swf_version="8" height="240" bgcolor="000000" supports_browser="false" pointing="false" resolution="" scalable="false" requires_sound="false"/>
  </swfs>
</widget>
