<?xml version="1.0" encoding="UTF-8"?>
<widget href="/xapis/catalog/widget/1619436A-B2DA-11DF-BB37-0021288EC192" id="1619436A-B2DA-11DF-BB37-0021288EC192">
  <name>Red LCD Clock</name>
  <description>Because it was not here and every old school bedside clock was red Digit I modified the sample LCD Clock</description>
  <version>1.0</version>
  <play mode="timeout" time="15"/>
  <user type="community" id="B0C06B16-9B36-11DF-BB99-001B24F07EF4" username="pegazus666"/>
  <security sendable="true" overlay="true" previewable="true" access="publicplus" virtualable="true" approval="approved" deletable="true"/>
  <rating count="21" value="4.3333"/>
  <thumbnail href="http://s3movies.chumby.com/cdn/xmlthumbnail/1618B5C6-B2DA-11DF-BB37-0021288EC192" contenttype="image/jpeg"/>
  <template href="/xml/configs/1619436A-B2DA-11DF-BB37-0021288EC192" contenttype=""/>
  <category href="http://xml.chumby.com/xapis/catalog/index/EF508B70-2F35-11DB-8753-001372292121" name="Clocks" id="EF508B70-2F35-11DB-8753-001372292121"/>
  <movie href="http://s3movies.chumby.com/cdn/xmlmovie/161B82B0-B2DA-11DF-BB37-0021288EC192" contenttype="application/x-shockwave-flash"/>
  <swfs>
    <swf width="320" microphone="false" kb="false" camera="false" as_version="2" accelerometer="false" previewable="true" content-type="application/x-shockwave-flash" href="http://s3movies.chumby.com/cdn/xmlmovie/161B82B0-B2DA-11DF-BB37-0021288EC192" fixed_ar="false" swf_version="6" height="240" bgcolor="000000" supports_browser="false" pointing="false" resolution="" scalable="false" requires_sound="false"/>
  </swfs>
</widget>
