<?xml version="1.0" encoding="UTF-8"?>
<widget href="/xapis/catalog/widget/AA20A5DC-EA30-11DC-A3D2-001635C47868" id="AA20A5DC-EA30-11DC-A3D2-001635C47868">
  <name>UK TV clock - Rediffusion</name>
  <description>Classic UK TV station clock from the 1980s. Flash clock created by Dave Jeffery and used with his permission. Taken from http://625.uk.com</description>
  <version>1.0</version>
  <play mode="timeout" time="60"/>
  <user type="community" id="41DDC2EC-C5E7-11DC-A5CC-001635C47868" username="gingerbeardman"/>
  <security sendable="true" approval="approved" previewable="false" deletable="true" access="public" virtualable="false" overlay="true"/>
  <rating count="11" value="2.4545"/>
  <thumbnail href="http://s3movies.chumby.com/cdn/xmlthumbnail/AA20834A-EA30-11DC-A3D2-001635C47868" contenttype="image/jpeg"/>
  <template href="/xml/configs/AA20A5DC-EA30-11DC-A3D2-001635C47868" contenttype=""/>
  <category href="http://xml.chumby.com/xapis/catalog/index/EF508B70-2F35-11DB-8753-001372292121" name="Clocks" id="EF508B70-2F35-11DB-8753-001372292121"/>
  <movie href="http://s3movies.chumby.com/cdn/xmlmovie/AA1F083A-EA30-11DC-A3D2-001635C47868" contenttype="application/x-shockwave-flash"/>
  <swfs>
    <swf width="788" microphone="false" kb="false" camera="false" as_version="2" accelerometer="false" previewable="false" content-type="application/x-shockwave-flash" href="http://s3movies.chumby.com/cdn/xmlmovie/AA1F083A-EA30-11DC-A3D2-001635C47868" fixed_ar="false" swf_version="6" height="576" bgcolor="000000" supports_browser="false" pointing="false" resolution="" scalable="false" requires_sound="false"/>
  </swfs>
</widget>
