<?xml version="1.0" encoding="UTF-8"?>
<widget href="/xapis/catalog/widget/3DF40584-AFB0-11DD-9D56-001E681DFAC2" id="3DF40584-AFB0-11DD-9D56-001E681DFAC2">
  <name>Internode</name>
  <description>The official Internode widget.

For further information, please visit us at http://www.internode.on.net/about/</description>
  <version>1.0</version>
  <play mode="timeout" time="60"/>
  <user type="community" id="5CFE420C-AFA9-11DD-8EAF-001E681DF646" username="Internode"/>
  <security sendable="true" deletable="true" previewable="false" overlay="true" access="public" virtualable="false" approval="approved"/>
  <rating count="39" value="2.8718"/>
  <thumbnail href="http://s3movies.chumby.com/cdn/xmlthumbnail/3DF3F580-AFB0-11DD-9D56-001E681DFAC2" contenttype="image/jpeg"/>
  <template href="/xml/configs/3DF40584-AFB0-11DD-9D56-001E681DFAC2" contenttype=""/>
  <category href="http://xml.chumby.com/xapis/catalog/index/8A3F7906-B75C-11DD-8466-001E681DF646" name="Australian" id="8A3F7906-B75C-11DD-8466-001E681DF646"/>
  <movie href="http://s3movies.chumby.com/cdn/xmlmovie/3DF328D0-AFB0-11DD-9D56-001E681DFAC2" contenttype="application/x-shockwave-flash"/>
  <swfs>
    <swf width="320" microphone="false" kb="false" camera="false" as_version="2" accelerometer="false" previewable="false" content-type="application/x-shockwave-flash" href="http://s3movies.chumby.com/cdn/xmlmovie/3DF328D0-AFB0-11DD-9D56-001E681DFAC2" fixed_ar="true" swf_version="8" height="240" bgcolor="eeeeee" supports_browser="false" pointing="false" resolution="" scalable="false" requires_sound="false"/>
  </swfs>
</widget>
