<?xml version="1.0" encoding="UTF-8"?>
<widget href="/xapis/catalog/widget/291B8EFE-0031-11DD-B488-0016353B4502" id="291B8EFE-0031-11DD-B488-0016353B4502">
  <name>Oscar clock  </name>
  <description>A chumby clock.</description>
  <version>1.2</version>
  <play mode="default" time="15"/>
  <user type="chumby" id="00000000-0000-0000-0000-000000000001" username="chumby"/>
  <security approval="approved" sendable="true" deletable="true" previewable="true" access="public" overlay="true" virtualable="true"/>
  <rating count="18" value="3.3333"/>
  <thumbnail href="http://s3movies.chumby.com/cdn/xmlthumbnail/BA84210C-46EF-11DE-A206-001B24E044BE" contenttype="image/jpeg"/>
  <template href="http://s3movies.chumby.com/cdn/xmltemplate/BAFE666A-46EF-11DE-A206-001B24E044BE" contenttype="text/xml"/>
  <category href="http://xml.chumby.com/xapis/catalog/index/EF508B70-2F35-11DB-8753-001372292121" name="Clocks" id="EF508B70-2F35-11DB-8753-001372292121"/>
  <movie href="http://s3movies.chumby.com/cdn/xmlmovie/BB7536FA-46EF-11DE-A206-001B24E044BE" contenttype="application/x-shockwave-flash"/>
  <swfs>
    <swf width="320" microphone="false" kb="false" camera="false" as_version="2" accelerometer="false" previewable="true" content-type="application/x-shockwave-flash" href="http://s3movies.chumby.com/cdn/xmlmovie/BB7536FA-46EF-11DE-A206-001B24E044BE" fixed_ar="true" swf_version="8" height="240" bgcolor="ffffff" supports_browser="false" pointing="false" resolution="" scalable="false" requires_sound="false"/>
  </swfs>
</widget>
