<?xml version="1.0" encoding="UTF-8"?>
<widget href="/xapis/catalog/widget/F242CC2E-E81D-11DC-AE3F-0016353BC7CC" id="F242CC2E-E81D-11DC-AE3F-0016353BC7CC">
  <name>Slider Clock</name>
  <description>Second in my Sliding Time Clock series. Timeline Clock being the other.
Date/Time sliding into view.</description>
  <version>1.92</version>
  <play mode="timeout" time="15"/>
  <user type="community" id="906EB7B6-30E3-11DC-83E9-0030488E34F8" username="myridom"/>
  <security sendable="true" approval="approved" previewable="true" access="public" deletable="true" virtualable="true" overlay="true"/>
  <rating count="97" value="4.0825"/>
  <thumbnail href="http://s3movies.chumby.com/cdn/xmlthumbnail/F242A4CE-E81D-11DC-AE3F-0016353BC7CC" contenttype="image/pjpeg"/>
  <template href="/xml/configs/F242CC2E-E81D-11DC-AE3F-0016353BC7CC" contenttype=""/>
  <category href="http://xml.chumby.com/xapis/catalog/index/EF508B70-2F35-11DB-8753-001372292121" name="Clocks" id="EF508B70-2F35-11DB-8753-001372292121"/>
  <movie href="http://s3movies.chumby.com/cdn/xmlmovie/110A2794-E885-11DC-9673-00156009DD9B" contenttype="application/x-shockwave-flash"/>
  <swfs>
    <swf width="320" microphone="false" kb="false" camera="false" as_version="2" accelerometer="false" previewable="true" content-type="application/x-shockwave-flash" href="http://s3movies.chumby.com/cdn/xmlmovie/110A2794-E885-11DC-9673-00156009DD9B" fixed_ar="false" swf_version="6" height="240" bgcolor="000000" supports_browser="false" pointing="false" resolution="" scalable="false" requires_sound="false"/>
  </swfs>
</widget>
