<?xml version="1.0" encoding="UTF-8"?>
<widget href="/xapis/catalog/widget/E6DE2874-DE3F-11DD-82A9-001B24F07EF4" id="E6DE2874-DE3F-11DD-82A9-001B24F07EF4">
  <name>Cooking Expressions</name>
  <description>Convert USA cooking terms to AUS and vice versa.</description>
  <version>1.0</version>
  <play mode="timeout" time="60"/>
  <user type="community" id="AAE02024-BCF3-11DD-A5FA-001E681DFAC2" username="krauth"/>
  <security sendable="true" approval="approved" previewable="true" deletable="true" access="public" virtualable="true" overlay="true"/>
  <rating count="13" value="2.8333"/>
  <thumbnail href="http://s3movies.chumby.com/cdn/xmlthumbnail/E6DE1212-DE3F-11DD-82A9-001B24F07EF4" contenttype="image/pjpeg"/>
  <template href="/xml/configs/E6DE2874-DE3F-11DD-82A9-001B24F07EF4" contenttype=""/>
  <category href="http://xml.chumby.com/xapis/catalog/index/8A3F7906-B75C-11DD-8466-001E681DF646" name="Australian" id="8A3F7906-B75C-11DD-8466-001E681DF646"/>
  <movie href="http://s3movies.chumby.com/cdn/xmlmovie/E6DD6A10-DE3F-11DD-82A9-001B24F07EF4" contenttype="application/x-shockwave-flash"/>
  <swfs>
    <swf width="320" microphone="false" kb="false" camera="false" as_version="2" accelerometer="false" previewable="true" content-type="application/x-shockwave-flash" href="http://s3movies.chumby.com/cdn/xmlmovie/E6DD6A10-DE3F-11DD-82A9-001B24F07EF4" fixed_ar="true" swf_version="8" height="240" bgcolor="666666" supports_browser="false" pointing="false" resolution="" scalable="false" requires_sound="false"/>
  </swfs>
</widget>
