<?xml version="1.0" encoding="UTF-8"?>
<widget href="/xapis/catalog/widget/B70077F6-59C1-11E0-8B4E-0021288E720C" id="B70077F6-59C1-11E0-8B4E-0021288E720C">
  <name>Federation Analog Clock</name>
  <description>Analog Clock with Star Trek Federation Logo Background

This application was created so I could learn how to develop applications for the Chumby devices. This application was written by using only the open source FlashDevelop IDE.

The source code is available for the development community to use and is very easy to modify to make your own custom analog clock. (Only 4 lines to modify.)

To obtain the source code and find out how to modify the clock as well as some other notes about developing applications for the Chumby devices, visit my Blog at http://chumbydev.blogspot.com/.</description>
  <version>0.3</version>
  <play mode="timeout" time="15"/>
  <user type="community" id="C87E71EA-C4A5-11DC-9FA4-00156009DD9B" username="richteel"/>
  <security sendable="true" deletable="true" previewable="true" overlay="true" access="public" virtualable="true" approval="approved"/>
  <rating count="4" value="3.75"/>
  <thumbnail href="http://s3movies.chumby.com/cdn/xmlthumbnail/1BE2D990-C9A5-11E0-BB6B-0021288E720C" contenttype="image/jpeg"/>
  <template href="/xml/configs/B70077F6-59C1-11E0-8B4E-0021288E720C" contenttype=""/>
  <category href="http://xml.chumby.com/xapis/catalog/index/EF508B70-2F35-11DB-8753-001372292121" name="Clocks" id="EF508B70-2F35-11DB-8753-001372292121"/>
  <movie href="http://s3movies.chumby.com/cdn/xmlmovie/B70247C0-59C1-11E0-8B4E-0021288E720C" contenttype="application/x-shockwave-flash"/>
  <swfs>
    <swf width="320" microphone="false" kb="false" camera="false" as_version="2" accelerometer="false" previewable="true" content-type="application/x-shockwave-flash" href="http://s3movies.chumby.com/cdn/xmlmovie/B70247C0-59C1-11E0-8B4E-0021288E720C" fixed_ar="true" swf_version="8" height="240" bgcolor="ffffff" supports_browser="false" pointing="false" resolution="" scalable="false" requires_sound="false"/>
  </swfs>
</widget>
