<?xml version="1.0" encoding="UTF-8"?>
<widget href="/xapis/catalog/widget/83415512-64E0-11DD-8C46-001E681DF646" id="83415512-64E0-11DD-8C46-001E681DF646">
  <name>Brushed Gold</name>
  <description>This is a close as I get to bling!
Get free clocks for your own website at www.adamdorman.com.</description>
  <version>1.0</version>
  <play mode="timeout" time="15"/>
  <user type="community" id="E790164A-5200-11DD-BAC5-001E681DFAC2" username="adorman"/>
  <security sendable="true" approval="approved" previewable="true" access="public" deletable="true" virtualable="true" overlay="true"/>
  <rating count="6" value="2.8333"/>
  <thumbnail href="http://s3movies.chumby.com/cdn/xmlthumbnail/8341437E-64E0-11DD-8C46-001E681DF646" contenttype="image/jpeg"/>
  <template href="/xml/configs/83415512-64E0-11DD-8C46-001E681DF646" contenttype=""/>
  <category href="http://xml.chumby.com/xapis/catalog/index/EF508B70-2F35-11DB-8753-001372292121" name="Clocks" id="EF508B70-2F35-11DB-8753-001372292121"/>
  <movie href="http://s3movies.chumby.com/cdn/xmlmovie/F6AA08FC-6A56-11DD-8E2E-001B24F07EF4" contenttype="application/x-shockwave-flash"/>
  <swfs>
    <swf width="320" microphone="false" kb="false" camera="false" as_version="2" accelerometer="false" previewable="true" content-type="application/x-shockwave-flash" href="http://s3movies.chumby.com/cdn/xmlmovie/F6AA08FC-6A56-11DD-8E2E-001B24F07EF4" fixed_ar="false" swf_version="7" height="240" bgcolor="000000" supports_browser="false" pointing="false" resolution="" scalable="false" requires_sound="false"/>
  </swfs>
</widget>
