<?xml version="1.0" encoding="UTF-8"?>
<widget href="/xapis/catalog/widget/354FBDE4-0B72-11DC-9E33-0030485B7900" id="354FBDE4-0B72-11DC-9E33-0030485B7900">
  <name>Sushi Sue</name>
  <description>Have a different Sushi served to you fresh every day!</description>
  <version>1.0</version>
  <play mode="timeout" time="15"/>
  <user type="community" id="F82FA8E2-09FB-11DC-94E0-0030488CBE0D" username="fatpengy"/>
  <security sendable="true" deletable="true" previewable="true" overlay="true" access="public" virtualable="true" approval="approved"/>
  <rating count="30" value="3.0667"/>
  <thumbnail href="http://s3movies.chumby.com/cdn/xmlthumbnail/1F40834C-2415-11DC-A307-0030485A78AA" contenttype="image/jpeg"/>
  <template href="/xml/configs/354FBDE4-0B72-11DC-9E33-0030485B7900" contenttype=""/>
  <category href="http://xml.chumby.com/xapis/catalog/index/2DAEAFDA-9798-11DB-9563-0030485A78AA" name="Animals" id="2DAEAFDA-9798-11DB-9563-0030485A78AA"/>
  <movie href="http://s3movies.chumby.com/cdn/xmlmovie/1F3BFA0C-2415-11DC-A307-0030485A78AA" contenttype="application/x-shockwave-flash"/>
  <swfs>
    <swf width="320" microphone="false" kb="false" camera="false" as_version="2" accelerometer="false" previewable="true" content-type="application/x-shockwave-flash" href="http://s3movies.chumby.com/cdn/xmlmovie/1F3BFA0C-2415-11DC-A307-0030485A78AA" fixed_ar="true" swf_version="4" height="240" bgcolor="ffffff" supports_browser="false" pointing="false" resolution="" scalable="false" requires_sound="false"/>
  </swfs>
</widget>
