<?xml version="1.0" encoding="UTF-8"?>
<widget href="/xapis/catalog/widget/6014D5EC-AEB0-11DB-B4EB-0030485A78AA" id="6014D5EC-AEB0-11DB-B4EB-0030485A78AA">
  <name>Red Graphic Clock</name>
  <description>A clock</description>
  <version>1.2</version>
  <play mode="default" time="30"/>
  <user type="community" id="E818F108-307A-11DB-9A6C-001372292121" username="dmaxwell"/>
  <security sendable="true" approval="approved" previewable="true" access="public" deletable="true" virtualable="true" overlay="true"/>
  <rating count="39" value="3.8974"/>
  <thumbnail href="http://s3movies.chumby.com/cdn/xmlthumbnail/BE3328FA-D997-11DC-B110-0016353B4502" contenttype="image/jpeg"/>
  <template href="http://s3movies.chumby.com/cdn/xmltemplate/BE36E58A-D997-11DC-B110-0016353B4502" contenttype="text/xml"/>
  <category href="http://xml.chumby.com/xapis/catalog/index/EF508B70-2F35-11DB-8753-001372292121" name="Clocks" id="EF508B70-2F35-11DB-8753-001372292121"/>
  <movie href="http://s3movies.chumby.com/cdn/xmlmovie/BE3A2AF6-D997-11DC-B110-0016353B4502" contenttype="application/x-shockwave-flash"/>
  <swfs>
    <swf width="320" microphone="false" kb="false" camera="false" as_version="2" accelerometer="false" previewable="true" content-type="application/x-shockwave-flash" href="http://s3movies.chumby.com/cdn/xmlmovie/BE3A2AF6-D997-11DC-B110-0016353B4502" fixed_ar="false" swf_version="6" height="240" bgcolor="cc0202" supports_browser="false" pointing="false" resolution="" scalable="false" requires_sound="false"/>
  </swfs>
</widget>
