<?xml version="1.0" encoding="UTF-8"?>
<widget href="/xapis/catalog/widget/2BEF8A28-4587-11DC-9F14-0030485B7900" id="2BEF8A28-4587-11DC-9F14-0030485B7900">
  <name>The Hype Machine</name>
  <description>Listen to music that The Hype Machine is uncovering. If you like a track, send yourself a reminder (will include a link to hypem.com where you can listen again, learn more about the track and/or purchase, and share with friends).</description>
  <version>1.0</version>
  <play mode="cooperative" time="60"/>
  <pom>65535</pom>
  <user type="community" id="F895D434-4509-11DC-874A-00146C833363" username="gonga"/>
  <security sendable="true" deletable="true" previewable="false" overlay="true" access="public" virtualable="false" approval="approved"/>
  <rating count="4" value="4.25"/>
  <thumbnail href="http://s3movies.chumby.com/cdn/xmlthumbnail/5D799A86-BD23-11DF-A69C-0021288E6F90" contenttype="image/jpeg"/>
  <template href="/xml/configs/2BEF8A28-4587-11DC-9F14-0030485B7900" contenttype=""/>
  <category href="http://xml.chumby.com/xapis/catalog/index/175E3A6A-5D3D-11DB-A0DD-0030485A78AA" name="Entertainment" id="175E3A6A-5D3D-11DB-A0DD-0030485A78AA"/>
  <movie filtered="true" href="http://s3movies.chumby.com/cdn/xmlmovie/33E721A8-1DB3-11DF-8F13-001B24F07EF4" contenttype="application/x-shockwave-flash"/>
  <swfs>
    <swf width="320" microphone="false" kb="false" camera="false" as_version="2" accelerometer="false" previewable="true" content-type="application/x-shockwave-flash" href="http://s3movies.chumby.com/cdn/xmlmovie/33E721A8-1DB3-11DF-8F13-001B24F07EF4" fixed_ar="true" swf_version="7" height="240" bgcolor="ffffff" supports_browser="false" pointing="false" resolution="" scalable="false" requires_sound="false"/>
  </swfs>
</widget>
