<?xml version="1.0" encoding="UTF-8"?>
<widget href="/xapis/catalog/widget/9FDA22D6-2574-11DD-A20B-0030488E34CA" id="9FDA22D6-2574-11DD-A20B-0030488E34CA">
  <name>Acrobat Clock</name>
  <description>Acrobat Clock</description>
  <version>1.0</version>
  <play mode="timeout" time="15"/>
  <user type="community" id="ABA3F054-F97A-11DC-8F4A-0016353BC7CC" username="brendanjcrlsn"/>
  <security sendable="true" previewable="true" approval="approved" access="public" deletable="true" virtualable="true" overlay="true"/>
  <rating count="18" value="3.5556"/>
  <thumbnail href="http://s3movies.chumby.com/cdn/xmlthumbnail/9FD9F8BA-2574-11DD-A20B-0030488E34CA" contenttype="image/jpeg"/>
  <template href="/xml/configs/9FDA22D6-2574-11DD-A20B-0030488E34CA" contenttype=""/>
  <category href="http://xml.chumby.com/xapis/catalog/index/EF508B70-2F35-11DB-8753-001372292121" name="Clocks" id="EF508B70-2F35-11DB-8753-001372292121"/>
  <movie href="http://s3movies.chumby.com/cdn/xmlmovie/9FD07EA2-2574-11DD-A20B-0030488E34CA" contenttype="application/x-shockwave-flash"/>
  <swfs>
    <swf width="2400" microphone="false" kb="false" camera="false" as_version="2" accelerometer="false" previewable="true" content-type="application/x-shockwave-flash" href="http://s3movies.chumby.com/cdn/xmlmovie/9FD07EA2-2574-11DD-A20B-0030488E34CA" fixed_ar="true" swf_version="7" height="400" bgcolor="ffffff" supports_browser="false" pointing="false" resolution="" scalable="false" requires_sound="false"/>
  </swfs>
</widget>
