<?xml version="1.0" encoding="UTF-8"?>
<widget href="/xapis/catalog/widget/A1EBC7EE-3D87-11E1-8563-1231392EFFEB" id="A1EBC7EE-3D87-11E1-8563-1231392EFFEB">
  <name>Cyber-Pets ~ bunnyhero labs</name>
  <description>At bunnyherolabs.com you can adopt a cyber-pet for display on a variety of websites.  Now you can create a habitat for them in your chumby for safe observation and affection.  You must configure this app online at chumby.com.  Each animal has different actions when you touch areas on the screen.  Toddler approved! (you will only see your color choice on the chumby, and not the web preview)</description>
  <version>1.5</version>
  <play mode="timeout" time="90"/>
  <user type="community" id="5C390ADA-65B9-11DD-8131-001B24F07D28" username="develephant"/>
  <security sendable="true" approval="approved" previewable="true" access="publicplus" deletable="true" virtualable="true" overlay="true"/>
  <rating count="4" value="5.0"/>
  <thumbnail href="http://s3movies.chumby.com/cdn/xmlthumbnail/A1EB908A-3D87-11E1-8563-1231392EFFEB" contenttype="image/jpeg"/>
  <template href="http://s3movies.chumby.com/cdn/xmltemplate/A1EAFD64-3D87-11E1-8563-1231392EFFEB" contenttype="application/x-shockwave-flash"/>
  <category href="http://xml.chumby.com/xapis/catalog/index/2DAEAFDA-9798-11DB-9563-0030485A78AA" name="Animals" id="2DAEAFDA-9798-11DB-9563-0030485A78AA"/>
  <movie href="http://s3movies.chumby.com/cdn/xmlmovie/A1EF4BD0-3D87-11E1-8563-1231392EFFEB" contenttype="application/x-shockwave-flash"/>
  <swfs>
    <swf width="320" microphone="false" kb="false" camera="false" as_version="2" accelerometer="false" previewable="true" content-type="application/x-shockwave-flash" href="http://s3movies.chumby.com/cdn/xmlmovie/A1EF4BD0-3D87-11E1-8563-1231392EFFEB" fixed_ar="true" swf_version="8" height="240" bgcolor="ffffff" supports_browser="false" pointing="false" resolution="320x240" scalable="false" requires_sound="false"/>
  </swfs>
</widget>
