<?xml version="1.0" encoding="UTF-8"?>
<widget href="/xapis/catalog/widget/FBB9BAC6-9A02-11DF-B4C8-0021288E720C" id="FBB9BAC6-9A02-11DF-B4C8-0021288E720C">
  <name>Chummix</name>
  <description>Chummix application collects data (email, posts) on the web and present it to you as headlines. You can interact to fetch more data or details (like e-mail content).

Please visit http://www.chummix.org for more information.</description>
  <version>1.1</version>
  <play mode="timeout" time="60"/>
  <user type="community" id="5A7333E8-7A79-11DF-B4B5-001B24F07EF4" username="Dorgendubal"/>
  <security sendable="true" overlay="true" previewable="true" access="publicplus" virtualable="true" approval="approved" deletable="true"/>
  <rating count="2" value="3.5"/>
  <thumbnail href="http://s3movies.chumby.com/cdn/xmlthumbnail/E6C470FA-A7C9-11DF-8EEE-0021288EBF58" contenttype="image/jpeg"/>
  <template href="http://s3movies.chumby.com/cdn/xmltemplate/118F5C60-AB43-11DF-89E8-0021288E6F90" contenttype="application/x-shockwave-flash"/>
  <category href="http://xml.chumby.com/xapis/catalog/index/59BC5264-CF80-11DC-92D5-00156009DD9B" name="Communications" id="59BC5264-CF80-11DC-92D5-00156009DD9B"/>
  <movie href="http://s3movies.chumby.com/cdn/xmlmovie/FBBACF06-9A02-11DF-B4C8-0021288E720C" contenttype="application/x-shockwave-flash"/>
  <swfs>
    <swf width="320" microphone="false" kb="false" camera="false" as_version="2" accelerometer="false" previewable="true" content-type="application/x-shockwave-flash" href="http://s3movies.chumby.com/cdn/xmlmovie/FBBACF06-9A02-11DF-B4C8-0021288E720C" fixed_ar="true" swf_version="8" height="240" bgcolor="d4ebf9" supports_browser="false" pointing="false" resolution="320x240" scalable="false" requires_sound="false"/>
  </swfs>
</widget>
