<?xml version="1.0" encoding="UTF-8"?>
<widget href="/xapis/catalog/widget/A5706F0A-635B-11DD-B5F0-001E681DFAC2" id="A5706F0A-635B-11DD-B5F0-001E681DFAC2">
  <name>MyridoM's BIG Flip Clock</name>
  <description>This is my BIG Flip Clock. Use it, Dont use it. I don't care. 
Comments will be ignored.</description>
  <version>1.0</version>
  <play mode="timeout" time="15"/>
  <user type="community" id="906EB7B6-30E3-11DC-83E9-0030488E34F8" username="myridom"/>
  <security sendable="true" deletable="true" previewable="true" overlay="true" access="public" virtualable="true" approval="approved"/>
  <rating count="42" value="3.9048"/>
  <thumbnail href="http://s3movies.chumby.com/cdn/xmlthumbnail/A5705CA4-635B-11DD-B5F0-001E681DFAC2" contenttype="image/pjpeg"/>
  <template href="/xml/configs/A5706F0A-635B-11DD-B5F0-001E681DFAC2" contenttype=""/>
  <category href="http://xml.chumby.com/xapis/catalog/index/EF508B70-2F35-11DB-8753-001372292121" name="Clocks" id="EF508B70-2F35-11DB-8753-001372292121"/>
  <movie href="http://s3movies.chumby.com/cdn/xmlmovie/A56F06F6-635B-11DD-B5F0-001E681DFAC2" contenttype="application/x-shockwave-flash"/>
  <swfs>
    <swf width="320" microphone="false" kb="false" camera="false" as_version="2" accelerometer="false" previewable="true" content-type="application/x-shockwave-flash" href="http://s3movies.chumby.com/cdn/xmlmovie/A56F06F6-635B-11DD-B5F0-001E681DFAC2" fixed_ar="false" swf_version="8" height="240" bgcolor="000000" supports_browser="false" pointing="false" resolution="" scalable="false" requires_sound="false"/>
  </swfs>
</widget>
