<?xml version="1.0" encoding="UTF-8"?>
<widget href="/xapis/catalog/widget/E0C0211E-F7D4-11DD-9E2B-001B24F07EF4" id="E0C0211E-F7D4-11DD-9E2B-001B24F07EF4">
  <name>Kingyo Clock</name>
  <description>Kingyo-Chan, goldfish in your chumby.
Something happens sometimes. 
</description>
  <version>1.03</version>
  <play mode="timeout" time="30"/>
  <user type="community" id="27C046DA-7327-11DD-BDC0-001E681DF646" username="takechi"/>
  <security sendable="true" approval="approved" previewable="true" access="public" deletable="true" virtualable="true" overlay="true"/>
  <rating count="37" value="2.973"/>
  <thumbnail href="http://s3movies.chumby.com/cdn/xmlthumbnail/EAA4A640-8290-11DE-BB2A-001E681DFAC2" contenttype="image/jpeg"/>
  <template href="/xml/configs/E0C0211E-F7D4-11DD-9E2B-001B24F07EF4" contenttype=""/>
  <category href="http://xml.chumby.com/xapis/catalog/index/EF508B70-2F35-11DB-8753-001372292121" name="Clocks" id="EF508B70-2F35-11DB-8753-001372292121"/>
  <movie href="http://s3movies.chumby.com/cdn/xmlmovie/420D63A2-019C-11DE-9299-001B24F07EF4" contenttype="application/x-shockwave-flash"/>
  <swfs>
    <swf width="320" microphone="false" kb="false" camera="false" as_version="2" accelerometer="false" previewable="true" content-type="application/x-shockwave-flash" href="http://s3movies.chumby.com/cdn/xmlmovie/420D63A2-019C-11DE-9299-001B24F07EF4" fixed_ar="true" swf_version="7" height="240" bgcolor="000000" supports_browser="false" pointing="false" resolution="" scalable="false" requires_sound="false"/>
  </swfs>
</widget>
