<?xml version="1.0" encoding="UTF-8"?>
<widget href="/xapis/catalog/widget/05F45ECC-D6F4-11E0-9C37-0021288E720C" id="05F45ECC-D6F4-11E0-9C37-0021288E720C">
  <name>Orologio</name>
  <description>Yet another fuzzy clock, this time in Italian (you missed it, don't you?). It shows the date as well.</description>
  <version>1.2</version>
  <play mode="timeout" time="80"/>
  <user type="community" id="30ED734E-78A2-11E0-9FB7-001B24F07EF4" username="pteranodonte"/>
  <security sendable="true" previewable="true" approval="pending" access="public" deletable="true" virtualable="true" overlay="true"/>
  <rating count="2" value="5.0"/>
  <thumbnail href="http://s3movies.chumby.com/cdn/xmlthumbnail/608A508A-0705-11E1-9BD8-001B24F07EF4" contenttype="image/jpeg"/>
  <template href="/xml/configs/05F45ECC-D6F4-11E0-9C37-0021288E720C" contenttype=""/>
  <category href="http://xml.chumby.com/xapis/catalog/index/EF508B70-2F35-11DB-8753-001372292121" name="Clocks" id="EF508B70-2F35-11DB-8753-001372292121"/>
  <movie href="http://s3movies.chumby.com/content/xmlmovie/05F65D12-D6F4-11E0-9C37-0021288E720C_1330881953" contenttype="application/x-shockwave-flash"/>
  <swfs>
    <swf width="320" microphone="false" kb="false" camera="false" as_version="2" accelerometer="false" previewable="true" content-type="application/x-shockwave-flash" href="http://s3movies.chumby.com/content/xmlmovie/05F65D12-D6F4-11E0-9C37-0021288E720C_1330881953" fixed_ar="true" swf_version="8" height="240" bgcolor="000000" supports_browser="false" pointing="false" resolution="" scalable="false" requires_sound="false"/>
  </swfs>
</widget>
