<?xml version="1.0" encoding="UTF-8"?>
<widget href="/xapis/catalog/widget/A6CE936C-4EC0-11DE-ADB4-001B24F07EF4" id="A6CE936C-4EC0-11DE-ADB4-001B24F07EF4">
  <name>One Sentence</name>
  <description>True stories, told in one sentence from onesentence.org --- Let it cycle automatically (new sentence every 60s unless customized!) or tap the right side of the screen to advance or the left side to reverse. Tap the center to pause on that sentence forever or to resume auto-cycling.</description>
  <version>0.11</version>
  <play mode="cooperative" time="60"/>
  <user type="community" id="4B3A1E42-144B-11DC-B0E0-0030485B7900" username="djchumby"/>
  <security sendable="true" previewable="true" approval="approved" access="public" deletable="true" virtualable="true" overlay="true"/>
  <rating count="30" value="3.4333"/>
  <thumbnail href="http://s3movies.chumby.com/cdn/xmlthumbnail/A6CD63AC-4EC0-11DE-ADB4-001B24F07EF4" contenttype="image/pjpeg"/>
  <template href="http://s3movies.chumby.com/cdn/xmltemplate/7BD7E50E-4FB6-11DE-835F-001E681DF646" contenttype="application/x-shockwave-flash"/>
  <category href="http://xml.chumby.com/xapis/catalog/index/59BC5264-CF80-11DC-92D5-00156009DD9B" name="Communications" id="59BC5264-CF80-11DC-92D5-00156009DD9B"/>
  <movie href="http://s3movies.chumby.com/cdn/xmlmovie/A6CF9212-4EC0-11DE-ADB4-001B24F07EF4" contenttype="application/x-shockwave-flash"/>
  <swfs>
    <swf width="320" microphone="false" kb="false" camera="false" as_version="2" accelerometer="false" previewable="true" content-type="application/x-shockwave-flash" href="http://s3movies.chumby.com/cdn/xmlmovie/A6CF9212-4EC0-11DE-ADB4-001B24F07EF4" fixed_ar="false" swf_version="8" height="240" bgcolor="000000" supports_browser="false" pointing="false" resolution="" scalable="false" requires_sound="false"/>
  </swfs>
</widget>
