<?xml version="1.0" encoding="UTF-8"?>
<widget href="/xapis/catalog/widget/F4D21B3A-6710-11DD-8104-001E681DFAC2" id="F4D21B3A-6710-11DD-8104-001E681DFAC2">
  <name>Glass Globe</name>
  <description>Just hands with added moody glass sphere.
Get free clocks for your own website at www.adamdorman.com.</description>
  <version>1.0</version>
  <play mode="timeout" time="15"/>
  <user type="community" id="E790164A-5200-11DD-BAC5-001E681DFAC2" username="adorman"/>
  <security sendable="true" previewable="true" access="public" approval="approved" virtualable="true" deletable="true" overlay="true"/>
  <rating count="37" value="3.8108"/>
  <thumbnail href="http://s3movies.chumby.com/cdn/xmlthumbnail/F4D20776-6710-11DD-8104-001E681DFAC2" contenttype="image/jpeg"/>
  <template href="/xml/configs/F4D21B3A-6710-11DD-8104-001E681DFAC2" contenttype=""/>
  <category href="http://xml.chumby.com/xapis/catalog/index/EF508B70-2F35-11DB-8753-001372292121" name="Clocks" id="EF508B70-2F35-11DB-8753-001372292121"/>
  <movie href="http://s3movies.chumby.com/cdn/xmlmovie/84A81CEE-6A56-11DD-8456-001B24F07EF4" contenttype="application/x-shockwave-flash"/>
  <swfs>
    <swf width="320" microphone="false" kb="false" camera="false" as_version="2" accelerometer="false" previewable="true" content-type="application/x-shockwave-flash" href="http://s3movies.chumby.com/cdn/xmlmovie/84A81CEE-6A56-11DD-8456-001B24F07EF4" fixed_ar="false" swf_version="7" height="240" bgcolor="000000" supports_browser="false" pointing="false" resolution="" scalable="false" requires_sound="false"/>
  </swfs>
</widget>
