<?xml version="1.0" encoding="UTF-8"?>
<widget href="/xapis/catalog/widget/4D5E90F8-78F1-11DC-ADDE-0030488E34F8" id="4D5E90F8-78F1-11DC-ADDE-0030488E34F8">
  <name>Big Clock</name>
  <description>A large clock designed to be viewed from a distance or without glasses.</description>
  <version>1.1</version>
  <play mode="timeout" time="30"/>
  <user type="community" id="E818F108-307A-11DB-9A6C-001372292121" username="dmaxwell"/>
  <security sendable="true" approval="approved" previewable="true" deletable="true" access="public" virtualable="true" overlay="true"/>
  <rating count="36" value="3.6944"/>
  <thumbnail href="http://s3movies.chumby.com/cdn/xmlthumbnail/4D5E09F8-78F1-11DC-ADDE-0030488E34F8" contenttype="image/jpeg"/>
  <template href="/xml/configs/4D5E90F8-78F1-11DC-ADDE-0030488E34F8" contenttype=""/>
  <category href="http://xml.chumby.com/xapis/catalog/index/EF508B70-2F35-11DB-8753-001372292121" name="Clocks" id="EF508B70-2F35-11DB-8753-001372292121"/>
  <movie href="http://s3movies.chumby.com/cdn/xmlmovie/143B988E-F4A1-11DD-8940-001E681DF646" contenttype="application/x-shockwave-flash"/>
  <swfs>
    <swf width="320" microphone="false" kb="false" camera="false" as_version="2" accelerometer="false" previewable="true" content-type="application/x-shockwave-flash" href="http://s3movies.chumby.com/cdn/xmlmovie/143B988E-F4A1-11DD-8940-001E681DF646" fixed_ar="false" swf_version="6" height="240" bgcolor="496082" supports_browser="false" pointing="false" resolution="" scalable="false" requires_sound="false"/>
  </swfs>
</widget>
