<?xml version="1.0" encoding="UTF-8"?>
<widget href="/xapis/catalog/widget/28857FC6-446C-11DC-BBCB-0030488CBE0D" id="28857FC6-446C-11DC-BBCB-0030488CBE0D">
  <name>Filmcritic.com Movie Reviews</name>
  <description>Get the latest theatrical movie reviews delivered right to your chumby!</description>
  <version>2.1</version>
  <play mode="timeout" time="30"/>
  <user type="community" id="F31C2424-4467-11DC-9EB4-0030488E34F8" username="null"/>
  <security sendable="true" approval="approved" previewable="true" access="public" deletable="true" virtualable="true" overlay="true"/>
  <rating count="25" value="4.08"/>
  <thumbnail href="http://s3movies.chumby.com/cdn/xmlthumbnail/28855532-446C-11DC-BBCB-0030488CBE0D" contenttype="image/jpeg"/>
  <template href="http://s3movies.chumby.com/cdn/xmltemplate/47B46274-473C-11DF-ACC7-001B24E044BE" contenttype="text/xml"/>
  <category href="http://xml.chumby.com/xapis/catalog/index/175E3A6A-5D3D-11DB-A0DD-0030485A78AA" name="Entertainment" id="175E3A6A-5D3D-11DB-A0DD-0030485A78AA"/>
  <movie href="http://s3movies.chumby.com/cdn/xmlmovie/28808D54-446C-11DC-BBCB-0030488CBE0D" contenttype="application/x-shockwave-flash"/>
  <swfs>
    <swf width="320" microphone="false" kb="false" camera="false" as_version="2" accelerometer="false" previewable="true" content-type="application/x-shockwave-flash" href="http://s3movies.chumby.com/cdn/xmlmovie/28808D54-446C-11DC-BBCB-0030488CBE0D" fixed_ar="true" swf_version="8" height="240" bgcolor="ffffff" supports_browser="false" pointing="false" resolution="" scalable="false" requires_sound="false"/>
  </swfs>
</widget>
