<?xml version="1.0" encoding="UTF-8"?>
<widget href="/xapis/catalog/widget/F31DACD0-3990-11DD-9F9A-001E681DFAC2" id="F31DACD0-3990-11DD-9F9A-001E681DFAC2">
  <name>Mount Washington Weather</name>
  <description>A Flash-based animation abstracting the weather data streaming from atop Mount Washington in New Hampshire. Each minute, a shooting star flies by, the borealis changes color based on temperature and velocity from wind speed.</description>
  <version>1.0</version>
  <play mode="timeout" time="60"/>
  <user type="community" id="1CE60642-398D-11DD-AE7D-001B24F07D28" username="parkerkuncl"/>
  <security sendable="true" deletable="true" previewable="true" overlay="true" access="public" virtualable="true" approval="approved"/>
  <rating count="28" value="3.1429"/>
  <thumbnail href="http://s3movies.chumby.com/cdn/xmlthumbnail/F31D9880-3990-11DD-9F9A-001E681DFAC2" contenttype="image/jpeg"/>
  <template href="/xml/configs/F31DACD0-3990-11DD-9F9A-001E681DFAC2" contenttype=""/>
  <category href="http://xml.chumby.com/xapis/catalog/index/AC50ADA4-4088-11DC-B053-0030485A78AA" name="Animation" id="AC50ADA4-4088-11DC-B053-0030485A78AA"/>
  <movie href="http://s3movies.chumby.com/cdn/xmlmovie/F31C8030-3990-11DD-9F9A-001E681DFAC2" contenttype="application/x-shockwave-flash"/>
  <swfs>
    <swf width="320" microphone="false" kb="false" camera="false" as_version="2" accelerometer="false" previewable="true" content-type="application/x-shockwave-flash" href="http://s3movies.chumby.com/cdn/xmlmovie/F31C8030-3990-11DD-9F9A-001E681DFAC2" fixed_ar="true" swf_version="8" height="240" bgcolor="ffffff" supports_browser="false" pointing="false" resolution="" scalable="false" requires_sound="false"/>
  </swfs>
</widget>
