<?xml version="1.0" encoding="UTF-8"?>
<widget href="/xapis/catalog/widget/70CA7DA2-BB5B-11DC-A690-00156009DD9B" id="70CA7DA2-BB5B-11DC-A690-00156009DD9B">
  <name>Bouncing Ball Clock (in Blues)</name>
  <description>A simple h:m:s clock.
When the hour, minute or second changes, the appropriate ball bounces... well, it moves up and down at a constant rate... pretend it is bouncing for my benefit.</description>
  <version>1.1</version>
  <play mode="timeout" time="30"/>
  <user type="community" id="1D2A0F46-AE90-11DC-BBC1-0016353B0686" username="anaxolotl"/>
  <security sendable="true" previewable="true" access="public" approval="approved" virtualable="true" deletable="true" overlay="true"/>
  <rating count="23" value="3.4783"/>
  <thumbnail href="http://s3movies.chumby.com/cdn/xmlthumbnail/70CA580E-BB5B-11DC-A690-00156009DD9B" contenttype="image/pjpeg"/>
  <template href="/xml/configs/70CA7DA2-BB5B-11DC-A690-00156009DD9B" contenttype=""/>
  <category href="http://xml.chumby.com/xapis/catalog/index/EF508B70-2F35-11DB-8753-001372292121" name="Clocks" id="EF508B70-2F35-11DB-8753-001372292121"/>
  <movie href="http://s3movies.chumby.com/cdn/xmlmovie/2D43966E-BC95-11DC-A690-00156009DD9B" contenttype="application/x-shockwave-flash"/>
  <swfs>
    <swf width="320" microphone="false" kb="false" camera="false" as_version="2" accelerometer="false" previewable="true" content-type="application/x-shockwave-flash" href="http://s3movies.chumby.com/cdn/xmlmovie/2D43966E-BC95-11DC-A690-00156009DD9B" fixed_ar="true" swf_version="7" height="240" bgcolor="666666" supports_browser="false" pointing="false" resolution="" scalable="false" requires_sound="false"/>
  </swfs>
</widget>
