<?xml version="1.0" encoding="UTF-8"?>
<widget href="/xapis/catalog/widget/9F77FAB6-CA43-11DC-92C2-0016353BC7CC" id="9F77FAB6-CA43-11DC-92C2-0016353BC7CC">
  <name>Cloud Clock</name>
  <description>Clouds and a clock. Why? Because.</description>
  <version>1.0</version>
  <play mode="timeout" time="30"/>
  <user type="community" id="9BE6D382-35E2-11DB-9ADF-001372292121" username="scottjanousek"/>
  <security sendable="true" deletable="true" previewable="true" overlay="true" access="public" virtualable="true" approval="approved"/>
  <rating count="52" value="3.6923"/>
  <thumbnail href="http://s3movies.chumby.com/cdn/xmlthumbnail/586039A0-CA92-11DC-92C2-0016353BC7CC" contenttype="image/pjpeg"/>
  <template href="/xml/configs/9F77FAB6-CA43-11DC-92C2-0016353BC7CC" contenttype=""/>
  <category href="http://xml.chumby.com/xapis/catalog/index/EF508B70-2F35-11DB-8753-001372292121" name="Clocks" id="EF508B70-2F35-11DB-8753-001372292121"/>
  <movie href="http://s3movies.chumby.com/cdn/xmlmovie/CCE689A6-CABE-11DC-92C2-0016353BC7CC" contenttype="application/x-shockwave-flash"/>
  <swfs>
    <swf width="320" microphone="false" kb="false" camera="false" as_version="2" accelerometer="false" previewable="true" content-type="application/x-shockwave-flash" href="http://s3movies.chumby.com/cdn/xmlmovie/CCE689A6-CABE-11DC-92C2-0016353BC7CC" fixed_ar="true" swf_version="8" height="240" bgcolor="ffffff" supports_browser="false" pointing="false" resolution="" scalable="false" requires_sound="false"/>
  </swfs>
</widget>
