<?xml version="1.0" encoding="UTF-8"?>
<widget href="/xapis/catalog/widget/4764E3CA-0141-11DF-BEBD-001E681DF646" id="4764E3CA-0141-11DF-BEBD-001E681DF646">
  <name>Quigibo</name>
  <description>Quigibo Dances</description>
  <version>1.0</version>
  <play mode="timeout" time="15"/>
  <user type="community" id="0F2B9CB4-FBC5-11DE-9E74-001E681DF646" username="Disco"/>
  <security sendable="true" approval="approved" previewable="true" deletable="true" access="public" virtualable="true" overlay="true"/>
  <rating count="11" value="2.5455"/>
  <thumbnail href="http://s3movies.chumby.com/cdn/xmlthumbnail/476490C8-0141-11DF-BEBD-001E681DF646" contenttype="image/jpeg"/>
  <template href="/xml/configs/4764E3CA-0141-11DF-BEBD-001E681DF646" contenttype=""/>
  <category href="http://xml.chumby.com/xapis/catalog/index/AC50ADA4-4088-11DC-B053-0030485A78AA" name="Animation" id="AC50ADA4-4088-11DC-B053-0030485A78AA"/>
  <movie href="http://s3movies.chumby.com/cdn/xmlmovie/47652CC2-0141-11DF-BEBD-001E681DF646" contenttype="application/x-shockwave-flash"/>
  <swfs>
    <swf width="320" microphone="false" kb="false" camera="false" as_version="2" accelerometer="false" previewable="true" content-type="application/x-shockwave-flash" href="http://s3movies.chumby.com/cdn/xmlmovie/47652CC2-0141-11DF-BEBD-001E681DF646" fixed_ar="true" swf_version="7" height="240" bgcolor="000000" supports_browser="false" pointing="false" resolution="" scalable="false" requires_sound="false"/>
  </swfs>
</widget>
