<?xml version="1.0" encoding="UTF-8"?>
<widget href="/xapis/catalog/widget/1544E1D6-7BC5-11DD-B01D-001E681DF646" id="1544E1D6-7BC5-11DD-B01D-001E681DF646">
  <name>Shamu webcam</name>
  <description>Shamu the Killer whale at San Diego zoo.</description>
  <version>1.0</version>
  <play mode="timeout" time="15"/>
  <user type="community" id="30C708C8-6F4D-11DD-8BFD-001B24F07EF4" username="ezytiger"/>
  <security sendable="true" approval="approved" previewable="true" deletable="true" access="public" virtualable="true" overlay="true"/>
  <rating count="33" value="3.9697"/>
  <thumbnail href="http://s3movies.chumby.com/cdn/xmlthumbnail/1544D11E-7BC5-11DD-B01D-001E681DF646" contenttype="image/jpeg"/>
  <template href="/xml/configs/1544E1D6-7BC5-11DD-B01D-001E681DF646" contenttype=""/>
  <category href="http://xml.chumby.com/xapis/catalog/index/2DAEAFDA-9798-11DB-9563-0030485A78AA" name="Animals" id="2DAEAFDA-9798-11DB-9563-0030485A78AA"/>
  <movie href="http://s3movies.chumby.com/cdn/xmlmovie/CD751CB2-7BC5-11DD-B01D-001E681DF646" contenttype="application/x-shockwave-flash"/>
  <swfs>
    <swf width="320" microphone="false" kb="false" camera="false" as_version="2" accelerometer="false" previewable="true" content-type="application/x-shockwave-flash" href="http://s3movies.chumby.com/cdn/xmlmovie/CD751CB2-7BC5-11DD-B01D-001E681DF646" fixed_ar="true" swf_version="6" height="240" bgcolor="ffffff" supports_browser="false" pointing="false" resolution="" scalable="false" requires_sound="false"/>
  </swfs>
</widget>
