<?xml version="1.0" encoding="UTF-8"?>
<widget href="/xapis/catalog/widget/3E396EE8-1CC6-11DE-8EDE-001E681DF646" id="3E396EE8-1CC6-11DE-8EDE-001E681DF646">
  <name>Digital Linear Clock</name>
  <description>Digital Linear Clock another one in my Slider series.</description>
  <version>1.0</version>
  <play mode="timeout" time="15"/>
  <user type="community" id="906EB7B6-30E3-11DC-83E9-0030488E34F8" username="myridom"/>
  <security sendable="true" previewable="true" access="public" approval="approved" virtualable="true" deletable="true" overlay="true"/>
  <rating count="14" value="3.4286"/>
  <thumbnail href="http://s3movies.chumby.com/cdn/xmlthumbnail/3E3959A8-1CC6-11DE-8EDE-001E681DF646" contenttype="image/pjpeg"/>
  <template href="/xml/configs/3E396EE8-1CC6-11DE-8EDE-001E681DF646" contenttype=""/>
  <category href="http://xml.chumby.com/xapis/catalog/index/EF508B70-2F35-11DB-8753-001372292121" name="Clocks" id="EF508B70-2F35-11DB-8753-001372292121"/>
  <movie href="http://s3movies.chumby.com/cdn/xmlmovie/BB928C42-1CDC-11DE-B95E-001E681DFAC2" contenttype="application/x-shockwave-flash"/>
  <swfs>
    <swf width="320" microphone="false" kb="false" camera="false" as_version="2" accelerometer="false" previewable="true" content-type="application/x-shockwave-flash" href="http://s3movies.chumby.com/cdn/xmlmovie/BB928C42-1CDC-11DE-B95E-001E681DFAC2" fixed_ar="false" swf_version="8" height="240" bgcolor="000000" supports_browser="false" pointing="false" resolution="" scalable="false" requires_sound="false"/>
  </swfs>
</widget>
