<?xml version="1.0" encoding="UTF-8"?>
<widget href="/xapis/catalog/widget/71DDA768-4004-11DD-A126-001E681DFAC2" id="71DDA768-4004-11DD-A126-001E681DFAC2">
  <name>Animal Screen Saver</name>
  <description>Cute animal screen saver!

Watch these little guys bounce around your screen.  Tap the screen or nudge your Chumby to send them scattering!</description>
  <version>0.954</version>
  <play mode="timeout" time="30"/>
  <user type="community" id="AB69E4DA-3CBA-11DD-A6C5-001E681DF646" username="Potku"/>
  <security sendable="true" previewable="true" access="public" approval="approved" virtualable="true" deletable="true" overlay="true"/>
  <rating count="77" value="3.4416"/>
  <thumbnail href="http://s3movies.chumby.com/cdn/xmlthumbnail/04AA7F30-484D-11DD-B31F-001B24F07EF4" contenttype="image/jpeg"/>
  <template href="http://s3movies.chumby.com/cdn/xmltemplate/2B6239BE-4849-11DD-B31F-001B24F07EF4" contenttype="application/x-shockwave-flash"/>
  <category href="http://xml.chumby.com/xapis/catalog/index/2DAEAFDA-9798-11DB-9563-0030485A78AA" name="Animals" id="2DAEAFDA-9798-11DB-9563-0030485A78AA"/>
  <movie href="http://s3movies.chumby.com/cdn/xmlmovie/4C777822-4848-11DD-B31F-001B24F07EF4" contenttype="application/x-shockwave-flash"/>
  <swfs>
    <swf width="320" microphone="false" kb="false" camera="false" as_version="2" accelerometer="false" previewable="true" content-type="application/x-shockwave-flash" href="http://s3movies.chumby.com/cdn/xmlmovie/4C777822-4848-11DD-B31F-001B24F07EF4" fixed_ar="true" swf_version="8" height="240" bgcolor="ffffff" supports_browser="false" pointing="false" resolution="" scalable="false" requires_sound="false"/>
  </swfs>
</widget>
