<?xml version="1.0" encoding="UTF-8"?>
<widget href="/xapis/catalog/widget/52650BFC-5755-11DD-AA4D-001E681DFAC2" id="52650BFC-5755-11DD-AA4D-001E681DFAC2">
  <name>Hand Drawn Clock</name>
  <description>A simple hand drawn analogue clock.</description>
  <version>1.0</version>
  <play mode="timeout" time="15"/>
  <user type="community" id="1BE406E4-2CE1-11DD-A8D2-0030488E34CA" username="lilspikey"/>
  <security sendable="true" approval="approved" previewable="true" access="public" deletable="true" virtualable="true" overlay="true"/>
  <rating count="6" value="3.3333"/>
  <thumbnail href="http://s3movies.chumby.com/cdn/xmlthumbnail/5264F996-5755-11DD-AA4D-001E681DFAC2" contenttype="image/jpeg"/>
  <template href="/xml/configs/52650BFC-5755-11DD-AA4D-001E681DFAC2" contenttype=""/>
  <category href="http://xml.chumby.com/xapis/catalog/index/EF508B70-2F35-11DB-8753-001372292121" name="Clocks" id="EF508B70-2F35-11DB-8753-001372292121"/>
  <movie href="http://s3movies.chumby.com/cdn/xmlmovie/52641238-5755-11DD-AA4D-001E681DFAC2" contenttype="application/x-shockwave-flash"/>
  <swfs>
    <swf width="320" microphone="false" kb="false" camera="false" as_version="2" accelerometer="false" previewable="true" content-type="application/x-shockwave-flash" href="http://s3movies.chumby.com/cdn/xmlmovie/52641238-5755-11DD-AA4D-001E681DFAC2" fixed_ar="false" swf_version="7" height="240" bgcolor="ffffff" supports_browser="false" pointing="false" resolution="" scalable="false" requires_sound="false"/>
  </swfs>
</widget>
