<?xml version="1.0" encoding="UTF-8"?>
<widget href="/xapis/catalog/widget/5799A2DE-0D88-11DD-9BCD-0030488D0168" id="5799A2DE-0D88-11DD-9BCD-0030488D0168">
  <name>Yelp</name>
  <description>Read genuine and informative reviews, plus search for local businesses and services.</description>
  <version>2.5.5</version>
  <play mode="timeout" time="30"/>
  <user type="community" id="F895D434-4509-11DC-874A-00146C833363" username="gonga"/>
  <security sendable="true" approval="approved" previewable="true" access="public" deletable="true" virtualable="true" overlay="true"/>
  <rating count="32" value="3.5"/>
  <thumbnail href="http://s3movies.chumby.com/cdn/xmlthumbnail/FB6357A8-2B12-11DF-BFA8-001B24E044BE" contenttype="image/jpeg"/>
  <template href="http://s3movies.chumby.com/cdn/xmltemplate/FCCAD594-2B12-11DF-BFA8-001B24E044BE" contenttype="application/x-shockwave-flash"/>
  <category href="http://xml.chumby.com/xapis/catalog/index/57767624-0D88-11DD-9BCD-0030488D0168" name="Community" id="57767624-0D88-11DD-9BCD-0030488D0168"/>
  <movie href="http://s3movies.chumby.com/cdn/xmlmovie/FD78DD74-2B12-11DF-BFA8-001B24E044BE" contenttype="application/x-shockwave-flash"/>
  <swfs>
    <swf width="320" microphone="false" kb="false" camera="false" as_version="2" accelerometer="false" previewable="true" content-type="application/x-shockwave-flash" href="http://s3movies.chumby.com/cdn/xmlmovie/FD78DD74-2B12-11DF-BFA8-001B24E044BE" fixed_ar="false" swf_version="8" height="240" bgcolor="ffffff" supports_browser="false" pointing="false" resolution="" scalable="false" requires_sound="false"/>
  </swfs>
</widget>
