<?xml version="1.0" encoding="UTF-8"?>
<widget href="/xapis/catalog/widget/9AE1183C-FEC8-11DE-A3D8-001E681DF646" id="9AE1183C-FEC8-11DE-A3D8-001E681DF646">
  <name>Wattvision</name>
  <description>View your home energy use, live!  Wattvision makes the best consumer-installed energy sensor on the market. All you need is an Internet connection and access to your electric meter.  See http://www.wattvision.com for more information.</description>
  <version>beta1.8</version>
  <play mode="timeout" time="30"/>
  <user type="community" id="D932E1A6-8170-11DC-AA89-00146C833363" username="rcarrington"/>
  <security approval="approved" sendable="true" deletable="true" previewable="true" access="public" overlay="true" virtualable="true"/>
  <rating count="3" value="4.6667"/>
  <thumbnail href="http://s3movies.chumby.com/cdn/xmlthumbnail/9AE0B82E-FEC8-11DE-A3D8-001E681DF646" contenttype="image/jpeg"/>
  <template href="http://s3movies.chumby.com/cdn/xmltemplate/1D04B1D0-FEEB-11DE-ABBC-001E681DF646" contenttype="application/x-shockwave-flash"/>
  <category href="http://xml.chumby.com/xapis/catalog/index/E130976A-09A5-11DC-8592-0030488E34F8" name="Educational" id="E130976A-09A5-11DC-8592-0030488E34F8"/>
  <movie href="http://s3movies.chumby.com/cdn/xmlmovie/9AE17BE2-FEC8-11DE-A3D8-001E681DF646" contenttype="application/x-shockwave-flash"/>
  <swfs>
    <swf width="320" microphone="false" kb="false" camera="false" as_version="2" accelerometer="false" previewable="true" content-type="application/x-shockwave-flash" href="http://s3movies.chumby.com/cdn/xmlmovie/9AE17BE2-FEC8-11DE-A3D8-001E681DF646" fixed_ar="false" swf_version="8" height="240" bgcolor="ffffff" supports_browser="false" pointing="false" resolution="" scalable="false" requires_sound="false"/>
  </swfs>
</widget>
