<?xml version="1.0" encoding="UTF-8"?>
<widget href="/xapis/catalog/widget/54EA01E6-32B8-11DD-884F-001B24F07EF4" id="54EA01E6-32B8-11DD-884F-001B24F07EF4">
  <name>The Chumbaquarium</name>
  <description>An Animated Fish Aquarium!It has bubbles too!</description>
  <version>1.0</version>
  <play mode="timeout" time="60"/>
  <user type="community" id="17B64E64-2F62-11DD-90CD-0030485B75AA" username="argie"/>
  <security sendable="true" approval="approved" previewable="true" deletable="true" access="public" virtualable="true" overlay="true"/>
  <rating count="70" value="2.8571"/>
  <thumbnail href="http://s3movies.chumby.com/cdn/xmlthumbnail/00D4489A-32B9-11DD-884F-001B24F07EF4" contenttype="image/jpeg"/>
  <template href="/xml/configs/54EA01E6-32B8-11DD-884F-001B24F07EF4" contenttype=""/>
  <category href="http://xml.chumby.com/xapis/catalog/index/2DAEAFDA-9798-11DB-9563-0030485A78AA" name="Animals" id="2DAEAFDA-9798-11DB-9563-0030485A78AA"/>
  <movie href="http://s3movies.chumby.com/cdn/xmlmovie/CEC0D8EA-338B-11DD-ADC1-001B24F07D28" contenttype="application/x-shockwave-flash"/>
  <swfs>
    <swf width="320" microphone="false" kb="false" camera="false" as_version="2" accelerometer="false" previewable="true" content-type="application/x-shockwave-flash" href="http://s3movies.chumby.com/cdn/xmlmovie/CEC0D8EA-338B-11DD-ADC1-001B24F07D28" fixed_ar="true" swf_version="4" height="240" bgcolor="ffffff" supports_browser="false" pointing="false" resolution="" scalable="false" requires_sound="false"/>
  </swfs>
</widget>
