<?xml version="1.0" encoding="UTF-8"?>
<widget href="/xapis/catalog/widget/C795D8C8-F33D-11DD-A34F-001B24F07EF4" id="C795D8C8-F33D-11DD-A34F-001B24F07EF4">
  <name>Neko-Chumby Flickr</name>
  <description>Please enjoy the photograph of cats in Japan registered in Flickr. The photograph is retrieved and displayed with the tag of "Cat", "Tortoiseshell 
cat", and "Kitten" of the Kanji character. 
Flickr&#12363;&#12425;&#12300;&#29483;&#12301;&#12289;&#12300;&#19977;&#27611;&#29483;&#12301;&#12289;&#12300;&#23376;&#29483;&#12301;&#12398;&#12479;&#12464;&#12391;&#20889;&#30495;&#12434;&#26908;&#32034;&#12375;&#12390;&#34920;&#31034;&#12375;&#12414;&#12377;&#12290;Flickr Widget&#12391;&#28450;&#23383;&#26908;&#32034;&#12377;&#12427;&#12398;&#12399;&#38754;&#20498;&#12381;&#12358;&#12384;&#12387;&#12383;&#12398;&#12391;&#20316;&#12387;&#12390;&#12415;&#12414;&#12375;&#12383;&#12290;</description>
  <version>1.0</version>
  <play mode="timeout" time="60"/>
  <user type="community" id="B0AF08F4-4D67-11DD-82F7-001B24F07EF4" username="trumphouse"/>
  <security sendable="true" previewable="true" approval="approved" access="public" deletable="true" virtualable="true" overlay="true"/>
  <rating count="14" value="4.0714"/>
  <thumbnail href="http://s3movies.chumby.com/cdn/xmlthumbnail/263C0104-F677-11DD-A9FD-001E681DFAC2" contenttype="image/jpeg"/>
  <template href="http://s3movies.chumby.com/cdn/xmltemplate/61E3C768-F8F8-11DD-B47E-001E681DF646" contenttype="application/x-shockwave-flash"/>
  <category href="http://xml.chumby.com/xapis/catalog/index/2DAEAFDA-9798-11DB-9563-0030485A78AA" name="Animals" id="2DAEAFDA-9798-11DB-9563-0030485A78AA"/>
  <movie href="http://s3movies.chumby.com/cdn/xmlmovie/61DEF26A-F8F8-11DD-B47E-001E681DF646" contenttype="application/x-shockwave-flash"/>
  <swfs>
    <swf width="320" microphone="false" kb="false" camera="false" as_version="2" accelerometer="false" previewable="true" content-type="application/x-shockwave-flash" href="http://s3movies.chumby.com/cdn/xmlmovie/61DEF26A-F8F8-11DD-B47E-001E681DF646" fixed_ar="true" swf_version="8" height="240" bgcolor="000000" supports_browser="false" pointing="false" resolution="" scalable="false" requires_sound="false"/>
  </swfs>
</widget>
