<?xml version="1.0" encoding="UTF-8"?>
<widget href="/xapis/catalog/widget/08719B82-CF75-11DB-AD70-00161771248C" id="08719B82-CF75-11DB-AD70-00161771248C">
  <name>Hula Girl</name>
  <description>Aloha! What Chumby is complete without a dancing hula girl?</description>
  <version>1.0</version>
  <play mode="timeout" time="30"/>
  <user type="community" id="38D98C74-B014-11DB-80EC-00161771249B" username="mudbubble"/>
  <security sendable="true" approval="approved" previewable="true" deletable="true" access="public" virtualable="true" overlay="true"/>
  <rating count="77" value="4.0649"/>
  <thumbnail href="http://s3movies.chumby.com/cdn/xmlthumbnail/1C11AC28-2415-11DC-A307-0030485A78AA" contenttype="image/jpeg"/>
  <template href="http://s3movies.chumby.com/cdn/xmltemplate/1C0F2124-2415-11DC-A307-0030485A78AA" contenttype="application/octet-stream"/>
  <category href="http://xml.chumby.com/xapis/catalog/index/175E3A6A-5D3D-11DB-A0DD-0030485A78AA" name="Entertainment" id="175E3A6A-5D3D-11DB-A0DD-0030485A78AA"/>
  <movie href="http://s3movies.chumby.com/cdn/xmlmovie/1C0B455E-2415-11DC-A307-0030485A78AA" contenttype="application/x-shockwave-flash"/>
  <swfs>
    <swf width="320" microphone="false" kb="false" camera="false" as_version="2" accelerometer="false" previewable="true" content-type="application/x-shockwave-flash" href="http://s3movies.chumby.com/cdn/xmlmovie/1C0B455E-2415-11DC-A307-0030485A78AA" fixed_ar="true" swf_version="7" height="240" bgcolor="ffffff" supports_browser="false" pointing="false" resolution="" scalable="false" requires_sound="false"/>
  </swfs>
</widget>
