<?xml version="1.0" encoding="UTF-8"?>
<widget href="/xapis/catalog/widget/7D30CB78-E1B2-11DC-89AC-001635C47868" id="7D30CB78-E1B2-11DC-89AC-001635C47868">
  <name>Kalender, german</name>
  <description>Simple puristic german calendar.

Press left and right to move between months. 
Press up and down to move between years.
Update: bugfix wrong days</description>
  <version>0.7</version>
  <play mode="timeout" time="15"/>
  <user type="community" id="3975206E-C164-11DC-AA5C-0016353B0686" username="ReflexNPG"/>
  <security sendable="true" previewable="true" approval="approved" access="public" deletable="true" virtualable="true" overlay="true"/>
  <rating count="29" value="3.6552"/>
  <thumbnail href="http://s3movies.chumby.com/cdn/xmlthumbnail/6D9BCCCE-E1B4-11DC-A0A4-0016353BC7CC" contenttype="image/jpeg"/>
  <template href="/xml/configs/7D30CB78-E1B2-11DC-89AC-001635C47868" contenttype=""/>
  <category href="http://xml.chumby.com/xapis/catalog/index/5E907BD0-2F36-11DB-AF6D-001372292121" name="Calendars" id="5E907BD0-2F36-11DB-AF6D-001372292121"/>
  <movie href="http://s3movies.chumby.com/cdn/xmlmovie/69EC4B24-029F-11DD-8F4A-0016353BC7CC" contenttype="application/x-shockwave-flash"/>
  <swfs>
    <swf width="320" microphone="false" kb="false" camera="false" as_version="2" accelerometer="false" previewable="true" content-type="application/x-shockwave-flash" href="http://s3movies.chumby.com/cdn/xmlmovie/69EC4B24-029F-11DD-8F4A-0016353BC7CC" fixed_ar="false" swf_version="8" height="240" bgcolor="000000" supports_browser="false" pointing="false" resolution="" scalable="false" requires_sound="false"/>
  </swfs>
</widget>
