<?xml version="1.0" encoding="UTF-8"?>
<widget href="/xapis/catalog/widget/3BC2FFD6-E10A-11DE-8EE1-001B24E044BE" id="3BC2FFD6-E10A-11DE-8EE1-001B24E044BE">
  <name>Cozi</name>
  <description>Simplify your family life with Cozi. It's free and it's easy! Go to Cozi now to register for your free Cozi account. Cozi - Family Life, Simplified.</description>
  <version>2.3</version>
  <play mode="timeout" time="45"/>
  <user type="partner" id="845593EA-E0FF-11DE-98BF-001B24F07EF4" username="cozi"/>
  <security sendable="true" approval="approved" previewable="true" access="public" deletable="true" virtualable="true" overlay="true"/>
  <rating count="63" value="3.7143"/>
  <thumbnail href="http://s3movies.chumby.com/cdn/xmlthumbnail/D483FEC6-E12F-11DE-9061-001B24E044BE" contenttype="image/jpeg"/>
  <template href="http://s3movies.chumby.com/cdn/xmltemplate/D530C110-E12F-11DE-9061-001B24E044BE" contenttype="application/x-shockwave-flash"/>
  <category href="http://xml.chumby.com/xapis/catalog/index/5E907BD0-2F36-11DB-AF6D-001372292121" name="Calendars" id="5E907BD0-2F36-11DB-AF6D-001372292121"/>
  <movie href="http://s3movies.chumby.com/cdn/xmlmovie/D5B717BA-E12F-11DE-9061-001B24E044BE" contenttype="application/x-shockwave-flash"/>
  <swfs>
    <swf width="320" microphone="false" kb="false" camera="false" as_version="2" accelerometer="false" previewable="true" content-type="application/x-shockwave-flash" href="http://s3movies.chumby.com/cdn/xmlmovie/D5B717BA-E12F-11DE-9061-001B24E044BE" fixed_ar="false" swf_version="8" height="240" bgcolor="efefef" supports_browser="false" pointing="false" resolution="" scalable="false" requires_sound="false"/>
  </swfs>
</widget>
