<?xml version="1.0" encoding="UTF-8"?>
<widget href="/xapis/catalog/widget/AA070240-0FD2-11DD-8E8F-0030485B7900" id="AA070240-0FD2-11DD-8E8F-0030485B7900">
  <name>Sputnik Clock</name>
  <description>Retro Sputnik era wall clock.

Updated 4/22/08.
Fixed virtual Chumby display.
Minute hand is now behind hour hand.
Added shadows to clock hands.
</description>
  <version>1.1</version>
  <play mode="timeout" time="15"/>
  <user type="community" id="C16C3788-BC81-11DC-A690-00156009DD9B" username="McConnell"/>
  <security sendable="true" previewable="true" approval="approved" access="public" deletable="true" virtualable="true" overlay="true"/>
  <rating count="10" value="3.0"/>
  <thumbnail href="http://s3movies.chumby.com/cdn/xmlthumbnail/AA06D266-0FD2-11DD-8E8F-0030485B7900" contenttype="image/jpeg"/>
  <template href="/xml/configs/AA070240-0FD2-11DD-8E8F-0030485B7900" contenttype=""/>
  <category href="http://xml.chumby.com/xapis/catalog/index/EF508B70-2F35-11DB-8753-001372292121" name="Clocks" id="EF508B70-2F35-11DB-8753-001372292121"/>
  <movie href="http://s3movies.chumby.com/cdn/xmlmovie/F983EDC8-1069-11DD-A2C3-0030485B7900" contenttype="application/x-shockwave-flash"/>
  <swfs>
    <swf width="320" microphone="false" kb="false" camera="false" as_version="2" accelerometer="false" previewable="true" content-type="application/x-shockwave-flash" href="http://s3movies.chumby.com/cdn/xmlmovie/F983EDC8-1069-11DD-A2C3-0030485B7900" fixed_ar="true" swf_version="6" height="240" bgcolor="ffffff" supports_browser="false" pointing="false" resolution="" scalable="false" requires_sound="false"/>
  </swfs>
</widget>
