<?xml version="1.0" encoding="UTF-8"?>
<widget href="/xapis/catalog/widget/03F5B4B0-FE77-11DE-AA42-001E681DF646" id="03F5B4B0-FE77-11DE-AA42-001E681DF646">
  <name>Chumbee Beta [A Boxee Remote]</name>
  <description>This is a simple remote for your Boxee.  Just grab the Chumbee and navigate similar to using an Apple Remote.  More features coming soon, but for now, its simple and basic.  To use this widget, you will need the ChumbyiTunes server software. More information and a free version for Mac OS X http://shamurai.com/bin/chumbiTunes/  Windows support coming soon. This widget is still in BETA testing - comments welcome.</description>
  <version>1.0</version>
  <play mode="timeout" time="25"/>
  <user type="community" id="65C42850-16FE-11DD-9457-0030488E34F8" username="aymans"/>
  <security sendable="true" approval="approved" previewable="true" access="public" deletable="true" virtualable="true" overlay="true"/>
  <rating count="5" value="2.8"/>
  <thumbnail href="http://s3movies.chumby.com/cdn/xmlthumbnail/03F4DF7C-FE77-11DE-AA42-001E681DF646" contenttype="image/jpeg"/>
  <template href="http://s3movies.chumby.com/cdn/xmltemplate/03F546B0-FE77-11DE-AA42-001E681DF646" contenttype="application/x-shockwave-flash"/>
  <category href="http://xml.chumby.com/xapis/catalog/index/175E3A6A-5D3D-11DB-A0DD-0030485A78AA" name="Entertainment" id="175E3A6A-5D3D-11DB-A0DD-0030485A78AA"/>
  <movie href="http://s3movies.chumby.com/cdn/xmlmovie/03F60604-FE77-11DE-AA42-001E681DF646" contenttype="application/x-shockwave-flash"/>
  <swfs>
    <swf width="320" microphone="false" kb="false" camera="false" as_version="2" accelerometer="false" previewable="true" content-type="application/x-shockwave-flash" href="http://s3movies.chumby.com/cdn/xmlmovie/03F60604-FE77-11DE-AA42-001E681DF646" fixed_ar="true" swf_version="8" height="240" bgcolor="000000" supports_browser="false" pointing="false" resolution="" scalable="false" requires_sound="false"/>
  </swfs>
</widget>
