<?xml version="1.0" encoding="UTF-8"?>
<widget href="/xapis/catalog/widget/1C718578-B67C-11DB-A0FB-0030485A78AA" id="1C718578-B67C-11DB-A0FB-0030485A78AA">
  <name>Roman Numerals Clock</name>
  <description>Shows the date and time using roman numerals</description>
  <version>1.3</version>
  <play mode="default" time="30"/>
  <user type="community" id="E818F108-307A-11DB-9A6C-001372292121" username="dmaxwell"/>
  <security sendable="true" overlay="true" previewable="true" access="public" virtualable="true" approval="approved" deletable="true"/>
  <rating count="9" value="3.3333"/>
  <thumbnail href="http://s3movies.chumby.com/cdn/xmlthumbnail/051DB4BC-DA95-11DC-953C-0016353B4502" contenttype="image/jpeg"/>
  <template href="http://s3movies.chumby.com/cdn/xmltemplate/0520BD88-DA95-11DC-953C-0016353B4502" contenttype="text/xml"/>
  <category href="http://xml.chumby.com/xapis/catalog/index/EF508B70-2F35-11DB-8753-001372292121" name="Clocks" id="EF508B70-2F35-11DB-8753-001372292121"/>
  <movie href="http://s3movies.chumby.com/cdn/xmlmovie/0523645C-DA95-11DC-953C-0016353B4502" contenttype="application/x-shockwave-flash"/>
  <swfs>
    <swf width="320" microphone="false" kb="false" camera="false" as_version="2" accelerometer="false" previewable="true" content-type="application/x-shockwave-flash" href="http://s3movies.chumby.com/cdn/xmlmovie/0523645C-DA95-11DC-953C-0016353B4502" fixed_ar="true" swf_version="6" height="240" bgcolor="000000" supports_browser="false" pointing="false" resolution="" scalable="false" requires_sound="false"/>
  </swfs>
</widget>
