<?xml version="1.0" encoding="UTF-8"?>
<widget href="/xapis/catalog/widget/6B4F2360-8E42-11E0-BB01-0021288E6F90" id="6B4F2360-8E42-11E0-BB01-0021288E6F90">
  <name>Text.simple</name>
  <description>An easy way to display some text on your chumby.  You can change the text and color using the widget configuration utility on chumby.com site.  NOTE: This widget will NOT auto refresh. You must include at least one other widget in the channel, or two Text.simple widgets back to back.</description>
  <version>1.2</version>
  <play mode="timeout" time="45"/>
  <user type="community" id="5C390ADA-65B9-11DD-8131-001B24F07D28" username="develephant"/>
  <security approval="approved" sendable="true" deletable="true" previewable="true" access="public" overlay="true" virtualable="true"/>
  <rating count="2" value="2.5"/>
  <thumbnail href="http://s3movies.chumby.com/cdn/xmlthumbnail/6B4EC7F8-8E42-11E0-BB01-0021288E6F90" contenttype="image/jpeg"/>
  <template href="http://s3movies.chumby.com/cdn/xmltemplate/39E1F9E8-8E46-11E0-BBC1-0021288EBF58" contenttype="application/x-shockwave-flash"/>
  <category href="http://xml.chumby.com/xapis/catalog/index/59BC5264-CF80-11DC-92D5-00156009DD9B" name="Communications" id="59BC5264-CF80-11DC-92D5-00156009DD9B"/>
  <movie href="http://s3movies.chumby.com/cdn/xmlmovie/6B5241DA-8E42-11E0-BB01-0021288E6F90" contenttype="application/x-shockwave-flash"/>
  <swfs>
    <swf width="320" microphone="false" kb="false" camera="false" as_version="2" accelerometer="false" previewable="true" content-type="application/x-shockwave-flash" href="http://s3movies.chumby.com/cdn/xmlmovie/6B5241DA-8E42-11E0-BB01-0021288E6F90" fixed_ar="true" swf_version="8" height="240" bgcolor="ffffff" supports_browser="false" pointing="false" resolution="" scalable="false" requires_sound="false"/>
  </swfs>
</widget>
