<?xml version="1.0" encoding="UTF-8"?>
<widget href="/xapis/catalog/widget/22B899F4-3FF5-11DD-AF3A-001E681DF646" id="22B899F4-3FF5-11DD-AF3A-001E681DF646">
  <name>MindViz Graffiti Editor</name>
  <description>Now you can draw on your Chumby! The MindViz Graffiti Editor provides you with tons of features that will let you draw whatever you want. Features: Full Color Picker, Brush Size Selection w/ preview, Alpha Opacity Selection w/ preview, Drawing Playback, Undo &amp; Redo, Save &amp; Load. That's right, you can save your drawings and load them later to show your friends and family. The Playback feature is a must, so they can see an animation of how you drew it.</description>
  <version>1.0</version>
  <play mode="timeout" time="15"/>
  <user type="community" id="054B84E4-3BDB-11DD-9CC0-001E681DFAC2" username="mindviz"/>
  <security sendable="true" approval="approved" previewable="true" access="public" deletable="true" virtualable="true" overlay="true"/>
  <rating count="34" value="3.8824"/>
  <thumbnail href="http://s3movies.chumby.com/cdn/xmlthumbnail/22B6AC52-3FF5-11DD-AF3A-001E681DF646" contenttype="image/pjpeg"/>
  <template href="http://s3movies.chumby.com/cdn/xmltemplate/22B7A06C-3FF5-11DD-AF3A-001E681DF646" contenttype="application/x-shockwave-flash"/>
  <category href="http://xml.chumby.com/xapis/catalog/index/175E3A6A-5D3D-11DB-A0DD-0030485A78AA" name="Entertainment" id="175E3A6A-5D3D-11DB-A0DD-0030485A78AA"/>
  <movie href="http://s3movies.chumby.com/cdn/xmlmovie/22A18606-3FF5-11DD-AF3A-001E681DF646" contenttype="application/x-shockwave-flash"/>
  <swfs>
    <swf width="320" microphone="false" kb="false" camera="false" as_version="2" accelerometer="false" previewable="true" content-type="application/x-shockwave-flash" href="http://s3movies.chumby.com/cdn/xmlmovie/22A18606-3FF5-11DD-AF3A-001E681DF646" fixed_ar="true" swf_version="7" height="240" bgcolor="ffffff" supports_browser="false" pointing="false" resolution="" scalable="false" requires_sound="false"/>
  </swfs>
</widget>
