<?xml version="1.0" encoding="UTF-8"?>
<widget href="/xapis/catalog/widget/1DB0A29A-54EF-11DC-9FE0-0030485A78AA" id="1DB0A29A-54EF-11DC-9FE0-0030485A78AA">
  <name>Birthday Countdown</name>
  <description>An animated cake grows bigger as your birthday draws near!</description>
  <version>1.1.2</version>
  <play mode="default" time="15"/>
  <user type="community" id="FAE524F6-CCFF-11DB-AD70-00161771248C" username="howdog"/>
  <security sendable="true" approval="approved" previewable="true" access="public" deletable="true" virtualable="true" overlay="true"/>
  <rating count="209" value="4.1292"/>
  <thumbnail href="http://s3movies.chumby.com/cdn/xmlthumbnail/DD2C6942-20BC-11DF-B5B9-001B24E044BE" contenttype="image/jpeg"/>
  <template href="http://s3movies.chumby.com/cdn/xmltemplate/DDD36BCA-20BC-11DF-B5B9-001B24E044BE" contenttype="application/x-shockwave-flash"/>
  <category href="http://xml.chumby.com/xapis/catalog/index/5E907BD0-2F36-11DB-AF6D-001372292121" name="Calendars" id="5E907BD0-2F36-11DB-AF6D-001372292121"/>
  <movie href="http://s3movies.chumby.com/cdn/xmlmovie/DE658082-20BC-11DF-B5B9-001B24E044BE" contenttype="application/x-shockwave-flash"/>
  <swfs>
    <swf width="320" microphone="false" kb="false" camera="false" as_version="2" accelerometer="false" previewable="true" content-type="application/x-shockwave-flash" href="http://s3movies.chumby.com/cdn/xmlmovie/DE658082-20BC-11DF-B5B9-001B24E044BE" fixed_ar="true" swf_version="8" height="240" bgcolor="000000" supports_browser="false" pointing="false" resolution="" scalable="false" requires_sound="false"/>
  </swfs>
</widget>
