<?xml version="1.0" encoding="UTF-8"?>
<widget href="/xapis/catalog/widget/B3C0D1E8-59BA-11DE-8EC2-001B24F07EF4" id="B3C0D1E8-59BA-11DE-8EC2-001B24F07EF4">
  <name>one million giraffes</name>
  <description>hand drawn giraffes from  one million giraffes --- visit the site to send in your own giraffe!

Let it cycle automatically or tap the right side of the screen to advance or the left side to reverse.
Tap the center to pause on that giraffe forever or to resume auto-cycling.
Tap the bottom left corner to toggle image author.
Tap the bottom right corner to enlarge image (if possible).
Tap the top right corner to re-configure!</description>
  <version>1.03</version>
  <play mode="cooperative" time="60"/>
  <user type="community" id="4B3A1E42-144B-11DC-B0E0-0030485B7900" username="djchumby"/>
  <security sendable="true" approval="approved" previewable="true" deletable="true" access="public" virtualable="true" overlay="true"/>
  <rating count="16" value="4.1875"/>
  <thumbnail href="http://s3movies.chumby.com/cdn/xmlthumbnail/369874D0-59BC-11DE-8EC2-001B24F07EF4" contenttype="image/pjpeg"/>
  <template href="/xml/configs/B3C0D1E8-59BA-11DE-8EC2-001B24F07EF4" contenttype=""/>
  <category href="http://xml.chumby.com/xapis/catalog/index/2DAEAFDA-9798-11DB-9563-0030485A78AA" name="Animals" id="2DAEAFDA-9798-11DB-9563-0030485A78AA"/>
  <movie href="http://s3movies.chumby.com/cdn/xmlmovie/B3C1C2CE-59BA-11DE-8EC2-001B24F07EF4" contenttype="application/x-shockwave-flash"/>
  <swfs>
    <swf width="320" microphone="false" kb="false" camera="false" as_version="2" accelerometer="false" previewable="true" content-type="application/x-shockwave-flash" href="http://s3movies.chumby.com/cdn/xmlmovie/B3C1C2CE-59BA-11DE-8EC2-001B24F07EF4" fixed_ar="true" swf_version="8" height="240" bgcolor="000000" supports_browser="false" pointing="false" resolution="" scalable="false" requires_sound="false"/>
  </swfs>
</widget>
