<?xml version="1.0" encoding="UTF-8"?>
<widget href="/xapis/catalog/widget/1F9286C2-B5FB-11DE-BBC8-001E681DFAC2" id="1F9286C2-B5FB-11DE-BBC8-001E681DFAC2">
  <name>Periodic Dable</name>
  <description>I had an idea to do a calendar in the style of the tiles in the periodic table. It changed quite a bit while I was making it so I'm not sure if the title is appropriate any more. But here it is.</description>
  <version>1.0</version>
  <play mode="timeout" time="15"/>
  <user type="community" id="E790164A-5200-11DD-BAC5-001E681DFAC2" username="adorman"/>
  <security approval="approved" sendable="true" deletable="true" previewable="true" access="public" overlay="true" virtualable="true"/>
  <rating count="21" value="3.8571"/>
  <thumbnail href="http://s3movies.chumby.com/cdn/xmlthumbnail/1F923F5A-B5FB-11DE-BBC8-001E681DFAC2" contenttype="image/jpeg"/>
  <template href="/xml/configs/1F9286C2-B5FB-11DE-BBC8-001E681DFAC2" contenttype=""/>
  <category href="http://xml.chumby.com/xapis/catalog/index/5E907BD0-2F36-11DB-AF6D-001372292121" name="Calendars" id="5E907BD0-2F36-11DB-AF6D-001372292121"/>
  <movie href="http://s3movies.chumby.com/cdn/xmlmovie/1F9305F2-B5FB-11DE-BBC8-001E681DFAC2" contenttype="application/x-shockwave-flash"/>
  <swfs>
    <swf width="320" microphone="false" kb="false" camera="false" as_version="2" accelerometer="false" previewable="true" content-type="application/x-shockwave-flash" href="http://s3movies.chumby.com/cdn/xmlmovie/1F9305F2-B5FB-11DE-BBC8-001E681DFAC2" fixed_ar="true" swf_version="8" height="240" bgcolor="ffffff" supports_browser="false" pointing="false" resolution="" scalable="false" requires_sound="false"/>
  </swfs>
</widget>
