<?xml version="1.0" encoding="UTF-8"?>
<widget href="/xapis/catalog/widget/32ECE098-9AF2-11DD-A398-001B24F07D28" id="32ECE098-9AF2-11DD-A398-001B24F07D28">
  <name>Duff Clock</name>
  <description>It's Duff Time. </description>
  <version>1.0</version>
  <play mode="timeout" time="20"/>
  <user type="community" id="C16C3788-BC81-11DC-A690-00156009DD9B" username="McConnell"/>
  <security sendable="true" deletable="true" previewable="true" overlay="true" access="public" virtualable="true" approval="approved"/>
  <rating count="20" value="4.3"/>
  <thumbnail href="http://s3movies.chumby.com/cdn/xmlthumbnail/32ECCC66-9AF2-11DD-A398-001B24F07D28" contenttype="image/jpeg"/>
  <template href="/xml/configs/32ECE098-9AF2-11DD-A398-001B24F07D28" contenttype=""/>
  <category href="http://xml.chumby.com/xapis/catalog/index/EF508B70-2F35-11DB-8753-001372292121" name="Clocks" id="EF508B70-2F35-11DB-8753-001372292121"/>
  <movie href="http://s3movies.chumby.com/cdn/xmlmovie/32E86EF0-9AF2-11DD-A398-001B24F07D28" contenttype="application/x-shockwave-flash"/>
  <swfs>
    <swf width="320" microphone="false" kb="false" camera="false" as_version="2" accelerometer="false" previewable="true" content-type="application/x-shockwave-flash" href="http://s3movies.chumby.com/cdn/xmlmovie/32E86EF0-9AF2-11DD-A398-001B24F07D28" fixed_ar="true" swf_version="6" height="240" bgcolor="ffffff" supports_browser="false" pointing="false" resolution="" scalable="false" requires_sound="false"/>
  </swfs>
</widget>
