<?xml version="1.0" encoding="UTF-8"?>
<widget href="/xapis/catalog/widget/2EC35740-B3F8-11DC-BCF6-0016353B0686" id="2EC35740-B3F8-11DC-BCF6-0016353B0686">
  <name>Piano</name>
  <description>Simple piano to make noise on your chumby with.

</description>
  <version>1.1</version>
  <play mode="timeout" time="15"/>
  <user type="community" id="90B49866-99BD-11DB-9771-00161771249B" username="Bongzilla"/>
  <security sendable="true" previewable="true" approval="approved" access="public" deletable="true" virtualable="true" overlay="true"/>
  <rating count="65" value="2.8615"/>
  <thumbnail href="http://s3movies.chumby.com/cdn/xmlthumbnail/CB7DD9C4-B4C1-11DC-AF65-0016353BC7CC" contenttype="image/pjpeg"/>
  <template href="/xml/configs/2EC35740-B3F8-11DC-BCF6-0016353B0686" contenttype=""/>
  <category href="http://xml.chumby.com/xapis/catalog/index/175E3A6A-5D3D-11DB-A0DD-0030485A78AA" name="Entertainment" id="175E3A6A-5D3D-11DB-A0DD-0030485A78AA"/>
  <movie href="http://s3movies.chumby.com/cdn/xmlmovie/CB749AC6-B4C1-11DC-AF65-0016353BC7CC" contenttype="application/x-shockwave-flash"/>
  <swfs>
    <swf width="320" microphone="false" kb="false" camera="false" as_version="2" accelerometer="false" previewable="true" content-type="application/x-shockwave-flash" href="http://s3movies.chumby.com/cdn/xmlmovie/CB749AC6-B4C1-11DC-AF65-0016353BC7CC" fixed_ar="true" swf_version="8" height="240" bgcolor="999999" supports_browser="false" pointing="false" resolution="" scalable="false" requires_sound="false"/>
  </swfs>
</widget>
