<?xml version="1.0" encoding="UTF-8"?>
<widget href="/xapis/catalog/widget/ADB473AE-049C-11DE-BD75-001E681DFAC2" id="ADB473AE-049C-11DE-BD75-001E681DFAC2">
  <name>The Daily Bunny</name>
  <description>slideshow of images from dailybunny.tumblr.com

press screen to pause/resume slideshow</description>
  <version>1.0</version>
  <play mode="timeout" time="60"/>
  <user type="community" id="C10D60CC-8D5C-11DC-8372-0030488E34F8" username="jvcleave"/>
  <security sendable="true" approval="approved" previewable="true" deletable="true" access="public" virtualable="true" overlay="true"/>
  <rating count="74" value="4.3919"/>
  <thumbnail href="http://s3movies.chumby.com/cdn/xmlthumbnail/ADB45CF2-049C-11DE-BD75-001E681DFAC2" contenttype="image/jpeg"/>
  <template href="/xml/configs/ADB473AE-049C-11DE-BD75-001E681DFAC2" contenttype=""/>
  <category href="http://xml.chumby.com/xapis/catalog/index/2DAEAFDA-9798-11DB-9563-0030485A78AA" name="Animals" id="2DAEAFDA-9798-11DB-9563-0030485A78AA"/>
  <movie href="http://s3movies.chumby.com/cdn/xmlmovie/ADB35474-049C-11DE-BD75-001E681DFAC2" contenttype="application/x-shockwave-flash"/>
  <swfs>
    <swf width="320" microphone="false" kb="false" camera="false" as_version="2" accelerometer="false" previewable="true" content-type="application/x-shockwave-flash" href="http://s3movies.chumby.com/cdn/xmlmovie/ADB35474-049C-11DE-BD75-001E681DFAC2" fixed_ar="true" swf_version="8" height="240" bgcolor="ffffff" supports_browser="false" pointing="false" resolution="" scalable="false" requires_sound="false"/>
  </swfs>
</widget>
