<?xml version="1.0" encoding="UTF-8"?>
<widget href="/xapis/catalog/widget/96288FB6-E5AF-11DC-B5D4-00156009DD9B" id="96288FB6-E5AF-11DC-B5D4-00156009DD9B">
  <name>Backward Clock</name>
  <description>Do you feel like your day is running backwards and your not getting anything done?
Clock contains only 4 lines of code.</description>
  <version>1.0</version>
  <play mode="timeout" time="15"/>
  <user type="community" id="906EB7B6-30E3-11DC-83E9-0030488E34F8" username="myridom"/>
  <security sendable="true" approval="approved" previewable="true" access="public" deletable="true" virtualable="true" overlay="true"/>
  <rating count="15" value="3.4667"/>
  <thumbnail href="http://s3movies.chumby.com/cdn/xmlthumbnail/9628701C-E5AF-11DC-B5D4-00156009DD9B" contenttype="image/pjpeg"/>
  <template href="/xml/configs/96288FB6-E5AF-11DC-B5D4-00156009DD9B" contenttype=""/>
  <category href="http://xml.chumby.com/xapis/catalog/index/EF508B70-2F35-11DB-8753-001372292121" name="Clocks" id="EF508B70-2F35-11DB-8753-001372292121"/>
  <movie href="http://s3movies.chumby.com/cdn/xmlmovie/9627C856-E5AF-11DC-B5D4-00156009DD9B" contenttype="application/x-shockwave-flash"/>
  <swfs>
    <swf width="320" microphone="false" kb="false" camera="false" as_version="2" accelerometer="false" previewable="true" content-type="application/x-shockwave-flash" href="http://s3movies.chumby.com/cdn/xmlmovie/9627C856-E5AF-11DC-B5D4-00156009DD9B" fixed_ar="true" swf_version="8" height="240" bgcolor="ffffff" supports_browser="false" pointing="false" resolution="" scalable="false" requires_sound="false"/>
  </swfs>
</widget>
