<?xml version="1.0" encoding="UTF-8"?>
<widget href="/xapis/catalog/widget/515BDFF8-529E-11DD-BE00-001B24F07D28" id="515BDFF8-529E-11DD-BE00-001B24F07D28">
  <name>Tspigot Radio - Night Clock</name>
  <description>a night clock that also displays the Now Playing information for Tspigot Radio (http://tspigot.net:8000 - also under Radio Free Chumby)</description>
  <version>1.0</version>
  <play mode="timeout" time="30"/>
  <user type="community" id="D6B8E00C-7CC4-11DC-A3EB-00146C833363" username="four2oh"/>
  <security sendable="true" previewable="true" approval="approved" access="public" deletable="true" virtualable="true" overlay="true"/>
  <rating count="9" value="3.2222"/>
  <thumbnail href="http://s3movies.chumby.com/cdn/xmlthumbnail/11144758-52A0-11DD-BAC5-001E681DFAC2" contenttype="image/jpeg"/>
  <template href="/xml/configs/515BDFF8-529E-11DD-BE00-001B24F07D28" contenttype=""/>
  <category href="http://xml.chumby.com/xapis/catalog/index/EF508B70-2F35-11DB-8753-001372292121" name="Clocks" id="EF508B70-2F35-11DB-8753-001372292121"/>
  <movie href="http://s3movies.chumby.com/cdn/xmlmovie/515A8E3C-529E-11DD-BE00-001B24F07D28" contenttype="application/x-shockwave-flash"/>
  <swfs>
    <swf width="320" microphone="false" kb="false" camera="false" as_version="2" accelerometer="false" previewable="true" content-type="application/x-shockwave-flash" href="http://s3movies.chumby.com/cdn/xmlmovie/515A8E3C-529E-11DD-BE00-001B24F07D28" fixed_ar="true" swf_version="8" height="240" bgcolor="000000" supports_browser="false" pointing="false" resolution="" scalable="false" requires_sound="false"/>
  </swfs>
</widget>
