<?xml version="1.0" encoding="UTF-8"?>
<widget href="/xapis/catalog/widget/AF2524DA-F9EE-11DD-937E-001B24F07EF4" id="AF2524DA-F9EE-11DD-937E-001B24F07EF4">
  <name>ngConnect</name>
  <description>ngConnect logo presentation.
Version 1.1
Fixed bug that seems to show up on chumby only. Related to the alpha been less than 0.
Version 1.2 Integrates the ngConnect Pinwheel.</description>
  <version>1.2</version>
  <play mode="timeout" time="60"/>
  <user type="community" id="304CCD66-F2D7-11DD-BB67-001E681DFAC2" username="Richard.Lalancette"/>
  <security sendable="true" previewable="true" approval="approved" access="public" deletable="true" virtualable="true" overlay="true"/>
  <rating count="9" value="1.5556"/>
  <thumbnail href="http://s3movies.chumby.com/cdn/xmlthumbnail/19454780-FA23-11DD-BBAA-001E681DFAC2" contenttype="image/jpeg"/>
  <template href="/xml/configs/AF2524DA-F9EE-11DD-937E-001B24F07EF4" contenttype=""/>
  <category href="http://xml.chumby.com/xapis/catalog/index/59BC5264-CF80-11DC-92D5-00156009DD9B" name="Communications" id="59BC5264-CF80-11DC-92D5-00156009DD9B"/>
  <movie href="http://s3movies.chumby.com/cdn/xmlmovie/AF3369F8-FC5C-11DD-AF0F-001B24F07EF4" contenttype="application/x-shockwave-flash"/>
  <swfs>
    <swf width="320" microphone="false" kb="false" camera="false" as_version="2" accelerometer="false" previewable="true" content-type="application/x-shockwave-flash" href="http://s3movies.chumby.com/cdn/xmlmovie/AF3369F8-FC5C-11DD-AF0F-001B24F07EF4" fixed_ar="false" swf_version="8" height="240" bgcolor="ffffff" supports_browser="false" pointing="false" resolution="" scalable="false" requires_sound="false"/>
  </swfs>
</widget>
