<?xml version="1.0" encoding="UTF-8"?>
<widget href="/xapis/catalog/widget/1160AE8E-5C39-11DD-B04C-001E681DF646" id="1160AE8E-5C39-11DD-B04C-001E681DF646">
  <name>Jake's 3D Rotating Clock</name>
  <description>Your Chumby has finally entered the 3rd dimension. Now with 24-hour mode and tap to explode! Customizable colors and movement! Feedback welcome.</description>
  <version>1.2</version>
  <play mode="timeout" time="45"/>
  <user type="community" id="0A828F20-57FB-11DD-908E-001B24F07D28" username="jacdx"/>
  <security sendable="true" previewable="true" approval="approved" access="public" deletable="true" virtualable="true" overlay="true"/>
  <rating count="34" value="3.7941"/>
  <thumbnail href="http://s3movies.chumby.com/cdn/xmlthumbnail/115CB31A-5C39-11DD-B04C-001E681DF646" contenttype="image/jpeg"/>
  <template href="http://s3movies.chumby.com/cdn/xmltemplate/C9339DA4-5EBF-11DD-8D78-001E681DF646" contenttype="application/x-shockwave-flash"/>
  <category href="http://xml.chumby.com/xapis/catalog/index/EF508B70-2F35-11DB-8753-001372292121" name="Clocks" id="EF508B70-2F35-11DB-8753-001372292121"/>
  <movie href="http://s3movies.chumby.com/cdn/xmlmovie/AF3F060E-5EBF-11DD-8D78-001E681DF646" contenttype="application/x-shockwave-flash"/>
  <swfs>
    <swf width="320" microphone="false" kb="false" camera="false" as_version="2" accelerometer="false" previewable="true" content-type="application/x-shockwave-flash" href="http://s3movies.chumby.com/cdn/xmlmovie/AF3F060E-5EBF-11DD-8D78-001E681DF646" fixed_ar="true" swf_version="8" height="240" bgcolor="000000" supports_browser="false" pointing="false" resolution="" scalable="false" requires_sound="false"/>
  </swfs>
</widget>
