<?xml version="1.0" encoding="UTF-8"?>
<widget href="/xapis/catalog/widget/A10DBB42-1306-11DE-92E9-001B24F07EF4" id="A10DBB42-1306-11DE-92E9-001B24F07EF4">
  <name>DAITAI Clock</name>
  <description>English support. Please tell me if the wrong expression.
Even if your Chumby does not support for Japanese fonts, this widget can display in Japanese. I hope you enjoy the Japanese style.
&#12288;View in Japanese, please see here.
&#12288;&#22823;&#20307;&#12398;&#26085;&#26178;&#12364;&#12431;&#12363;&#12427;&#26178;&#35336;&#12391;&#12377;&#12290;
&#26085;&#26412;&#35486;&#21270;&#12375;&#12390;&#12356;&#12394;&#12356;Chumby&#12391;&#12418;&#26085;&#26412;&#35486;&#34920;&#31034;&#12364;&#12391;&#12365;&#12414;&#12377;&#12290;&#26085;&#26412;&#35486;&#12391;&#12398;&#34920;&#31034;&#12399;&#19978;&#35352;URL&#12434;&#21442;&#29031;&#12375;&#12390;&#19979;&#12373;&#12356;&#12290;
&#12288;&#12479;&#12483;&#12503;&#12377;&#12428;&#12400;&#27491;&#30906;&#12394;&#26085;&#26178;&#12364;&#12431;&#12363;&#12426;&#12414;&#12377;&#12290;
&#32972;&#26223;&#33394;&#12399;&#12521;&#12531;&#12480;&#12512;&#12391;&#22793;&#12431;&#12426;&#12414;&#12377;&#12290;
chumby&#12434;&#25391;&#12427;&#12392;&#12289;&#32972;&#26223;&#33394;&#12364;&#22793;&#12431;&#12426;&#12414;&#12377;&#12290;

The Japanese "DAITAI" means  in English "roughly". 
This clock shows the roughly date and time.
tap display, you will know the exact date and time.
shake chumby, you can change the background color.

&#8251;&#12300;&#12354;&#12378;&#12365;&#12501;&#12457;&#12531;&#12488;&#12301;&#12434;&#20351;&#29992;&#12373;&#12379;&#12390;&#12356;&#12383;&#12384;&#12365;&#12414;&#12375;&#12383;&#12290;</description>
  <version>2.03</version>
  <play mode="timeout" time="15"/>
  <user type="community" id="B3ACA054-C98E-11DD-8D60-001E681DF646" username="autumn_dream"/>
  <security sendable="true" approval="approved" previewable="true" deletable="true" access="public" virtualable="true" overlay="true"/>
  <rating count="8" value="3.625"/>
  <thumbnail href="http://s3movies.chumby.com/cdn/xmlthumbnail/F0025BB2-1D20-11DE-8EDE-001E681DF646" contenttype="image/pjpeg"/>
  <template href="http://s3movies.chumby.com/cdn/xmltemplate/F0047E2E-1D20-11DE-8EDE-001E681DF646" contenttype="application/x-shockwave-flash"/>
  <category href="http://xml.chumby.com/xapis/catalog/index/EF508B70-2F35-11DB-8753-001372292121" name="Clocks" id="EF508B70-2F35-11DB-8753-001372292121"/>
  <movie href="http://s3movies.chumby.com/cdn/xmlmovie/C97DC30C-1D8C-11DE-AC50-001E681DF646" contenttype="application/x-shockwave-flash"/>
  <swfs>
    <swf width="320" microphone="false" kb="false" camera="false" as_version="2" accelerometer="false" previewable="true" content-type="application/x-shockwave-flash" href="http://s3movies.chumby.com/cdn/xmlmovie/C97DC30C-1D8C-11DE-AC50-001E681DF646" fixed_ar="true" swf_version="8" height="240" bgcolor="ffffff" supports_browser="false" pointing="false" resolution="" scalable="false" requires_sound="false"/>
  </swfs>
</widget>
