<?xml version="1.0" encoding="UTF-8"?>
<widget href="/xapis/catalog/widget/8172906C-663A-11E0-8ED1-0021288E720C" id="8172906C-663A-11E0-8ED1-0021288E720C">
  <name>atomic</name>
  <description>looping</description>
  <version>1.0</version>
  <play mode="timeout" time="45"/>
  <user type="community" id="81502926-96E7-11DC-A894-0030488CBE0D" username="rasto"/>
  <security sendable="true" approval="approved" previewable="true" access="publicplus" deletable="true" virtualable="true" overlay="true"/>
  <rating count="12" value="4.0833"/>
  <thumbnail href="http://s3movies.chumby.com/cdn/xmlthumbnail/81724026-663A-11E0-8ED1-0021288E720C" contenttype="image/pjpeg"/>
  <template href="/xml/configs/8172906C-663A-11E0-8ED1-0021288E720C" contenttype=""/>
  <category href="http://xml.chumby.com/xapis/catalog/index/AC50ADA4-4088-11DC-B053-0030485A78AA" name="Animation" id="AC50ADA4-4088-11DC-B053-0030485A78AA"/>
  <movie href="http://s3movies.chumby.com/cdn/xmlmovie/8173CD6A-663A-11E0-8ED1-0021288E720C" contenttype="application/x-shockwave-flash"/>
  <swfs>
    <swf width="320" microphone="false" kb="false" camera="false" as_version="2" accelerometer="false" previewable="true" content-type="application/x-shockwave-flash" href="http://s3movies.chumby.com/cdn/xmlmovie/8173CD6A-663A-11E0-8ED1-0021288E720C" fixed_ar="true" swf_version="6" height="240" bgcolor="ffffff" supports_browser="false" pointing="false" resolution="" scalable="false" requires_sound="false"/>
  </swfs>
</widget>
