<?xml version="1.0" encoding="UTF-8"?>
<widget href="/xapis/catalog/widget/DE34D9B4-26FA-11E1-94D1-1231392EFFEB" id="DE34D9B4-26FA-11E1-94D1-1231392EFFEB">
  <name>&#1053;&#1086;&#1074;&#1086;&#1075;&#1086;&#1076;&#1085;&#1080;&#1077; &#1095;&#1072;&#1089;&#1099;</name>
  <description>&#1053;&#1086;&#1074;&#1086;&#1075;&#1086;&#1076;&#1085;&#1080;&#1077; &#1095;&#1072;&#1089;&#1099;. &#1057; &#1053;&#1086;&#1074;&#1099;&#1084; &#1043;&#1086;&#1076;&#1086;&#1084; &#1080; &#1056;&#1086;&#1078;&#1076;&#1077;&#1089;&#1090;&#1074;&#1086;&#1084;!</description>
  <version>0.0385</version>
  <play mode="timeout" time="45"/>
  <user type="community" id="20B56DBA-DEAA-11E0-9A5A-0021288E720C" username="maccentre"/>
  <security sendable="true" approval="approved" previewable="true" access="public" deletable="true" virtualable="true" overlay="true"/>
  <rating count="2" value="3.5"/>
  <thumbnail href="http://s3movies.chumby.com/cdn/xmlthumbnail/DE344422-26FA-11E1-94D1-1231392EFFEB" contenttype="image/jpeg"/>
  <template href="/xml/configs/DE34D9B4-26FA-11E1-94D1-1231392EFFEB" contenttype=""/>
  <category href="http://xml.chumby.com/xapis/catalog/index/EF508B70-2F35-11DB-8753-001372292121" name="Clocks" id="EF508B70-2F35-11DB-8753-001372292121"/>
  <movie filtered="true" href="http://s3movies.chumby.com/cdn/xmlmovie/33E721A8-1DB3-11DF-8F13-001B24F07EF4" contenttype="application/x-shockwave-flash"/>
  <swfs>
    <swf width="320" microphone="false" kb="false" camera="false" as_version="2" accelerometer="false" previewable="true" content-type="application/x-shockwave-flash" href="http://s3movies.chumby.com/cdn/xmlmovie/33E721A8-1DB3-11DF-8F13-001B24F07EF4" fixed_ar="true" swf_version="7" height="240" bgcolor="ffffff" supports_browser="false" pointing="false" resolution="" scalable="false" requires_sound="false"/>
  </swfs>
</widget>
