<?xml version="1.0" encoding="UTF-8"?>
<widget href="/xapis/catalog/widget/377E25D4-3A1F-11DC-83E9-0030488E34F8" id="377E25D4-3A1F-11DC-83E9-0030488E34F8">
  <name>Chumby Clock 3d!</name>
  <description>Get three dimensional!
Aliens take over your Chumby in 3d!
Red / Blue anaglyph glasses required.
Dig out your old 3d comic book..</description>
  <version>1.0</version>
  <play mode="timeout" time="60"/>
  <user type="community" id="9B21F6A4-A1B5-11DB-A48B-00161771249B" username="cartoonmonkey"/>
  <security sendable="true" approval="approved" previewable="true" access="public" deletable="true" virtualable="true" overlay="true"/>
  <rating count="15" value="3.6667"/>
  <thumbnail href="http://s3movies.chumby.com/cdn/xmlthumbnail/5F77D0DA-3A1F-11DC-B9F8-00146C833363" contenttype="image/jpeg"/>
  <template href="/xml/configs/377E25D4-3A1F-11DC-83E9-0030488E34F8" contenttype=""/>
  <category href="http://xml.chumby.com/xapis/catalog/index/EF508B70-2F35-11DB-8753-001372292121" name="Clocks" id="EF508B70-2F35-11DB-8753-001372292121"/>
  <movie href="http://s3movies.chumby.com/cdn/xmlmovie/5F609924-3A1F-11DC-B9F8-00146C833363" contenttype="application/x-shockwave-flash"/>
  <swfs>
    <swf width="320" microphone="false" kb="false" camera="false" as_version="2" accelerometer="false" previewable="true" content-type="application/x-shockwave-flash" href="http://s3movies.chumby.com/cdn/xmlmovie/5F609924-3A1F-11DC-B9F8-00146C833363" fixed_ar="true" swf_version="6" height="240" bgcolor="ffffff" supports_browser="false" pointing="false" resolution="" scalable="false" requires_sound="false"/>
  </swfs>
</widget>
