<?xml version="1.0" encoding="UTF-8"?>
<widget href="/xapis/catalog/widget/A474F0C6-A162-11DE-80E3-001E681DFAC2" id="A474F0C6-A162-11DE-80E3-001E681DFAC2">
  <name>Super Simple Clock</name>
  <description>Simple Clock:
I just got my first Chumby! I will try to publish more hands, face, and font combinations, available via an internal menu. I may make it configurable via external XML. This looks like a fun community, and I'm interested in making some fun Flash applications.

More about the clock:

So, I've been interested in writing simple code for a long time, and what is simpler than a clock? I've been reducing the code down for years, and revisit the silly thing from time to time. The basic clock code is just variations on the Date object using a modulus and arithmetic with rotation being a function of the output. Most of the weight is from embedding the fonts dynamically instead of creating outlines.</description>
  <version>1.0</version>
  <play mode="timeout" time="15"/>
  <user type="community" id="530EF440-0A22-11DC-A9E4-00146C833363" username="tutash"/>
  <security sendable="true" previewable="true" approval="approved" access="public" deletable="true" virtualable="true" overlay="true"/>
  <rating count="7" value="3.2857"/>
  <thumbnail href="http://s3movies.chumby.com/cdn/xmlthumbnail/A474B1EC-A162-11DE-80E3-001E681DFAC2" contenttype="image/jpeg"/>
  <template href="/xml/configs/A474F0C6-A162-11DE-80E3-001E681DFAC2" contenttype=""/>
  <category href="http://xml.chumby.com/xapis/catalog/index/EF508B70-2F35-11DB-8753-001372292121" name="Clocks" id="EF508B70-2F35-11DB-8753-001372292121"/>
  <movie href="http://s3movies.chumby.com/cdn/xmlmovie/A4756DC6-A162-11DE-80E3-001E681DFAC2" contenttype="application/x-shockwave-flash"/>
  <swfs>
    <swf width="320" microphone="false" kb="false" camera="false" as_version="2" accelerometer="false" previewable="true" content-type="application/x-shockwave-flash" href="http://s3movies.chumby.com/cdn/xmlmovie/A4756DC6-A162-11DE-80E3-001E681DFAC2" fixed_ar="true" swf_version="8" height="240" bgcolor="ffffff" supports_browser="false" pointing="false" resolution="" scalable="false" requires_sound="false"/>
  </swfs>
</widget>
