<?xml version="1.0" encoding="UTF-8"?>
<widget href="/xapis/catalog/widget/666F6042-ADC3-11DD-80D3-001E681DFAC2" id="666F6042-ADC3-11DD-80D3-001E681DFAC2">
  <name>Night Clock</name>
  <description>This is a 12/24 H clock that displays the day, date, and month in your preferred language. The clock was created as a replacement to the night mode clock that is found in the Chumby by default.

When you add this clock to your Chumby you will be presented with the options to select your language and whether you want the clock format set to 12 or 24 hours.

If your language is missing I will add it to the database, but I need you to send the translations to me. What I need is the days (Monday through Sunday separated by commas) and the abbreviated months (Jan through Dec, also comma separated). You can email me the translation by using the forum mail form: http://forum.chumby.com/misc.php?email=2776

I would also appreciate any type of thoughts you have about this widget, good or bad. Any feedback is good feedback.</description>
  <version>1.1</version>
  <play mode="timeout" time="60"/>
  <user type="community" id="F3F61D9C-943D-11DD-B578-001B24F07EF4" username="Krazz"/>
  <security approval="approved" sendable="true" deletable="true" previewable="true" access="public" overlay="true" virtualable="true"/>
  <rating count="83" value="4.0482"/>
  <thumbnail href="http://s3movies.chumby.com/cdn/xmlthumbnail/88D7AC4E-BB1E-11DD-8DB8-001B24F07EF4" contenttype="image/jpeg"/>
  <template href="http://s3movies.chumby.com/cdn/xmltemplate/88D8E604-BB1E-11DD-8DB8-001B24F07EF4" contenttype="application/x-shockwave-flash"/>
  <category href="http://xml.chumby.com/xapis/catalog/index/EF508B70-2F35-11DB-8753-001372292121" name="Clocks" id="EF508B70-2F35-11DB-8753-001372292121"/>
  <movie href="http://s3movies.chumby.com/cdn/xmlmovie/434C822E-BBE8-11DD-98C4-001E681DFAC2" contenttype="application/x-shockwave-flash"/>
  <swfs>
    <swf width="320" microphone="false" kb="false" camera="false" as_version="2" accelerometer="false" previewable="true" content-type="application/x-shockwave-flash" href="http://s3movies.chumby.com/cdn/xmlmovie/434C822E-BBE8-11DD-98C4-001E681DFAC2" fixed_ar="true" swf_version="8" height="240" bgcolor="000000" supports_browser="false" pointing="false" resolution="" scalable="false" requires_sound="false"/>
  </swfs>
</widget>
