<?xml version="1.0" encoding="UTF-8"?>
<widget href="/xapis/catalog/widget/D702FC96-A0F2-11DF-978D-0021288EC192" id="D702FC96-A0F2-11DF-978D-0021288EC192">
  <name>BinaryWatch</name>
  <description>Inspired by a binary watch, this clock features time with seconds and a date display.  Tap the screen to view the date for 5 seconds.</description>
  <version>1.0</version>
  <play mode="timeout" time="30"/>
  <user type="community" id="AB52F36E-ADFE-11DD-8F6E-001E681DF646" username="kpaulsen"/>
  <security sendable="true" approval="approved" previewable="true" access="public" deletable="true" virtualable="true" overlay="true"/>
  <rating count="3" value="4.0"/>
  <thumbnail href="http://s3movies.chumby.com/cdn/xmlthumbnail/D702AACA-A0F2-11DF-978D-0021288EC192" contenttype="image/jpeg"/>
  <template href="/xml/configs/D702FC96-A0F2-11DF-978D-0021288EC192" contenttype=""/>
  <category href="http://xml.chumby.com/xapis/catalog/index/EF508B70-2F35-11DB-8753-001372292121" name="Clocks" id="EF508B70-2F35-11DB-8753-001372292121"/>
  <movie href="http://s3movies.chumby.com/cdn/xmlmovie/D704BA18-A0F2-11DF-978D-0021288EC192" contenttype="application/x-shockwave-flash"/>
  <swfs>
    <swf width="320" microphone="false" kb="false" camera="false" as_version="2" accelerometer="false" previewable="true" content-type="application/x-shockwave-flash" href="http://s3movies.chumby.com/cdn/xmlmovie/D704BA18-A0F2-11DF-978D-0021288EC192" fixed_ar="false" swf_version="8" height="240" bgcolor="000000" supports_browser="false" pointing="false" resolution="" scalable="false" requires_sound="false"/>
  </swfs>
</widget>
