<?xml version="1.0" encoding="UTF-8"?>
<widget href="/xapis/catalog/widget/292BC3C8-0031-11DD-B488-0016353B4502" id="292BC3C8-0031-11DD-B488-0016353B4502">
  <name>Plywood wall clock</name>
  <description>A chumby clock.</description>
  <version>1.2</version>
  <play mode="default" time="15"/>
  <user type="chumby" id="00000000-0000-0000-0000-000000000001" username="chumby"/>
  <security sendable="true" previewable="true" approval="approved" access="public" deletable="true" virtualable="true" overlay="true"/>
  <rating count="11" value="3.9091"/>
  <thumbnail href="http://s3movies.chumby.com/cdn/xmlthumbnail/292D4AB8-0031-11DD-B488-0016353B4502" contenttype="image/jpeg"/>
  <template href="http://s3movies.chumby.com/cdn/xmltemplate/2939FA74-0031-11DD-B488-0016353B4502" contenttype="text/xml"/>
  <category href="http://xml.chumby.com/xapis/catalog/index/EF508B70-2F35-11DB-8753-001372292121" name="Clocks" id="EF508B70-2F35-11DB-8753-001372292121"/>
  <movie href="http://s3movies.chumby.com/cdn/xmlmovie/293AD78C-0031-11DD-B488-0016353B4502" contenttype="application/x-shockwave-flash"/>
  <swfs>
    <swf width="320" microphone="false" kb="false" camera="false" as_version="2" accelerometer="false" previewable="true" content-type="application/x-shockwave-flash" href="http://s3movies.chumby.com/cdn/xmlmovie/293AD78C-0031-11DD-B488-0016353B4502" fixed_ar="true" swf_version="8" height="240" bgcolor="ffffff" supports_browser="false" pointing="false" resolution="" scalable="false" requires_sound="false"/>
  </swfs>
</widget>
