<?xml version="1.0" encoding="UTF-8"?>
<widget href="/xapis/catalog/widget/6F0F68E6-E8DC-11DE-A74D-001E681DFAC2" id="6F0F68E6-E8DC-11DE-A74D-001E681DFAC2">
  <name>Chumbitone Jukebox</name>
  <description>Based on jforsythe's brilliant ChumbiTunes widget. Control your iTunes music the way it was meant to be... from a 1950's replica jukebox. The ChumbiTone Jukebox features percolating bubbles, forever lights flashing in authentic glass dome, chrome plated accents and a solid wood cabinet. Put those nickels away, the coin mechanism has been replaced with  the volume control. When your streaming server is not online the Jukebox goes dim and features a simple clock. Just like the kind you find on craigslist these days, this jukebox is presented as is. See here for more information on how to configure this widget. </description>
  <version>1.27</version>
  <play mode="timeout" time="15"/>
  <user type="community" id="C16C3788-BC81-11DC-A690-00156009DD9B" username="McConnell"/>
  <security sendable="true" previewable="true" access="public" approval="approved" virtualable="true" deletable="true" overlay="true"/>
  <rating count="10" value="3.3"/>
  <thumbnail href="http://s3movies.chumby.com/cdn/xmlthumbnail/4DDFE9C4-E9AF-11DE-B116-001B24F07EF4" contenttype="image/jpeg"/>
  <template href="http://s3movies.chumby.com/cdn/xmltemplate/DEB39A06-E999-11DE-8EBF-001B24F07EF4" contenttype="application/x-shockwave-flash"/>
  <category href="http://xml.chumby.com/xapis/catalog/index/175E3A6A-5D3D-11DB-A0DD-0030485A78AA" name="Entertainment" id="175E3A6A-5D3D-11DB-A0DD-0030485A78AA"/>
  <movie href="http://s3movies.chumby.com/cdn/xmlmovie/6F0FC638-E8DC-11DE-A74D-001E681DFAC2" contenttype="application/x-shockwave-flash"/>
  <swfs>
    <swf width="320" microphone="false" kb="false" camera="false" as_version="2" accelerometer="false" previewable="true" content-type="application/x-shockwave-flash" href="http://s3movies.chumby.com/cdn/xmlmovie/6F0FC638-E8DC-11DE-A74D-001E681DFAC2" fixed_ar="true" swf_version="8" height="240" bgcolor="666666" supports_browser="false" pointing="false" resolution="" scalable="false" requires_sound="false"/>
  </swfs>
</widget>
