<?xml version="1.0" encoding="UTF-8"?>
<widget href="/xapis/catalog/widget/A9681A86-1904-11DE-B9C8-001E681DFAC2" id="A9681A86-1904-11DE-B9C8-001E681DFAC2">
  <name>birdChime - (tilt)</name>
  <description>I pay the vendor ~
open the cage of birds ~
they fly away in melody ~</description>
  <version>1.0</version>
  <play mode="timeout" time="60"/>
  <user type="community" id="AFA0FC5C-0DFA-11DE-AA9C-001E681DF646" username="inspired12"/>
  <security sendable="true" approval="approved" previewable="false" access="public" deletable="true" virtualable="false" overlay="true"/>
  <rating count="17" value="3.2941"/>
  <thumbnail href="http://s3movies.chumby.com/cdn/xmlthumbnail/1FFC9088-1C15-11DE-9FB7-001E681DF646" contenttype="image/jpeg"/>
  <template href="/xml/configs/A9681A86-1904-11DE-B9C8-001E681DFAC2" contenttype=""/>
  <category href="http://xml.chumby.com/xapis/catalog/index/2DAEAFDA-9798-11DB-9563-0030485A78AA" name="Animals" id="2DAEAFDA-9798-11DB-9563-0030485A78AA"/>
  <movie href="http://s3movies.chumby.com/cdn/xmlmovie/1FF91020-1C15-11DE-9FB7-001E681DF646" contenttype="application/x-shockwave-flash"/>
  <swfs>
    <swf width="320" microphone="false" kb="false" camera="false" as_version="2" accelerometer="false" previewable="false" content-type="application/x-shockwave-flash" href="http://s3movies.chumby.com/cdn/xmlmovie/1FF91020-1C15-11DE-9FB7-001E681DF646" fixed_ar="true" swf_version="7" height="240" bgcolor="ffffff" supports_browser="false" pointing="false" resolution="" scalable="false" requires_sound="false"/>
  </swfs>
</widget>
