<?xml version="1.0" encoding="UTF-8"?>
<widget href="/xapis/catalog/widget/826CCB00-1D44-11DD-AEB0-0030485B7900" id="826CCB00-1D44-11DD-AEB0-0030485B7900">
  <name>Go Doctor Go!</name>
  <description>Become a Time Lord with this cool Doctor Who themed clock. Displays your local galactic time and date according to your Chumby settings.</description>
  <version>1.0</version>
  <play mode="timeout" time="60"/>
  <user type="community" id="81ACB5BA-1D42-11DD-AEB0-0030485B7900" username="pcgodess"/>
  <security sendable="true" overlay="true" previewable="true" access="public" virtualable="true" approval="approved" deletable="true"/>
  <rating count="50" value="3.98"/>
  <thumbnail href="http://s3movies.chumby.com/cdn/xmlthumbnail/826C9E46-1D44-11DD-AEB0-0030485B7900" contenttype="image/pjpeg"/>
  <template href="/xml/configs/826CCB00-1D44-11DD-AEB0-0030485B7900" contenttype=""/>
  <category href="http://xml.chumby.com/xapis/catalog/index/EF508B70-2F35-11DB-8753-001372292121" name="Clocks" id="EF508B70-2F35-11DB-8753-001372292121"/>
  <movie href="http://s3movies.chumby.com/cdn/xmlmovie/826601F8-1D44-11DD-AEB0-0030485B7900" contenttype="application/x-shockwave-flash"/>
  <swfs>
    <swf width="320" microphone="false" kb="false" camera="false" as_version="2" accelerometer="false" previewable="true" content-type="application/x-shockwave-flash" href="http://s3movies.chumby.com/cdn/xmlmovie/826601F8-1D44-11DD-AEB0-0030485B7900" fixed_ar="true" swf_version="8" height="240" bgcolor="ffffff" supports_browser="false" pointing="false" resolution="" scalable="false" requires_sound="false"/>
  </swfs>
</widget>
