<?xml version="1.0" encoding="UTF-8"?>
<widget href="/xapis/catalog/widget/BFCBCE28-F4C6-11DE-B067-001E681DF646" id="BFCBCE28-F4C6-11DE-B067-001E681DF646">
  <name>Experiment 1: Slidy Clock</name>
  <description>A digital clock with a sliding background. I wanted to find out how many transparent layers I can slide together before the Chumby slows down. The answer is 4. You can find the code in my Chumby pages at http://www.robmiles.com/chumby</description>
  <version>1.0</version>
  <play mode="timeout" time="60"/>
  <user type="community" id="851601A2-E3F2-11DE-91F9-001E681DFAC2" username="RobMiles"/>
  <security sendable="true" previewable="true" approval="approved" access="public" deletable="true" virtualable="true" overlay="true"/>
  <rating count="8" value="3.125"/>
  <thumbnail href="http://s3movies.chumby.com/cdn/xmlthumbnail/D38C7F8A-FFBA-11DE-BD92-001E681DF646" contenttype="image/pjpeg"/>
  <template href="/xml/configs/BFCBCE28-F4C6-11DE-B067-001E681DF646" contenttype=""/>
  <category href="http://xml.chumby.com/xapis/catalog/index/EF508B70-2F35-11DB-8753-001372292121" name="Clocks" id="EF508B70-2F35-11DB-8753-001372292121"/>
  <movie href="http://s3movies.chumby.com/cdn/xmlmovie/BFCC5988-F4C6-11DE-B067-001E681DF646" contenttype="application/x-shockwave-flash"/>
  <swfs>
    <swf width="320" microphone="false" kb="false" camera="false" as_version="2" accelerometer="false" previewable="true" content-type="application/x-shockwave-flash" href="http://s3movies.chumby.com/cdn/xmlmovie/BFCC5988-F4C6-11DE-B067-001E681DF646" fixed_ar="true" swf_version="7" height="240" bgcolor="ffffff" supports_browser="false" pointing="false" resolution="" scalable="false" requires_sound="false"/>
  </swfs>
</widget>
