<?xml version="1.0" encoding="UTF-8"?>
<widget href="/xapis/catalog/widget/3990203C-D8FA-11DC-8CF9-00156009DD9B" id="3990203C-D8FA-11DC-8CF9-00156009DD9B">
  <name>Calculator</name>
  <description>A calculator for your Chumby. Looks great on your Chumby and the background is white not black. Version 1</description>
  <version>1</version>
  <play mode="timeout" time="60"/>
  <user type="community" id="BB29CCA0-88B0-11DC-ADDE-0030488E34F8" username="cmdbash"/>
  <security sendable="true" approval="approved" previewable="true" access="public" deletable="true" virtualable="true" overlay="true"/>
  <rating count="82" value="4.0366"/>
  <thumbnail href="http://s3movies.chumby.com/cdn/xmlthumbnail/398FFBE8-D8FA-11DC-8CF9-00156009DD9B" contenttype="image/jpeg"/>
  <template href="/xml/configs/3990203C-D8FA-11DC-8CF9-00156009DD9B" contenttype=""/>
  <category href="http://xml.chumby.com/xapis/catalog/index/E130976A-09A5-11DC-8592-0030488E34F8" name="Educational" id="E130976A-09A5-11DC-8592-0030488E34F8"/>
  <movie href="http://s3movies.chumby.com/cdn/xmlmovie/398EB288-D8FA-11DC-8CF9-00156009DD9B" contenttype="application/x-shockwave-flash"/>
  <swfs>
    <swf width="320" microphone="false" kb="false" camera="false" as_version="2" accelerometer="false" previewable="true" content-type="application/x-shockwave-flash" href="http://s3movies.chumby.com/cdn/xmlmovie/398EB288-D8FA-11DC-8CF9-00156009DD9B" fixed_ar="false" swf_version="6" height="240" bgcolor="ffffff" supports_browser="false" pointing="false" resolution="" scalable="false" requires_sound="false"/>
  </swfs>
</widget>
