<?xml version="1.0" encoding="UTF-8"?>
<widget href="/xapis/catalog/widget/01AA29FC-0B4F-11DC-9916-0030488E34F8" id="01AA29FC-0B4F-11DC-9916-0030488E34F8">
  <name>Fat Cat Land</name>
  <description>Have Fat Cat greet you every morning and evening!</description>
  <version>1.0</version>
  <play mode="timeout" time="15"/>
  <user type="community" id="F82FA8E2-09FB-11DC-94E0-0030488CBE0D" username="fatpengy"/>
  <security sendable="true" approval="approved" previewable="true" access="public" deletable="true" virtualable="true" overlay="true"/>
  <rating count="106" value="3.9151"/>
  <thumbnail href="http://s3movies.chumby.com/cdn/xmlthumbnail/1B83717E-2415-11DC-A307-0030485A78AA" contenttype="image/jpeg"/>
  <template href="/xml/configs/01AA29FC-0B4F-11DC-9916-0030488E34F8" contenttype=""/>
  <category href="http://xml.chumby.com/xapis/catalog/index/2DAEAFDA-9798-11DB-9563-0030485A78AA" name="Animals" id="2DAEAFDA-9798-11DB-9563-0030485A78AA"/>
  <movie href="http://s3movies.chumby.com/cdn/xmlmovie/1B7FE126-2415-11DC-A307-0030485A78AA" contenttype="application/x-shockwave-flash"/>
  <swfs>
    <swf width="320" microphone="false" kb="false" camera="false" as_version="2" accelerometer="false" previewable="true" content-type="application/x-shockwave-flash" href="http://s3movies.chumby.com/cdn/xmlmovie/1B7FE126-2415-11DC-A307-0030485A78AA" fixed_ar="true" swf_version="4" height="240" bgcolor="ffffff" supports_browser="false" pointing="false" resolution="" scalable="false" requires_sound="false"/>
  </swfs>
</widget>
