<?xml version="1.0" encoding="UTF-8"?>
<widget href="/xapis/catalog/widget/56D3FB46-CE6F-11E0-9F7B-0021288EBF58" id="56D3FB46-CE6F-11E0-9F7B-0021288EBF58">
  <name>Swiss Clock Radio</name>
  <description>This is a Swiss Web Radio App with Clock. 
This is still beta, and I don't have time to realy finalize it right now, sorry :(

Please set play time to endless, if you don't want do be interrupted ;)</description>
  <version>0.5</version>
  <play mode="timeout" time="90"/>
  <user type="community" id="0D1590F0-CB2C-11E0-B9F8-001B24F07EF4" username="cprezzi"/>
  <security sendable="true" previewable="true" approval="approved" access="public" deletable="true" virtualable="true" overlay="true"/>
  <rating count="5" value="4.6"/>
  <thumbnail href="http://s3movies.chumby.com/cdn/xmlthumbnail/7552627E-D2ED-11E0-996A-0021288EBF58" contenttype="image/jpeg"/>
  <template href="http://s3movies.chumby.com/cdn/xmltemplate/E597D36A-D32A-11E0-8759-001E681DFAC2" contenttype="application/x-shockwave-flash"/>
  <category href="http://xml.chumby.com/xapis/catalog/index/EF508B70-2F35-11DB-8753-001372292121" name="Clocks" id="EF508B70-2F35-11DB-8753-001372292121"/>
  <movie filtered="true" href="http://s3movies.chumby.com/cdn/xmlmovie/33E721A8-1DB3-11DF-8F13-001B24F07EF4" contenttype="application/x-shockwave-flash"/>
  <swfs>
    <swf width="320" microphone="false" kb="false" camera="false" as_version="2" accelerometer="false" previewable="true" content-type="application/x-shockwave-flash" href="http://s3movies.chumby.com/cdn/xmlmovie/33E721A8-1DB3-11DF-8F13-001B24F07EF4" fixed_ar="true" swf_version="7" height="240" bgcolor="ffffff" supports_browser="false" pointing="false" resolution="" scalable="false" requires_sound="false"/>
  </swfs>
</widget>
