<?xml version="1.0" encoding="UTF-8"?>
<widget href="/xapis/catalog/widget/8A1FAC94-3AD9-11DC-B641-0030488CBE0D" id="8A1FAC94-3AD9-11DC-B641-0030488CBE0D">
  <name>MINDistortion.tv</name>
  <description>Animations created by MINDistortion.tv</description>
  <version>0.8</version>
  <play mode="cooperative" time="30"/>
  <user type="community" id="52656290-3097-11DC-B4C3-0030485B7900" username="MINDistortion"/>
  <security sendable="true" deletable="true" previewable="true" overlay="true" access="public" virtualable="true" approval="approved"/>
  <rating count="16" value="3.0"/>
  <thumbnail href="http://s3movies.chumby.com/cdn/xmlthumbnail/8A1F799A-3AD9-11DC-B641-0030488CBE0D" contenttype="image/jpeg"/>
  <template href="/xml/configs/8A1FAC94-3AD9-11DC-B641-0030488CBE0D" contenttype=""/>
  <category href="http://xml.chumby.com/xapis/catalog/index/AC50ADA4-4088-11DC-B053-0030485A78AA" name="Animation" id="AC50ADA4-4088-11DC-B053-0030485A78AA"/>
  <movie href="http://s3movies.chumby.com/cdn/xmlmovie/FF4A0162-916A-11DC-8449-00146C833363" contenttype="application/x-shockwave-flash"/>
  <swfs>
    <swf width="320" microphone="false" kb="false" camera="false" as_version="2" accelerometer="false" previewable="true" content-type="application/x-shockwave-flash" href="http://s3movies.chumby.com/cdn/xmlmovie/FF4A0162-916A-11DC-8449-00146C833363" fixed_ar="true" swf_version="8" height="240" bgcolor="000000" supports_browser="false" pointing="false" resolution="" scalable="false" requires_sound="false"/>
  </swfs>
</widget>
