<?xml version="1.0" encoding="UTF-8"?>
<widget href="/xapis/catalog/widget/F84EDACA-1CB3-11DD-ACDF-0030485B7900" id="F84EDACA-1CB3-11DD-ACDF-0030485B7900">
  <name>The Furnace Widget</name>
  <description>v0.1 of our widgets</description>
  <version>1.0</version>
  <play mode="timeout" time="15"/>
  <user type="community" id="33C1A59A-0C3A-11DD-9921-0030488E34F8" username="The Furnace"/>
  <security sendable="true" deletable="true" previewable="true" overlay="true" access="public" virtualable="true" approval="approved"/>
  <rating count="26" value="1.6154"/>
  <thumbnail href="http://s3movies.chumby.com/cdn/xmlthumbnail/F84EAAB4-1CB3-11DD-ACDF-0030485B7900" contenttype="image/pjpeg"/>
  <template href="/xml/configs/F84EDACA-1CB3-11DD-ACDF-0030485B7900" contenttype=""/>
  <category href="http://xml.chumby.com/xapis/catalog/index/AC50ADA4-4088-11DC-B053-0030485A78AA" name="Animation" id="AC50ADA4-4088-11DC-B053-0030485A78AA"/>
  <movie href="http://s3movies.chumby.com/cdn/xmlmovie/F849844E-1CB3-11DD-ACDF-0030485B7900" contenttype="application/x-shockwave-flash"/>
  <swfs>
    <swf width="320" microphone="false" kb="false" camera="false" as_version="2" accelerometer="false" previewable="true" content-type="application/x-shockwave-flash" href="http://s3movies.chumby.com/cdn/xmlmovie/F849844E-1CB3-11DD-ACDF-0030485B7900" fixed_ar="false" swf_version="6" height="240" bgcolor="ffffff" supports_browser="false" pointing="false" resolution="" scalable="false" requires_sound="false"/>
  </swfs>
</widget>
