<?xml version="1.0" encoding="UTF-8"?>
<widget href="/xapis/catalog/widget/FE4C1214-DE74-11DF-9528-0021288E785A" id="FE4C1214-DE74-11DF-9528-0021288E785A">
  <name>Color Chooser  Digital Clock</name>
  <description>Key Features
*Digital Clock
*On-screen colour chooser
*Alarm function</description>
  <version>1.5</version>
  <play mode="timeout" time="15"/>
  <user type="community" id="9E452B5C-A554-11DF-820F-001E681DF646" username="phoenixflames"/>
  <security sendable="true" previewable="true" approval="approved" access="publicplus" deletable="true" virtualable="true" overlay="true"/>
  <rating count="14" value="3.8571"/>
  <thumbnail href="http://s3movies.chumby.com/cdn/xmlthumbnail/FE4BA90A-DE74-11DF-9528-0021288E785A" contenttype="image/jpeg"/>
  <template href="/xml/configs/FE4C1214-DE74-11DF-9528-0021288E785A" contenttype=""/>
  <category href="http://xml.chumby.com/xapis/catalog/index/EF508B70-2F35-11DB-8753-001372292121" name="Clocks" id="EF508B70-2F35-11DB-8753-001372292121"/>
  <movie href="http://s3movies.chumby.com/cdn/xmlmovie/FE4D1C36-DE74-11DF-9528-0021288E785A" contenttype="application/x-shockwave-flash"/>
  <swfs>
    <swf width="380" microphone="false" kb="false" camera="false" as_version="2" accelerometer="false" previewable="true" content-type="application/x-shockwave-flash" href="http://s3movies.chumby.com/cdn/xmlmovie/FE4D1C36-DE74-11DF-9528-0021288E785A" fixed_ar="true" swf_version="5" height="260" bgcolor="a5abaf" supports_browser="false" pointing="false" resolution="" scalable="false" requires_sound="false"/>
  </swfs>
</widget>
