<?xml version="1.0" encoding="UTF-8"?>
<widget href="/xapis/catalog/widget/49CF23DC-90D7-11DC-8449-00146C833363" id="49CF23DC-90D7-11DC-8449-00146C833363">
  <name>rocklobster</name>
  <description>rocklobster's going to get you</description>
  <version>1.0</version>
  <play mode="timeout" time="30"/>
  <user type="community" id="89145734-9C35-11DB-9C9C-00161771248C" username="kwall50"/>
  <security sendable="true" approval="approved" previewable="true" deletable="true" access="public" virtualable="true" overlay="true"/>
  <rating count="29" value="2.4828"/>
  <thumbnail href="http://s3movies.chumby.com/cdn/xmlthumbnail/49CEEEB2-90D7-11DC-8449-00146C833363" contenttype="image/jpeg"/>
  <template href="/xml/configs/49CF23DC-90D7-11DC-8449-00146C833363" contenttype=""/>
  <category href="http://xml.chumby.com/xapis/catalog/index/2DAEAFDA-9798-11DB-9563-0030485A78AA" name="Animals" id="2DAEAFDA-9798-11DB-9563-0030485A78AA"/>
  <movie href="http://s3movies.chumby.com/cdn/xmlmovie/49CBA068-90D7-11DC-8449-00146C833363" contenttype="application/x-shockwave-flash"/>
  <swfs>
    <swf width="320" microphone="false" kb="false" camera="false" as_version="2" accelerometer="false" previewable="true" content-type="application/x-shockwave-flash" href="http://s3movies.chumby.com/cdn/xmlmovie/49CBA068-90D7-11DC-8449-00146C833363" fixed_ar="true" swf_version="8" height="240" bgcolor="00ffff" supports_browser="false" pointing="false" resolution="" scalable="false" requires_sound="false"/>
  </swfs>
</widget>
