<?xml version="1.0" encoding="UTF-8"?>
<widget href="/xapis/catalog/widget/4A9D7498-1831-11DE-AEFB-001E681DFAC2" id="4A9D7498-1831-11DE-AEFB-001E681DFAC2">
  <name>NIXIE Clock - Time Only</name>
  <description>NIXIE Clock with only Hours and Minutes on a black background. Made  for "sambeckett".</description>
  <version>1.0</version>
  <play mode="timeout" time="15"/>
  <user type="community" id="906EB7B6-30E3-11DC-83E9-0030488E34F8" username="myridom"/>
  <security sendable="true" previewable="true" approval="approved" access="public" deletable="true" virtualable="true" overlay="true"/>
  <rating count="33" value="3.4242"/>
  <thumbnail href="http://s3movies.chumby.com/cdn/xmlthumbnail/4A9D5F12-1831-11DE-AEFB-001E681DFAC2" contenttype="image/pjpeg"/>
  <template href="/xml/configs/4A9D7498-1831-11DE-AEFB-001E681DFAC2" contenttype=""/>
  <category href="http://xml.chumby.com/xapis/catalog/index/EF508B70-2F35-11DB-8753-001372292121" name="Clocks" id="EF508B70-2F35-11DB-8753-001372292121"/>
  <movie href="http://s3movies.chumby.com/cdn/xmlmovie/4A9C71B0-1831-11DE-AEFB-001E681DFAC2" contenttype="application/x-shockwave-flash"/>
  <swfs>
    <swf width="320" microphone="false" kb="false" camera="false" as_version="2" accelerometer="false" previewable="true" content-type="application/x-shockwave-flash" href="http://s3movies.chumby.com/cdn/xmlmovie/4A9C71B0-1831-11DE-AEFB-001E681DFAC2" fixed_ar="true" swf_version="8" height="240" bgcolor="000000" supports_browser="false" pointing="false" resolution="" scalable="false" requires_sound="false"/>
  </swfs>
</widget>
