<?xml version="1.0" encoding="UTF-8"?>
<widget href="/xapis/catalog/widget/E756AECA-61A3-11DD-A14F-001B24F07D28" id="E756AECA-61A3-11DD-A14F-001B24F07D28">
  <name>24 hour Flip Clock - Ivory</name>
  <description>This is the official version of my Flip Clock for the Chumby.

Get free clocks for your own website at www.adamdorman.com.</description>
  <version>1.0</version>
  <play mode="timeout" time="15"/>
  <user type="community" id="E790164A-5200-11DD-BAC5-001E681DFAC2" username="adorman"/>
  <security sendable="true" approval="approved" previewable="true" deletable="true" access="public" virtualable="true" overlay="true"/>
  <rating count="32" value="3.875"/>
  <thumbnail href="http://s3movies.chumby.com/cdn/xmlthumbnail/E7569B2E-61A3-11DD-A14F-001B24F07D28" contenttype="image/jpeg"/>
  <template href="/xml/configs/E756AECA-61A3-11DD-A14F-001B24F07D28" contenttype=""/>
  <category href="http://xml.chumby.com/xapis/catalog/index/EF508B70-2F35-11DB-8753-001372292121" name="Clocks" id="EF508B70-2F35-11DB-8753-001372292121"/>
  <movie href="http://s3movies.chumby.com/cdn/xmlmovie/EFF58854-6585-11DD-8412-001E681DF646" contenttype="application/x-shockwave-flash"/>
  <swfs>
    <swf width="320" microphone="false" kb="false" camera="false" as_version="2" accelerometer="false" previewable="true" content-type="application/x-shockwave-flash" href="http://s3movies.chumby.com/cdn/xmlmovie/EFF58854-6585-11DD-8412-001E681DF646" fixed_ar="false" swf_version="7" height="240" bgcolor="000000" supports_browser="false" pointing="false" resolution="" scalable="false" requires_sound="false"/>
  </swfs>
</widget>
