<?xml version="1.0" encoding="UTF-8"?>
<widget href="/xapis/catalog/widget/0A330FDE-A690-11DD-A2F4-001E681DFAC2" id="0A330FDE-A690-11DD-A2F4-001E681DFAC2">
  <name>Progress Clock</name>
  <description>This clock displays the time passage in the progress bar.</description>
  <version>1.1</version>
  <play mode="timeout" time="60"/>
  <user type="community" id="52C0F010-A233-11DD-97C2-001B24F07EF4" username="catsin"/>
  <security sendable="true" approval="approved" previewable="true" deletable="true" access="public" virtualable="true" overlay="true"/>
  <rating count="14" value="2.3571"/>
  <thumbnail href="http://s3movies.chumby.com/cdn/xmlthumbnail/9E55BF20-AA70-11DD-B8D9-001E681DF646" contenttype="image/pjpeg"/>
  <template href="/xml/configs/0A330FDE-A690-11DD-A2F4-001E681DFAC2" contenttype=""/>
  <category href="http://xml.chumby.com/xapis/catalog/index/EF508B70-2F35-11DB-8753-001372292121" name="Clocks" id="EF508B70-2F35-11DB-8753-001372292121"/>
  <movie href="http://s3movies.chumby.com/cdn/xmlmovie/C90B59AA-AA75-11DD-827C-001E681DFAC2" contenttype="application/x-shockwave-flash"/>
  <swfs>
    <swf width="320" microphone="false" kb="false" camera="false" as_version="2" accelerometer="false" previewable="true" content-type="application/x-shockwave-flash" href="http://s3movies.chumby.com/cdn/xmlmovie/C90B59AA-AA75-11DD-827C-001E681DFAC2" fixed_ar="false" swf_version="6" height="240" bgcolor="fefefe" supports_browser="false" pointing="false" resolution="" scalable="false" requires_sound="false"/>
  </swfs>
</widget>
