<?xml version="1.0" encoding="UTF-8"?>
<widget href="/xapis/catalog/widget/0AA49E9A-1583-11DD-A836-0030488D0168" id="0AA49E9A-1583-11DD-A836-0030488D0168">
  <name>Albino Blacksheep Animations</name>
  <description>View a dynamic list of Flash animation classics from albinoblacksheep.com</description>
  <version>1.1</version>
  <play mode="cooperative" time="20"/>
  <user type="partner" id="053DE294-0288-11DD-8F4A-0016353BC7CC" username="albinoblacksheep"/>
  <security sendable="true" approval="approved" previewable="true" access="public" deletable="true" virtualable="true" overlay="true"/>
  <rating count="74" value="4.2297"/>
  <thumbnail href="http://s3movies.chumby.com/cdn/xmlthumbnail/73440288-0479-11DF-A495-001B24E044BE" contenttype="image/jpeg"/>
  <template href="http://s3movies.chumby.com/cdn/xmltemplate/7409E084-0479-11DF-A495-001B24E044BE" contenttype="text/xml"/>
  <category href="http://xml.chumby.com/xapis/catalog/index/AC50ADA4-4088-11DC-B053-0030485A78AA" name="Animation" id="AC50ADA4-4088-11DC-B053-0030485A78AA"/>
  <movie href="http://s3movies.chumby.com/cdn/xmlmovie/747E2480-0479-11DF-A495-001B24E044BE" contenttype="application/x-shockwave-flash"/>
  <swfs>
    <swf width="320" microphone="false" kb="false" camera="false" as_version="2" accelerometer="false" previewable="true" content-type="application/x-shockwave-flash" href="http://s3movies.chumby.com/cdn/xmlmovie/747E2480-0479-11DF-A495-001B24E044BE" fixed_ar="true" swf_version="8" height="240" bgcolor="999999" supports_browser="false" pointing="false" resolution="" scalable="false" requires_sound="false"/>
  </swfs>
</widget>
