<?xml version="1.0" encoding="UTF-8"?>
<widget href="/xapis/catalog/widget/C2D142C0-EA31-11DC-AEDD-00156009DD9B" id="C2D142C0-EA31-11DC-AEDD-00156009DD9B">
  <name>UK TV clock - Westward</name>
  <description>Classic UK TV station clock from the 1980s. Flash clock created by Dave Jeffery and used with his permission. Taken from http://625.uk.com</description>
  <version>1.0</version>
  <play mode="timeout" time="60"/>
  <user type="community" id="41DDC2EC-C5E7-11DC-A5CC-001635C47868" username="gingerbeardman"/>
  <security sendable="true" approval="approved" previewable="false" access="public" deletable="true" virtualable="false" overlay="true"/>
  <rating count="10" value="4.0"/>
  <thumbnail href="http://s3movies.chumby.com/cdn/xmlthumbnail/C2D11D72-EA31-11DC-AEDD-00156009DD9B" contenttype="image/jpeg"/>
  <template href="/xml/configs/C2D142C0-EA31-11DC-AEDD-00156009DD9B" contenttype=""/>
  <category href="http://xml.chumby.com/xapis/catalog/index/EF508B70-2F35-11DB-8753-001372292121" name="Clocks" id="EF508B70-2F35-11DB-8753-001372292121"/>
  <movie href="http://s3movies.chumby.com/cdn/xmlmovie/C2C7F49A-EA31-11DC-AEDD-00156009DD9B" contenttype="application/x-shockwave-flash"/>
  <swfs>
    <swf width="788" microphone="false" kb="false" camera="false" as_version="2" accelerometer="false" previewable="false" content-type="application/x-shockwave-flash" href="http://s3movies.chumby.com/cdn/xmlmovie/C2C7F49A-EA31-11DC-AEDD-00156009DD9B" fixed_ar="false" swf_version="6" height="576" bgcolor="000e9d" supports_browser="false" pointing="false" resolution="" scalable="false" requires_sound="false"/>
  </swfs>
</widget>
