<?xml version="1.0" encoding="UTF-8"?>
<widget href="/xapis/catalog/widget/B731D204-DCC1-11DC-A3BE-00156009DD9B" id="B731D204-DCC1-11DC-A3BE-00156009DD9B">
  <name>Piano Buddy</name>
  <description>Put your Chumby on your piano and it will help you learn to read music! Set it to play forever.
Features coming soon: Accidentals! Saving your options!</description>
  <version>0.52</version>
  <play mode="timeout" time="60"/>
  <user type="community" id="088D75B4-FDD3-11DB-A183-0030485B7900" username="rogerimp"/>
  <security approval="approved" sendable="true" deletable="true" previewable="true" access="public" overlay="true" virtualable="true"/>
  <rating count="27" value="3.037"/>
  <thumbnail href="http://s3movies.chumby.com/cdn/xmlthumbnail/61ADBB80-DDA8-11DC-9104-001635C47868" contenttype="image/jpeg"/>
  <template href="/xml/configs/B731D204-DCC1-11DC-A3BE-00156009DD9B" contenttype=""/>
  <category href="http://xml.chumby.com/xapis/catalog/index/E130976A-09A5-11DC-8592-0030488E34F8" name="Educational" id="E130976A-09A5-11DC-8592-0030488E34F8"/>
  <movie href="http://s3movies.chumby.com/cdn/xmlmovie/6194B7C0-DDA8-11DC-9104-001635C47868" contenttype="application/x-shockwave-flash"/>
  <swfs>
    <swf width="320" microphone="false" kb="false" camera="false" as_version="2" accelerometer="false" previewable="true" content-type="application/x-shockwave-flash" href="http://s3movies.chumby.com/cdn/xmlmovie/6194B7C0-DDA8-11DC-9104-001635C47868" fixed_ar="true" swf_version="7" height="240" bgcolor="ffffff" supports_browser="false" pointing="false" resolution="" scalable="false" requires_sound="false"/>
  </swfs>
</widget>
