<?xml version="1.0" encoding="UTF-8"?>
<widget href="/xapis/catalog/widget/5D1BF9DA-E021-11DC-913C-0016353B0686" id="5D1BF9DA-E021-11DC-913C-0016353B0686">
  <name>Timeline Clock Calendar</name>
  <description>Timeline Clock and Calendar, Displays Year, Month, Date, Day of Week, Hours, Minutes and Seconds. Updated calendar to work until 2014.</description>
  <version>3.0</version>
  <play mode="timeout" time="15"/>
  <user type="community" id="906EB7B6-30E3-11DC-83E9-0030488E34F8" username="myridom"/>
  <security approval="approved" sendable="true" deletable="true" previewable="true" access="public" overlay="true" virtualable="true"/>
  <rating count="53" value="3.9811"/>
  <thumbnail href="http://s3movies.chumby.com/cdn/xmlthumbnail/C1769212-169B-11DE-91BD-001E681DFAC2" contenttype="image/pjpeg"/>
  <template href="/xml/configs/5D1BF9DA-E021-11DC-913C-0016353B0686" contenttype=""/>
  <category href="http://xml.chumby.com/xapis/catalog/index/EF508B70-2F35-11DB-8753-001372292121" name="Clocks" id="EF508B70-2F35-11DB-8753-001372292121"/>
  <movie href="http://s3movies.chumby.com/cdn/xmlmovie/41C19CA0-169C-11DE-AFDB-001E681DFAC2" contenttype="application/x-shockwave-flash"/>
  <swfs>
    <swf width="320" microphone="false" kb="false" camera="false" as_version="2" accelerometer="false" previewable="true" content-type="application/x-shockwave-flash" href="http://s3movies.chumby.com/cdn/xmlmovie/41C19CA0-169C-11DE-AFDB-001E681DFAC2" fixed_ar="true" swf_version="6" height="240" bgcolor="000000" supports_browser="false" pointing="false" resolution="" scalable="false" requires_sound="false"/>
  </swfs>
</widget>
