<?xml version="1.0" encoding="UTF-8"?>
<widget href="/xapis/catalog/widget/E66ACFF6-6AE9-11DD-99E3-001E681DF646" id="E66ACFF6-6AE9-11DD-99E3-001E681DF646">
  <name>Listen Alpha Radio</name>
  <description>Listen live music hits from the 70's, 80's, 90's and 2day's...</description>
  <version>1.0</version>
  <play mode="timeout" time="15"/>
  <user type="community" id="572FD260-6AE8-11DD-AFC0-001E681DFAC2" username="alpharadio"/>
  <security sendable="true" approval="approved" previewable="true" access="public" deletable="true" virtualable="true" overlay="true"/>
  <rating count="8" value="1.5"/>
  <thumbnail href="http://s3movies.chumby.com/cdn/xmlthumbnail/E66ABD68-6AE9-11DD-99E3-001E681DF646" contenttype="image/jpeg"/>
  <template href="/xml/configs/E66ACFF6-6AE9-11DD-99E3-001E681DF646" contenttype=""/>
  <category href="http://xml.chumby.com/xapis/catalog/index/175E3A6A-5D3D-11DB-A0DD-0030485A78AA" name="Entertainment" id="175E3A6A-5D3D-11DB-A0DD-0030485A78AA"/>
  <movie href="http://s3movies.chumby.com/cdn/xmlmovie/E63C545A-6AE9-11DD-99E3-001E681DF646" contenttype="application/x-shockwave-flash"/>
  <swfs>
    <swf width="320" microphone="false" kb="false" camera="false" as_version="2" accelerometer="false" previewable="true" content-type="application/x-shockwave-flash" href="http://s3movies.chumby.com/cdn/xmlmovie/E63C545A-6AE9-11DD-99E3-001E681DF646" fixed_ar="true" swf_version="8" height="240" bgcolor="ffffff" supports_browser="false" pointing="false" resolution="" scalable="false" requires_sound="false"/>
  </swfs>
</widget>
