<?xml version="1.0" encoding="UTF-8"?>
<widget href="/xapis/catalog/widget/B74C59EE-FE8F-11DD-9DA8-001B24F07EF4" id="B74C59EE-FE8F-11DD-9DA8-001B24F07EF4">
  <name>Scrolling Message Clock 2.0</name>
  <description>Scrolling Message Clock has been Completely redesigned! Improved scrolling, easier to read, current date now scrolls after custom message, longer messages no longer truncated. Choose any hexadecimal color for banner and clock... or let the widget choose for you,  just type 'random' in the clock or banner color box. *Note: Scroll speed has been optimized for playback on chumby, your message will appear to be moving very fast on virtual chumby. </description>
  <version>2.0</version>
  <play mode="timeout" time="35"/>
  <user type="community" id="C16C3788-BC81-11DC-A690-00156009DD9B" username="McConnell"/>
  <security sendable="true" overlay="true" previewable="true" access="public" virtualable="true" approval="approved" deletable="true"/>
  <rating count="29" value="3.6897"/>
  <thumbnail href="http://s3movies.chumby.com/cdn/xmlthumbnail/90435D04-042D-11DE-BD75-001E681DFAC2" contenttype="image/jpeg"/>
  <template href="http://s3movies.chumby.com/cdn/xmltemplate/71122C2C-044A-11DE-A849-001B24F07EF4" contenttype="application/x-shockwave-flash"/>
  <category href="http://xml.chumby.com/xapis/catalog/index/EF508B70-2F35-11DB-8753-001372292121" name="Clocks" id="EF508B70-2F35-11DB-8753-001372292121"/>
  <movie href="http://s3movies.chumby.com/cdn/xmlmovie/710E325C-044A-11DE-A849-001B24F07EF4" contenttype="application/x-shockwave-flash"/>
  <swfs>
    <swf width="320" microphone="false" kb="false" camera="false" as_version="2" accelerometer="false" previewable="true" content-type="application/x-shockwave-flash" href="http://s3movies.chumby.com/cdn/xmlmovie/710E325C-044A-11DE-A849-001B24F07EF4" fixed_ar="true" swf_version="8" height="240" bgcolor="000000" supports_browser="false" pointing="false" resolution="" scalable="false" requires_sound="false"/>
  </swfs>
</widget>
