<?xml version="1.0" encoding="UTF-8"?>
<widget href="/xapis/catalog/widget/9FF9E31C-7CE6-11DE-88F7-001B24F07EF4" id="9FF9E31C-7CE6-11DE-88F7-001B24F07EF4">
  <name>RTA Sydney Webcams</name>
  <description>Displays RTA Sydney webcams (Sydney Harbour Bridge, Anzac Bridge, George St &amp; William St).

Next version will include all available RTA Sydney webcams and allow the user to configure which webcams to show and the cycle delay.</description>
  <version>1.0</version>
  <play mode="timeout" time="60"/>
  <user type="community" id="7FAB5770-68E2-11DE-B5B2-001E681DFAC2" username="sjhands"/>
  <security sendable="true" approval="approved" previewable="true" access="public" deletable="true" virtualable="true" overlay="true"/>
  <rating count="7" value="3.8571"/>
  <thumbnail href="http://s3movies.chumby.com/cdn/xmlthumbnail/9FF97E9A-7CE6-11DE-88F7-001B24F07EF4" contenttype="image/jpeg"/>
  <template href="/xml/configs/9FF9E31C-7CE6-11DE-88F7-001B24F07EF4" contenttype=""/>
  <category href="http://xml.chumby.com/xapis/catalog/index/8A3F7906-B75C-11DD-8466-001E681DF646" name="Australian" id="8A3F7906-B75C-11DD-8466-001E681DF646"/>
  <movie href="http://s3movies.chumby.com/cdn/xmlmovie/9FFA435C-7CE6-11DE-88F7-001B24F07EF4" contenttype="application/x-shockwave-flash"/>
  <swfs>
    <swf width="320" microphone="false" kb="false" camera="false" as_version="2" accelerometer="false" previewable="true" content-type="application/x-shockwave-flash" href="http://s3movies.chumby.com/cdn/xmlmovie/9FFA435C-7CE6-11DE-88F7-001B24F07EF4" fixed_ar="true" swf_version="6" height="240" bgcolor="ffffff" supports_browser="false" pointing="false" resolution="" scalable="false" requires_sound="false"/>
  </swfs>
</widget>
