<?xml version="1.0" encoding="UTF-8"?>
<widget href="/xapis/catalog/widget/F478EDE2-F70B-11DB-B414-0030485A78AA" id="F478EDE2-F70B-11DB-B414-0030485A78AA">
  <name>I CAN HAS CHEEZBURGER?</name>
  <description>Latest images from icanhascheezburger.com!</description>
  <version>1.8.6</version>
  <play mode="default" time="30"/>
  <user type="chumby" id="00000000-0000-0000-0000-000000000001" username="chumby"/>
  <security sendable="true" overlay="true" previewable="true" access="public" virtualable="true" approval="approved" deletable="true"/>
  <rating count="562" value="4.5338"/>
  <thumbnail href="http://s3movies.chumby.com/cdn/xmlthumbnail/93808C56-1894-11DD-9D69-0030488D0168" contenttype="image/jpeg"/>
  <template href="http://s3movies.chumby.com/cdn/xmltemplate/93B16326-1894-11DD-9D69-0030488D0168" contenttype="text/xml"/>
  <category href="http://xml.chumby.com/xapis/catalog/index/2DAEAFDA-9798-11DB-9563-0030485A78AA" name="Animals" id="2DAEAFDA-9798-11DB-9563-0030485A78AA"/>
  <movie href="http://s3movies.chumby.com/cdn/xmlmovie/8D240166-ADBE-11DD-9EFA-001E681DF646" contenttype="application/x-shockwave-flash"/>
  <swfs>
    <swf width="320" microphone="false" kb="false" camera="false" as_version="2" accelerometer="false" previewable="false" content-type="application/x-shockwave-flash" href="http://s3movies.chumby.com/cdn/xmlmovie/8D240166-ADBE-11DD-9EFA-001E681DF646" fixed_ar="true" swf_version="8" height="240" bgcolor="ffffff" supports_browser="false" pointing="true" resolution="" scalable="false" requires_sound="false"/>
    <swf width="600" microphone="false" kb="true" camera="false" as_version="2" accelerometer="false" previewable="true" content-type="application/x-shockwave-flash" href="http://s3movies.chumby.com/cdn/xmlmovie/69F84E4E-BD2A-11E0-A7A0-001B24E044BE" fixed_ar="true" swf_version="8" height="450" bgcolor="d6d6d6" supports_browser="false" pointing="false" resolution="" scalable="false" requires_sound="false"/>
    <swf width="1280" microphone="false" kb="true" camera="false" as_version="2" accelerometer="false" previewable="false" content-type="application/x-shockwave-flash" href="http://s3movies.chumby.com/cdn/xmlmovie/6A0D5A32-BD2A-11E0-A7A0-001B24E044BE" fixed_ar="true" swf_version="8" height="720" bgcolor="333333" supports_browser="false" pointing="false" resolution="" scalable="false" requires_sound="false"/>
    <swf width="684" microphone="false" kb="true" camera="false" as_version="2" accelerometer="false" previewable="false" content-type="application/x-shockwave-flash" href="http://s3movies.chumby.com/cdn/xmlmovie/6A0BB36C-BD2A-11E0-A7A0-001B24E044BE" fixed_ar="true" swf_version="8" height="130" bgcolor="333333" supports_browser="false" pointing="false" resolution="" scalable="false" requires_sound="false"/>
  </swfs>
</widget>
