<?xml version="1.0" encoding="UTF-8"?>
<widget href="/xapis/catalog/widget/FAAF525A-720D-11DC-B313-0030488CBE0D" id="FAAF525A-720D-11DC-B313-0030488CBE0D">
  <name>Sykotoy</name>
  <description>A widget that previews all of the 256,000 possible Sykotoys. Which one could be yours?</description>
  <version>1.0</version>
  <play mode="timeout" time="15"/>
  <user type="community" id="9EAE7B84-2E88-11DC-B9F8-00146C833363" username="nitrofly"/>
  <security sendable="true" previewable="true" approval="approved" access="public" deletable="true" virtualable="true" overlay="true"/>
  <rating count="19" value="2.2632"/>
  <thumbnail href="http://s3movies.chumby.com/cdn/xmlthumbnail/FAAEB1E2-720D-11DC-B313-0030488CBE0D" contenttype="image/pjpeg"/>
  <template href="/xml/configs/FAAF525A-720D-11DC-B313-0030488CBE0D" contenttype=""/>
  <category href="http://xml.chumby.com/xapis/catalog/index/AC50ADA4-4088-11DC-B053-0030485A78AA" name="Animation" id="AC50ADA4-4088-11DC-B053-0030485A78AA"/>
  <movie href="http://s3movies.chumby.com/cdn/xmlmovie/FA929A2A-720D-11DC-B313-0030488CBE0D" contenttype="application/x-shockwave-flash"/>
  <swfs>
    <swf width="320" microphone="false" kb="false" camera="false" as_version="2" accelerometer="false" previewable="true" content-type="application/x-shockwave-flash" href="http://s3movies.chumby.com/cdn/xmlmovie/FA929A2A-720D-11DC-B313-0030488CBE0D" fixed_ar="false" swf_version="7" height="240" bgcolor="000000" supports_browser="false" pointing="false" resolution="" scalable="false" requires_sound="false"/>
  </swfs>
</widget>
