<?xml version="1.0" encoding="UTF-8"?>
<widget href="/xapis/catalog/widget/CD1E04E8-90D7-11E0-9134-0021288E6F90" id="CD1E04E8-90D7-11E0-9134-0021288E6F90">
  <name>Rainforest Meter Simulator</name>
  <description>This application requires a PENGUIN meter simulator dongle from Rainforest Automation to operate.

This provides a graphical interface to the PENGUIN ZigBee Smart Energy meter simulator.</description>
  <version>2.3</version>
  <play mode="timeout" time="90"/>
  <pom>192</pom>
  <user type="community" id="4773CB30-6F75-11E0-B631-001E681DF646" username="rainforest"/>
  <security sendable="true" deletable="true" previewable="true" overlay="true" access="publicplus" virtualable="true" approval="approved"/>
  <rating count="0" value="0.0"/>
  <thumbnail href="http://s3movies.chumby.com/cdn/xmlthumbnail/5C321888-E27F-11E0-AD12-0021288EBF58" contenttype="image/jpeg"/>
  <template href="/xml/configs/CD1E04E8-90D7-11E0-9134-0021288E6F90" contenttype=""/>
  <category href="http://xml.chumby.com/xapis/catalog/index/59BC5264-CF80-11DC-92D5-00156009DD9B" name="Communications" id="59BC5264-CF80-11DC-92D5-00156009DD9B"/>
  <movie href="http://s3movies.chumby.com/cdn/xmlmovie/CD20D178-90D7-11E0-9134-0021288E6F90" contenttype="application/x-shockwave-flash"/>
  <swfs>
    <swf width="800" microphone="false" kb="false" camera="false" as_version="3" accelerometer="false" previewable="true" content-type="application/x-shockwave-flash" href="http://s3movies.chumby.com/cdn/xmlmovie/CD20D178-90D7-11E0-9134-0021288E6F90" fixed_ar="true" swf_version="10" height="600" bgcolor="ffffff" supports_browser="false" pointing="false" resolution="" scalable="false" requires_sound="false"/>
  </swfs>
</widget>
