<?xml version="1.0" encoding="UTF-8"?>
<widget href="/xapis/catalog/widget/5C097138-F6C1-11DC-A70F-0016353B0686" id="5C097138-F6C1-11DC-A70F-0016353B0686">
  <name>Clover Twirl</name>
  <description>A screensaver-like psychadelic animation that builds into a clover shape, in jewel-like colors.  By Lauren Madar</description>
  <version>1.0</version>
  <play mode="timeout" time="35"/>
  <user type="community" id="22FFBC44-F68F-11DC-A70F-0016353B0686" username="liquidleaf"/>
  <security sendable="true" previewable="true" access="public" approval="approved" virtualable="true" deletable="true" overlay="true"/>
  <rating count="27" value="3.0"/>
  <thumbnail href="http://s3movies.chumby.com/cdn/xmlthumbnail/5C094AA0-F6C1-11DC-A70F-0016353B0686" contenttype="image/pjpeg"/>
  <template href="/xml/configs/5C097138-F6C1-11DC-A70F-0016353B0686" contenttype=""/>
  <category href="http://xml.chumby.com/xapis/catalog/index/AC50ADA4-4088-11DC-B053-0030485A78AA" name="Animation" id="AC50ADA4-4088-11DC-B053-0030485A78AA"/>
  <movie href="http://s3movies.chumby.com/cdn/xmlmovie/5C086DE2-F6C1-11DC-A70F-0016353B0686" contenttype="application/x-shockwave-flash"/>
  <swfs>
    <swf width="550" microphone="false" kb="false" camera="false" as_version="2" accelerometer="false" previewable="true" content-type="application/x-shockwave-flash" href="http://s3movies.chumby.com/cdn/xmlmovie/5C086DE2-F6C1-11DC-A70F-0016353B0686" fixed_ar="true" swf_version="5" height="400" bgcolor="000099" supports_browser="false" pointing="false" resolution="" scalable="false" requires_sound="false"/>
  </swfs>
</widget>
