<?xml version="1.0" encoding="UTF-8"?>
<widget href="/xapis/catalog/widget/70274164-3A19-11DC-B9F8-00146C833363" id="70274164-3A19-11DC-B9F8-00146C833363">
  <name>Cuckoo Clock</name>
  <description>Every 15 minutes, you get visitation from the cuckoo bird.. (or just tap the door on the screen..)
Clock defaults to 999 seconds..
(update - clock should be fixed now..)
</description>
  <version>2.0</version>
  <play mode="timeout" time="60"/>
  <user type="community" id="9B21F6A4-A1B5-11DB-A48B-00161771249B" username="cartoonmonkey"/>
  <security sendable="true" deletable="true" previewable="true" overlay="true" access="public" virtualable="true" approval="approved"/>
  <rating count="137" value="3.9635"/>
  <thumbnail href="http://s3movies.chumby.com/cdn/xmlthumbnail/FD291A3C-3AC4-11DC-B9F8-00146C833363" contenttype="image/jpeg"/>
  <template href="/xml/configs/70274164-3A19-11DC-B9F8-00146C833363" contenttype=""/>
  <category href="http://xml.chumby.com/xapis/catalog/index/EF508B70-2F35-11DB-8753-001372292121" name="Clocks" id="EF508B70-2F35-11DB-8753-001372292121"/>
  <movie href="http://s3movies.chumby.com/cdn/xmlmovie/FD1D40F4-3AC4-11DC-B9F8-00146C833363" contenttype="application/x-shockwave-flash"/>
  <swfs>
    <swf width="320" microphone="false" kb="false" camera="false" as_version="2" accelerometer="false" previewable="true" content-type="application/x-shockwave-flash" href="http://s3movies.chumby.com/cdn/xmlmovie/FD1D40F4-3AC4-11DC-B9F8-00146C833363" fixed_ar="true" swf_version="6" height="240" bgcolor="ffffff" supports_browser="false" pointing="false" resolution="" scalable="false" requires_sound="false"/>
  </swfs>
</widget>
