<?xml version="1.0" encoding="UTF-8"?>
<widget href="/xapis/catalog/widget/1BC94212-25E0-11DD-AE14-0030488D0168" id="1BC94212-25E0-11DD-AE14-0030488D0168">
  <name>Village Voice</name>
  <description>Keep up on the latest from the premier expert on New York's cultural scene.</description>
  <version>3.0.1</version>
  <play mode="timeout" time="30"/>
  <user type="chumby" id="00000000-0000-0000-0000-000000000001" username="chumby"/>
  <security sendable="true" previewable="true" access="public" approval="approved" virtualable="true" deletable="true" overlay="true"/>
  <rating count="7" value="3.7143"/>
  <thumbnail href="http://s3movies.chumby.com/cdn/xmlthumbnail/0C54D4DE-062D-11DF-8AF2-001B24E044BE" contenttype="image/jpeg"/>
  <template href="http://s3movies.chumby.com/cdn/xmltemplate/0CDABCE8-062D-11DF-8AF2-001B24E044BE" contenttype="text/xml"/>
  <category href="http://xml.chumby.com/xapis/catalog/index/57767624-0D88-11DD-9BCD-0030488D0168" name="Community" id="57767624-0D88-11DD-9BCD-0030488D0168"/>
  <movie href="http://s3movies.chumby.com/cdn/xmlmovie/0D80147C-062D-11DF-8AF2-001B24E044BE" contenttype="application/x-shockwave-flash"/>
  <swfs>
    <swf width="320" microphone="false" kb="false" camera="false" as_version="2" accelerometer="false" previewable="true" content-type="application/x-shockwave-flash" href="http://s3movies.chumby.com/cdn/xmlmovie/0D80147C-062D-11DF-8AF2-001B24E044BE" fixed_ar="true" swf_version="8" height="240" bgcolor="ffffff" supports_browser="false" pointing="false" resolution="" scalable="false" requires_sound="false"/>
  </swfs>
</widget>
