<?xml version="1.0" encoding="UTF-8"?>
<widget href="/xapis/catalog/widget/C0198AD0-CEE3-11DF-A404-0021288E720C" id="C0198AD0-CEE3-11DF-A404-0021288E720C">
  <name>Planets Clock</name>
  <description>Planet inspired clock - will add some more effects when I have time.</description>
  <version>1.1</version>
  <play mode="timeout" time="60"/>
  <user type="community" id="5E0CADF8-6485-11DB-ADAE-00161771249B" username="Gindala"/>
  <security sendable="true" deletable="true" previewable="true" overlay="true" access="public" virtualable="true" approval="approved"/>
  <rating count="9" value="3.2222"/>
  <thumbnail href="http://s3movies.chumby.com/cdn/xmlthumbnail/C019407A-CEE3-11DF-A404-0021288E720C" contenttype="image/jpeg"/>
  <template href="/xml/configs/C0198AD0-CEE3-11DF-A404-0021288E720C" contenttype=""/>
  <category href="http://xml.chumby.com/xapis/catalog/index/EF508B70-2F35-11DB-8753-001372292121" name="Clocks" id="EF508B70-2F35-11DB-8753-001372292121"/>
  <movie href="http://s3movies.chumby.com/cdn/xmlmovie/C01B7B24-CEE3-11DF-A404-0021288E720C" contenttype="application/x-shockwave-flash"/>
  <swfs>
    <swf width="320" microphone="false" kb="false" camera="false" as_version="2" accelerometer="false" previewable="true" content-type="application/x-shockwave-flash" href="http://s3movies.chumby.com/cdn/xmlmovie/C01B7B24-CEE3-11DF-A404-0021288E720C" fixed_ar="false" swf_version="7" height="240" bgcolor="000000" supports_browser="false" pointing="false" resolution="320x240" scalable="false" requires_sound="false"/>
  </swfs>
</widget>
