<?xml version="1.0" encoding="UTF-8"?>
<widget href="/xapis/catalog/widget/C3E03BC0-4B54-11DC-A80B-0030485A78AA" id="C3E03BC0-4B54-11DC-A80B-0030485A78AA">
  <name>Kaplan SAT Grammar</name>
  <description>Kaplan SAT grammar practice.</description>
  <version>1.2</version>
  <play mode="timeout" time="20"/>
  <user type="chumby" id="00000000-0000-0000-0000-000000000001" username="chumby"/>
  <security sendable="true" approval="approved" previewable="true" deletable="true" access="public" virtualable="true" overlay="true"/>
  <rating count="26" value="3.3077"/>
  <thumbnail href="http://s3movies.chumby.com/cdn/xmlthumbnail/A9C80538-369E-11DE-BFD6-001B24E044BE" contenttype="image/jpeg"/>
  <template href="http://s3movies.chumby.com/cdn/xmltemplate/AA5701F2-369E-11DE-BFD6-001B24E044BE" contenttype="text/xml"/>
  <category href="http://xml.chumby.com/xapis/catalog/index/E130976A-09A5-11DC-8592-0030488E34F8" name="Educational" id="E130976A-09A5-11DC-8592-0030488E34F8"/>
  <movie href="http://s3movies.chumby.com/cdn/xmlmovie/AACE6D1E-369E-11DE-BFD6-001B24E044BE" contenttype="application/x-shockwave-flash"/>
  <swfs>
    <swf width="320" microphone="false" kb="false" camera="false" as_version="2" accelerometer="false" previewable="true" content-type="application/x-shockwave-flash" href="http://s3movies.chumby.com/cdn/xmlmovie/AACE6D1E-369E-11DE-BFD6-001B24E044BE" fixed_ar="false" swf_version="7" height="240" bgcolor="ffffff" supports_browser="false" pointing="false" resolution="" scalable="false" requires_sound="false"/>
  </swfs>
</widget>
