<?xml version="1.0" encoding="UTF-8"?>
<widget href="/xapis/catalog/widget/246F9372-2E91-11DC-82C1-0030488CBE0D" id="246F9372-2E91-11DC-82C1-0030488CBE0D">
  <name>Simple Clock</name>
  <description>Simple clock sample</description>
  <version>1.0</version>
  <play mode="timeout" time="15"/>
  <user type="community" id="69832CA8-B86C-11DB-91E2-00161771249B" username="fabriciomanzi"/>
  <security sendable="true" deletable="true" previewable="true" overlay="true" access="public" virtualable="true" approval="approved"/>
  <rating count="18" value="3.0"/>
  <thumbnail href="http://s3movies.chumby.com/cdn/xmlthumbnail/246F667C-2E91-11DC-82C1-0030488CBE0D" contenttype="image/pjpeg"/>
  <template href="/xml/configs/246F9372-2E91-11DC-82C1-0030488CBE0D" contenttype=""/>
  <category href="http://xml.chumby.com/xapis/catalog/index/EF508B70-2F35-11DB-8753-001372292121" name="Clocks" id="EF508B70-2F35-11DB-8753-001372292121"/>
  <movie href="http://s3movies.chumby.com/cdn/xmlmovie/9EA51F8C-2F08-11DC-B845-0030488E34CA" contenttype="application/x-shockwave-flash"/>
  <swfs>
    <swf width="320" microphone="false" kb="false" camera="false" as_version="2" accelerometer="false" previewable="true" content-type="application/x-shockwave-flash" href="http://s3movies.chumby.com/cdn/xmlmovie/9EA51F8C-2F08-11DC-B845-0030488E34CA" fixed_ar="true" swf_version="6" height="240" bgcolor="ffffff" supports_browser="false" pointing="false" resolution="" scalable="false" requires_sound="false"/>
  </swfs>
</widget>
