<?xml version="1.0" encoding="UTF-8"?>
<widget href="/xapis/catalog/widget/B57A8F4A-ED5C-11DC-ACF9-0016353BC7CC" id="B57A8F4A-ED5C-11DC-ACF9-0016353BC7CC">
  <name>California EDIS Alerts</name>
  <description>Emergency bulletins for California using the Common Alerting Protocol.  Data from the Governor's Office of Emergency Services. (New version allows touch to view message details.)</description>
  <version>1.1b</version>
  <play mode="timeout" time="20"/>
  <user type="community" id="70E5572A-E7CB-11DC-8AF7-001635C47868" username="abotterell"/>
  <security sendable="true" approval="approved" previewable="true" deletable="true" access="public" virtualable="true" overlay="true"/>
  <rating count="5" value="3.8"/>
  <thumbnail href="http://s3movies.chumby.com/cdn/xmlthumbnail/A0FCED36-ED5E-11DC-BFF1-00156009DD9B" contenttype="image/jpeg"/>
  <template href="/xml/configs/B57A8F4A-ED5C-11DC-ACF9-0016353BC7CC" contenttype=""/>
  <category href="http://xml.chumby.com/xapis/catalog/index/57767624-0D88-11DD-9BCD-0030488D0168" name="Community" id="57767624-0D88-11DD-9BCD-0030488D0168"/>
  <movie href="http://s3movies.chumby.com/cdn/xmlmovie/B03D89FE-FDF8-11DC-A3D2-001635C47868" contenttype="application/x-shockwave-flash"/>
  <swfs>
    <swf width="320" microphone="false" kb="false" camera="false" as_version="2" accelerometer="false" previewable="true" content-type="application/x-shockwave-flash" href="http://s3movies.chumby.com/cdn/xmlmovie/B03D89FE-FDF8-11DC-A3D2-001635C47868" fixed_ar="true" swf_version="6" height="240" bgcolor="d0d0d0" supports_browser="false" pointing="false" resolution="" scalable="false" requires_sound="false"/>
  </swfs>
</widget>
