<?xml version="1.0" encoding="UTF-8"?>
<widget href="/xapis/catalog/widget/0A999F18-F076-11DC-A3D2-001635C47868" id="0A999F18-F076-11DC-A3D2-001635C47868">
  <name>Atomic Atoms</name>
  <description>What powers your Chumby?</description>
  <version>1.0</version>
  <play mode="timeout" time="15"/>
  <user type="community" id="906EB7B6-30E3-11DC-83E9-0030488E34F8" username="myridom"/>
  <security sendable="true" overlay="true" previewable="true" access="public" virtualable="true" approval="approved" deletable="true"/>
  <rating count="79" value="3.8734"/>
  <thumbnail href="http://s3movies.chumby.com/cdn/xmlthumbnail/0A997AA6-F076-11DC-A3D2-001635C47868" contenttype="image/pjpeg"/>
  <template href="/xml/configs/0A999F18-F076-11DC-A3D2-001635C47868" contenttype=""/>
  <category href="http://xml.chumby.com/xapis/catalog/index/AC50ADA4-4088-11DC-B053-0030485A78AA" name="Animation" id="AC50ADA4-4088-11DC-B053-0030485A78AA"/>
  <movie href="http://s3movies.chumby.com/cdn/xmlmovie/0A954184-F076-11DC-A3D2-001635C47868" contenttype="application/x-shockwave-flash"/>
  <swfs>
    <swf width="320" microphone="false" kb="false" camera="false" as_version="2" accelerometer="false" previewable="true" content-type="application/x-shockwave-flash" href="http://s3movies.chumby.com/cdn/xmlmovie/0A954184-F076-11DC-A3D2-001635C47868" fixed_ar="false" swf_version="6" height="240" bgcolor="000000" supports_browser="false" pointing="false" resolution="" scalable="false" requires_sound="false"/>
  </swfs>
</widget>
