<?xml version="1.0" encoding="UTF-8"?>
<widget href="/xapis/catalog/widget/3D60DCE4-0515-11DF-B502-001E681DFAC2" id="3D60DCE4-0515-11DF-B502-001E681DFAC2">
  <name>Chinese Trainer</name>
  <description>Just made this public so people can see and help me how to make it work. 

Here is my question: http://forum.chumby.com/viewtopic.php?id=4682 help me to develop a good working vocabulary trainer! Thanks ;-)</description>
  <version>0.2</version>
  <play mode="timeout" time="15"/>
  <user type="community" id="05A0C1F4-F8BB-11DE-9780-001E681DFAC2" username="Malaoshi"/>
  <security sendable="true" approval="approved" previewable="true" access="public" deletable="true" virtualable="true" overlay="true"/>
  <rating count="7" value="2.8571"/>
  <thumbnail href="http://s3movies.chumby.com/cdn/xmlthumbnail/912F2D20-1A51-11DF-8AA8-001E681DFAC2" contenttype="image/jpeg"/>
  <template href="/xml/configs/3D60DCE4-0515-11DF-B502-001E681DFAC2" contenttype=""/>
  <category href="http://xml.chumby.com/xapis/catalog/index/E130976A-09A5-11DC-8592-0030488E34F8" name="Educational" id="E130976A-09A5-11DC-8592-0030488E34F8"/>
  <movie href="http://s3movies.chumby.com/cdn/xmlmovie/3D615890-0515-11DF-B502-001E681DFAC2" contenttype="application/x-shockwave-flash"/>
  <swfs>
    <swf width="320" microphone="false" kb="false" camera="false" as_version="2" accelerometer="false" previewable="true" content-type="application/x-shockwave-flash" href="http://s3movies.chumby.com/cdn/xmlmovie/3D615890-0515-11DF-B502-001E681DFAC2" fixed_ar="true" swf_version="7" height="240" bgcolor="ff0000" supports_browser="false" pointing="false" resolution="" scalable="false" requires_sound="false"/>
  </swfs>
</widget>
