<?xml version="1.0" encoding="UTF-8"?>
<widget href="/xapis/catalog/widget/DF47FAC8-3C21-11DE-B1DA-001E681DF646" id="DF47FAC8-3C21-11DE-B1DA-001E681DF646">
  <name>BigOven - Egg Timer</name>
  <description>This egg timer serves as a great cooking companion.</description>
  <version>1.0</version>
  <play mode="cooperative" time="30"/>
  <user type="chumby" id="00000000-0000-0000-0000-000000000001" username="chumby"/>
  <security sendable="true" overlay="true" previewable="true" access="public" virtualable="true" approval="approved" deletable="true"/>
  <rating count="29" value="4.2759"/>
  <thumbnail href="http://s3movies.chumby.com/cdn/xmlthumbnail/DF47C152-3C21-11DE-B1DA-001E681DF646" contenttype="image/jpeg"/>
  <template href="/xml/configs/DF47FAC8-3C21-11DE-B1DA-001E681DF646" contenttype=""/>
  <category href="http://xml.chumby.com/xapis/catalog/index/175E3A6A-5D3D-11DB-A0DD-0030485A78AA" name="Entertainment" id="175E3A6A-5D3D-11DB-A0DD-0030485A78AA"/>
  <movie href="http://s3movies.chumby.com/cdn/xmlmovie/DF482C8C-3C21-11DE-B1DA-001E681DF646" contenttype="application/x-shockwave-flash"/>
  <swfs>
    <swf width="320" microphone="false" kb="false" camera="false" as_version="2" accelerometer="false" previewable="true" content-type="application/x-shockwave-flash" href="http://s3movies.chumby.com/cdn/xmlmovie/DF482C8C-3C21-11DE-B1DA-001E681DF646" fixed_ar="true" swf_version="8" height="240" bgcolor="ffffff" supports_browser="false" pointing="false" resolution="" scalable="false" requires_sound="false"/>
  </swfs>
</widget>
