<?xml version="1.0" encoding="UTF-8"?>
<widget href="/xapis/catalog/widget/A094934E-169E-11DD-9457-0030488E34F8" id="A094934E-169E-11DD-9457-0030488E34F8">
  <name>Chalkboard Clock</name>
  <description>A digital clock with a place to leave messages, draw pictures or just doodle. Pin it, or place it in it's own channel to have your message stay on.</description>
  <version>1.0</version>
  <play mode="timeout" time="15"/>
  <user type="community" id="832FF9A6-FC18-11DC-AEDD-00156009DD9B" username="quizengine"/>
  <security sendable="true" previewable="true" access="public" approval="approved" virtualable="true" deletable="true" overlay="true"/>
  <rating count="65" value="3.7538"/>
  <thumbnail href="http://s3movies.chumby.com/cdn/xmlthumbnail/F38CCE38-16B0-11DD-9099-0030485B75AA" contenttype="image/pjpeg"/>
  <template href="/xml/configs/A094934E-169E-11DD-9457-0030488E34F8" contenttype=""/>
  <category href="http://xml.chumby.com/xapis/catalog/index/EF508B70-2F35-11DB-8753-001372292121" name="Clocks" id="EF508B70-2F35-11DB-8753-001372292121"/>
  <movie href="http://s3movies.chumby.com/cdn/xmlmovie/F36DDE10-16B0-11DD-9099-0030485B75AA" contenttype="application/x-shockwave-flash"/>
  <swfs>
    <swf width="320" microphone="false" kb="false" camera="false" as_version="2" accelerometer="false" previewable="true" content-type="application/x-shockwave-flash" href="http://s3movies.chumby.com/cdn/xmlmovie/F36DDE10-16B0-11DD-9099-0030485B75AA" fixed_ar="true" swf_version="8" height="240" bgcolor="efefef" supports_browser="false" pointing="false" resolution="" scalable="false" requires_sound="false"/>
  </swfs>
</widget>
