<?xml version="1.0" encoding="UTF-8"?>
<widget href="/xapis/catalog/widget/B81F6264-F320-11DD-9FD8-001B24F07EF4" id="B81F6264-F320-11DD-9FD8-001B24F07EF4">
  <name>Pinpon</name>
  <description>This is "Door Buzzer".</description>
  <version>1.0</version>
  <play mode="timeout" time="20"/>
  <user type="community" id="0AEFE6C8-B17A-11DD-8B60-001E681DF646" username="okitat"/>
  <security sendable="true" approval="approved" previewable="true" deletable="true" access="public" virtualable="true" overlay="true"/>
  <rating count="27" value="3.8519"/>
  <thumbnail href="http://s3movies.chumby.com/cdn/xmlthumbnail/B81F50B2-F320-11DD-9FD8-001B24F07EF4" contenttype="image/jpeg"/>
  <template href="/xml/configs/B81F6264-F320-11DD-9FD8-001B24F07EF4" contenttype=""/>
  <category href="http://xml.chumby.com/xapis/catalog/index/175E3A6A-5D3D-11DB-A0DD-0030485A78AA" name="Entertainment" id="175E3A6A-5D3D-11DB-A0DD-0030485A78AA"/>
  <movie href="http://s3movies.chumby.com/cdn/xmlmovie/B81EBB5C-F320-11DD-9FD8-001B24F07EF4" contenttype="application/x-shockwave-flash"/>
  <swfs>
    <swf width="320" microphone="false" kb="false" camera="false" as_version="2" accelerometer="false" previewable="true" content-type="application/x-shockwave-flash" href="http://s3movies.chumby.com/cdn/xmlmovie/B81EBB5C-F320-11DD-9FD8-001B24F07EF4" fixed_ar="true" swf_version="8" height="240" bgcolor="ffffff" supports_browser="false" pointing="false" resolution="" scalable="false" requires_sound="false"/>
  </swfs>
</widget>
