<?xml version="1.0" encoding="UTF-8"?>
<widget href="/xapis/catalog/widget/0E723BE0-2299-11DD-A2CA-0030488E34CA" id="0E723BE0-2299-11DD-A2CA-0030488E34CA">
  <name>How are you feeling?</name>
  <description>Tell us how you are feeling today, and see how all the other chumbians are feeling</description>
  <version>1.1</version>
  <play mode="timeout" time="15"/>
  <user type="community" id="5BCB4B68-F678-11DC-A3D2-001635C47868" username="EverybodyPanic"/>
  <security sendable="true" previewable="false" approval="approved" access="public" deletable="true" virtualable="false" overlay="true"/>
  <rating count="50" value="3.84"/>
  <thumbnail href="http://s3movies.chumby.com/cdn/xmlthumbnail/61AEE8BA-22BE-11DD-8C32-0030485B7900" contenttype="image/jpeg"/>
  <template href="/xml/configs/0E723BE0-2299-11DD-A2CA-0030488E34CA" contenttype=""/>
  <category href="http://xml.chumby.com/xapis/catalog/index/57767624-0D88-11DD-9BCD-0030488D0168" name="Community" id="57767624-0D88-11DD-9BCD-0030488D0168"/>
  <movie href="http://s3movies.chumby.com/cdn/xmlmovie/3905C7EC-22C0-11DD-93F4-0030485B75AA" contenttype="application/x-shockwave-flash"/>
  <swfs>
    <swf width="320" microphone="false" kb="false" camera="false" as_version="2" accelerometer="false" previewable="false" content-type="application/x-shockwave-flash" href="http://s3movies.chumby.com/cdn/xmlmovie/3905C7EC-22C0-11DD-93F4-0030485B75AA" fixed_ar="true" swf_version="8" height="240" bgcolor="ffffff" supports_browser="false" pointing="false" resolution="" scalable="false" requires_sound="false"/>
  </swfs>
</widget>
