<?xml version="1.0" encoding="UTF-8"?>
<widget href="/xapis/catalog/widget/A3B84F5E-AD0F-11DD-908F-001E681DFAC2" id="A3B84F5E-AD0F-11DD-908F-001E681DFAC2">
  <name>Big Flip Clock</name>
  <description>A variation on my previous flip clocks with larger and clearer panels. Get free clocks for your own website at www.adamdorman.com.</description>
  <version>1.0</version>
  <play mode="timeout" time="60"/>
  <user type="community" id="E790164A-5200-11DD-BAC5-001E681DFAC2" username="adorman"/>
  <security sendable="true" deletable="true" previewable="true" overlay="true" access="public" virtualable="true" approval="approved"/>
  <rating count="153" value="4.4444"/>
  <thumbnail href="http://s3movies.chumby.com/cdn/xmlthumbnail/A4DF6618-5F7C-11DE-839B-001E681DF646" contenttype="image/jpeg"/>
  <template href="/xml/configs/A3B84F5E-AD0F-11DD-908F-001E681DFAC2" contenttype=""/>
  <category href="http://xml.chumby.com/xapis/catalog/index/EF508B70-2F35-11DB-8753-001372292121" name="Clocks" id="EF508B70-2F35-11DB-8753-001372292121"/>
  <movie href="http://s3movies.chumby.com/cdn/xmlmovie/85419B74-B1CA-11DD-8266-001E681DF646" contenttype="application/x-shockwave-flash"/>
  <swfs>
    <swf width="320" microphone="false" kb="false" camera="false" as_version="2" accelerometer="false" previewable="true" content-type="application/x-shockwave-flash" href="http://s3movies.chumby.com/cdn/xmlmovie/85419B74-B1CA-11DD-8266-001E681DF646" fixed_ar="false" swf_version="8" height="130" bgcolor="000000" supports_browser="false" pointing="false" resolution="" scalable="false" requires_sound="false"/>
  </swfs>
</widget>
