<?xml version="1.0" encoding="UTF-8"?>
<widget href="/xapis/catalog/widget/1F9505C6-E66F-11DC-B564-0016353B0686" id="1F9505C6-E66F-11DC-B564-0016353B0686">
  <name>Color Bar Clock</name>
  <description>Testing 1..2..3..</description>
  <version>1.1</version>
  <play mode="timeout" time="30"/>
  <user type="community" id="403C9692-DDE4-11DC-85BC-0016353BC7CC" username="davidharpe"/>
  <security approval="approved" sendable="true" deletable="true" previewable="true" access="public" overlay="true" virtualable="true"/>
  <rating count="20" value="3.95"/>
  <thumbnail href="http://s3movies.chumby.com/cdn/xmlthumbnail/1F94E096-E66F-11DC-B564-0016353B0686" contenttype="image/jpeg"/>
  <template href="/xml/configs/1F9505C6-E66F-11DC-B564-0016353B0686" contenttype=""/>
  <category href="http://xml.chumby.com/xapis/catalog/index/EF508B70-2F35-11DB-8753-001372292121" name="Clocks" id="EF508B70-2F35-11DB-8753-001372292121"/>
  <movie href="http://s3movies.chumby.com/cdn/xmlmovie/1F938CDC-E66F-11DC-B564-0016353B0686" contenttype="application/x-shockwave-flash"/>
  <swfs>
    <swf width="320" microphone="false" kb="false" camera="false" as_version="2" accelerometer="false" previewable="true" content-type="application/x-shockwave-flash" href="http://s3movies.chumby.com/cdn/xmlmovie/1F938CDC-E66F-11DC-B564-0016353B0686" fixed_ar="true" swf_version="8" height="240" bgcolor="000000" supports_browser="false" pointing="false" resolution="" scalable="false" requires_sound="false"/>
  </swfs>
</widget>
