<?xml version="1.0" encoding="UTF-8"?>
<widget href="/xapis/catalog/widget/6A219276-32F5-11DD-8FD4-001E681DF646" id="6A219276-32F5-11DD-8FD4-001E681DF646">
  <name>live.pirillo.com clock</name>
  <description>A Clock with 26 auto changing backgrounds from Chris and the dogs Wicket &amp; Pixie.

Backgrounds will be changed form time to time.

V. 1.9
Edit banner text to gonomedex.com and replaced some pictures.</description>
  <version>1.9.2</version>
  <play mode="timeout" time="60"/>
  <user type="community" id="5D2FA234-EFD3-11DC-A3D2-001635C47868" username="rvanherp"/>
  <security sendable="true" overlay="true" previewable="false" access="public" virtualable="false" approval="approved" deletable="true"/>
  <rating count="11" value="2.4545"/>
  <thumbnail href="http://s3movies.chumby.com/cdn/xmlthumbnail/D34D1AE4-D021-11DD-8BA0-001B24F07EF4" contenttype="image/jpeg"/>
  <template href="/xml/configs/6A219276-32F5-11DD-8FD4-001E681DF646" contenttype=""/>
  <category href="http://xml.chumby.com/xapis/catalog/index/EF508B70-2F35-11DB-8753-001372292121" name="Clocks" id="EF508B70-2F35-11DB-8753-001372292121"/>
  <movie href="http://s3movies.chumby.com/cdn/xmlmovie/56BE5124-5BDB-11DD-B87B-001E681DFAC2" contenttype="application/x-shockwave-flash"/>
  <swfs>
    <swf width="320" microphone="false" kb="false" camera="false" as_version="2" accelerometer="false" previewable="false" content-type="application/x-shockwave-flash" href="http://s3movies.chumby.com/cdn/xmlmovie/56BE5124-5BDB-11DD-B87B-001E681DFAC2" fixed_ar="true" swf_version="6" height="240" bgcolor="ffffff" supports_browser="false" pointing="false" resolution="" scalable="false" requires_sound="false"/>
  </swfs>
</widget>
