<?xml version="1.0" encoding="UTF-8"?>
<widget href="/xapis/catalog/widget/FD8E28A2-8CC9-11DD-84A1-001E681DFAC2" id="FD8E28A2-8CC9-11DD-84A1-001E681DFAC2">
  <name>All In One Clock</name>
  <description>The swiss knife of clocks. This widget is more then just a clock. It also includes a timer, a countdown timer, a set of dices, a calculator and a Tic Tac Toe game. My next step is campaigning to make this one the built-in clock...</description>
  <version>1.0</version>
  <play mode="timeout" time="30"/>
  <user type="community" id="87E213CC-0009-11DD-A70F-0016353B0686" username="Yuzzy"/>
  <security sendable="true" previewable="true" approval="approved" access="public" deletable="true" virtualable="true" overlay="true"/>
  <rating count="487" value="4.5462"/>
  <thumbnail href="http://s3movies.chumby.com/cdn/xmlthumbnail/35049584-EED4-11DD-93FA-001E681DFAC2" contenttype="image/jpeg"/>
  <template href="/xml/configs/FD8E28A2-8CC9-11DD-84A1-001E681DFAC2" contenttype=""/>
  <category href="http://xml.chumby.com/xapis/catalog/index/EF508B70-2F35-11DB-8753-001372292121" name="Clocks" id="EF508B70-2F35-11DB-8753-001372292121"/>
  <movie href="http://s3movies.chumby.com/cdn/xmlmovie/3501D272-EED4-11DD-93FA-001E681DFAC2" contenttype="application/x-shockwave-flash"/>
  <swfs>
    <swf width="320" microphone="false" kb="false" camera="false" as_version="2" accelerometer="false" previewable="true" content-type="application/x-shockwave-flash" href="http://s3movies.chumby.com/cdn/xmlmovie/3501D272-EED4-11DD-93FA-001E681DFAC2" fixed_ar="false" swf_version="4" height="240" bgcolor="9db9e6" supports_browser="false" pointing="false" resolution="" scalable="false" requires_sound="false"/>
  </swfs>
</widget>
