<?xml version="1.0" encoding="UTF-8"?>
<widget href="/xapis/catalog/widget/C31E2880-E25A-11DC-975A-0016353B0686" id="C31E2880-E25A-11DC-975A-0016353B0686">
  <name>Morphclock</name>
  <description>24 hour clock</description>
  <version>0.5</version>
  <play mode="timeout" time="60"/>
  <user type="community" id="3975206E-C164-11DC-AA5C-0016353B0686" username="ReflexNPG"/>
  <security sendable="true" previewable="true" approval="approved" access="public" deletable="true" virtualable="true" overlay="true"/>
  <rating count="56" value="3.8929"/>
  <thumbnail href="http://s3movies.chumby.com/cdn/xmlthumbnail/C31E0454-E25A-11DC-975A-0016353B0686" contenttype="image/jpeg"/>
  <template href="/xml/configs/C31E2880-E25A-11DC-975A-0016353B0686" contenttype=""/>
  <category href="http://xml.chumby.com/xapis/catalog/index/EF508B70-2F35-11DB-8753-001372292121" name="Clocks" id="EF508B70-2F35-11DB-8753-001372292121"/>
  <movie href="http://s3movies.chumby.com/cdn/xmlmovie/1BF4CCD6-E57E-11DC-BA56-001635C47868" contenttype="application/x-shockwave-flash"/>
  <swfs>
    <swf width="320" microphone="false" kb="false" camera="false" as_version="2" accelerometer="false" previewable="true" content-type="application/x-shockwave-flash" href="http://s3movies.chumby.com/cdn/xmlmovie/1BF4CCD6-E57E-11DC-BA56-001635C47868" fixed_ar="false" swf_version="8" height="240" bgcolor="000000" supports_browser="false" pointing="false" resolution="" scalable="false" requires_sound="false"/>
  </swfs>
</widget>
