<?xml version="1.0" encoding="UTF-8"?>
<widget href="/xapis/catalog/widget/A481E148-6F82-11DF-AB47-001B24F07D28" id="A481E148-6F82-11DF-AB47-001B24F07D28">
  <name>Renewable Energy Vehicle REV</name>
  <description>The Renewable Energy Vehicle Project http://theREVproject.com at the University of Western Australia http://www.uwa.edu.au is doing research on electric road vehicles. This widget shows REV technical data, photos and videos.</description>
  <version>1.1</version>
  <play mode="timeout" time="15"/>
  <user type="community" id="6D5BCE46-09AB-11DF-8800-001E681DFAC2" username="braunl"/>
  <security sendable="true" approval="approved" previewable="true" deletable="true" access="public" virtualable="true" overlay="true"/>
  <rating count="1" value="0.0"/>
  <thumbnail href="http://s3movies.chumby.com/cdn/xmlthumbnail/A48197CE-6F82-11DF-AB47-001B24F07D28" contenttype="image/jpeg"/>
  <template href="/xml/configs/A481E148-6F82-11DF-AB47-001B24F07D28" contenttype=""/>
  <category href="http://xml.chumby.com/xapis/catalog/index/E130976A-09A5-11DC-8592-0030488E34F8" name="Educational" id="E130976A-09A5-11DC-8592-0030488E34F8"/>
  <movie href="http://s3movies.chumby.com/cdn/xmlmovie/A4839DBC-6F82-11DF-AB47-001B24F07D28" contenttype="application/x-shockwave-flash"/>
  <swfs>
    <swf width="320" microphone="false" kb="false" camera="false" as_version="2" accelerometer="false" previewable="true" content-type="application/x-shockwave-flash" href="http://s3movies.chumby.com/cdn/xmlmovie/A4839DBC-6F82-11DF-AB47-001B24F07D28" fixed_ar="true" swf_version="8" height="240" bgcolor="ffffff" supports_browser="false" pointing="false" resolution="320x240" scalable="false" requires_sound="false"/>
  </swfs>
</widget>
