<?xml version="1.0" encoding="UTF-8"?>
<widget href="/xapis/catalog/widget/E8F668A2-F479-11DC-ACF9-0016353BC7CC" id="E8F668A2-F479-11DC-ACF9-0016353BC7CC">
  <name>DotClock</name>
  <description>Tell time with dots. 
&lt;br&gt;
Rev 1.4 (3/18) Fixed problem with red dots in AM.&lt;br&gt;
Rev 1.2 (3/17) Fixed problem with off-by-one error on orange dots. Speed improvements.

</description>
  <version>1.4</version>
  <play mode="timeout" time="60"/>
  <user type="community" id="E9DED094-CA9C-11DC-9287-001635C47868" username="jorge"/>
  <security sendable="true" deletable="true" previewable="true" overlay="true" access="public" virtualable="true" approval="approved"/>
  <rating count="24" value="3.625"/>
  <thumbnail href="http://s3movies.chumby.com/cdn/xmlthumbnail/E8F64336-F479-11DC-ACF9-0016353BC7CC" contenttype="image/jpeg"/>
  <template href="/xml/configs/E8F668A2-F479-11DC-ACF9-0016353BC7CC" contenttype=""/>
  <category href="http://xml.chumby.com/xapis/catalog/index/EF508B70-2F35-11DB-8753-001372292121" name="Clocks" id="EF508B70-2F35-11DB-8753-001372292121"/>
  <movie href="http://s3movies.chumby.com/cdn/xmlmovie/501DC3B6-F512-11DC-A34F-001635C47868" contenttype="application/x-shockwave-flash"/>
  <swfs>
    <swf width="320" microphone="false" kb="false" camera="false" as_version="2" accelerometer="false" previewable="true" content-type="application/x-shockwave-flash" href="http://s3movies.chumby.com/cdn/xmlmovie/501DC3B6-F512-11DC-A34F-001635C47868" fixed_ar="true" swf_version="8" height="240" bgcolor="000000" supports_browser="false" pointing="false" resolution="" scalable="false" requires_sound="false"/>
  </swfs>
</widget>
