<?xml version="1.0" encoding="UTF-8"?>
<widget href="/xapis/catalog/widget/349B4CFE-28D1-11DF-A22F-001E681DFAC2" id="349B4CFE-28D1-11DF-A22F-001E681DFAC2">
  <name>Rag Doll Clock</name>
  <description>This poor stick figure is just trying to enjoy a beautiful day.  But, he keeps getting tossed around and blown up by bombs!  But, go ahead and drag him around or tip him over.  He will always forgive you!</description>
  <version>1.0</version>
  <play mode="timeout" time="15"/>
  <user type="community" id="91A06A76-6057-11DE-B705-001B24F07EF4" username="mpiecuch"/>
  <security sendable="true" deletable="true" previewable="true" overlay="true" access="public" virtualable="true" approval="approved"/>
  <rating count="15" value="3.2"/>
  <thumbnail href="http://s3movies.chumby.com/cdn/xmlthumbnail/626E05C0-346D-11DF-93DC-001E681DF646" contenttype="image/jpeg"/>
  <template href="/xml/configs/349B4CFE-28D1-11DF-A22F-001E681DFAC2" contenttype=""/>
  <category href="http://xml.chumby.com/xapis/catalog/index/EF508B70-2F35-11DB-8753-001372292121" name="Clocks" id="EF508B70-2F35-11DB-8753-001372292121"/>
  <movie href="http://s3movies.chumby.com/cdn/xmlmovie/349B9FB0-28D1-11DF-A22F-001E681DFAC2" contenttype="application/x-shockwave-flash"/>
  <swfs>
    <swf width="320" microphone="false" kb="false" camera="false" as_version="2" accelerometer="true" previewable="true" content-type="application/x-shockwave-flash" href="http://s3movies.chumby.com/cdn/xmlmovie/349B9FB0-28D1-11DF-A22F-001E681DFAC2" fixed_ar="true" swf_version="8" height="240" bgcolor="000000" supports_browser="false" pointing="false" resolution="320x240" scalable="false" requires_sound="false"/>
  </swfs>
</widget>
