<?xml version="1.0" encoding="UTF-8"?>
<widget href="/xapis/catalog/widget/8FCCD75E-D68F-11DD-88B9-001E681DF646" id="8FCCD75E-D68F-11DD-88B9-001E681DF646">
  <name>Antique Rotary Clock</name>
  <description>With two apertures for jump hours and running minutes on two dials, this clock is based on a unique antique pocket watch from the 1830s. The original watch is thought to be by Jean F. Bautte &amp; Cie.</description>
  <version>1.0</version>
  <play mode="timeout" time="15"/>
  <user type="community" id="E790164A-5200-11DD-BAC5-001E681DFAC2" username="adorman"/>
  <security sendable="true" previewable="true" access="public" approval="approved" virtualable="true" deletable="true" overlay="true"/>
  <rating count="26" value="3.9615"/>
  <thumbnail href="http://s3movies.chumby.com/cdn/xmlthumbnail/35BF82EE-D73D-11DD-900E-001B24F07EF4" contenttype="image/jpeg"/>
  <template href="/xml/configs/8FCCD75E-D68F-11DD-88B9-001E681DF646" contenttype=""/>
  <category href="http://xml.chumby.com/xapis/catalog/index/EF508B70-2F35-11DB-8753-001372292121" name="Clocks" id="EF508B70-2F35-11DB-8753-001372292121"/>
  <movie href="http://s3movies.chumby.com/cdn/xmlmovie/8AA0B508-D73D-11DD-866B-001E681DFAC2" contenttype="application/x-shockwave-flash"/>
  <swfs>
    <swf width="320" microphone="false" kb="false" camera="false" as_version="2" accelerometer="false" previewable="true" content-type="application/x-shockwave-flash" href="http://s3movies.chumby.com/cdn/xmlmovie/8AA0B508-D73D-11DD-866B-001E681DFAC2" fixed_ar="true" swf_version="8" height="240" bgcolor="d8d1be" supports_browser="false" pointing="false" resolution="" scalable="false" requires_sound="false"/>
  </swfs>
</widget>
