<?xml version="1.0" encoding="UTF-8"?>
<widget href="/xapis/catalog/widget/0C1F2972-AE83-11DD-95AB-001E681DFAC2" id="0C1F2972-AE83-11DD-95AB-001E681DFAC2">
  <name>Christmas Countdown Lights</name>
  <description>Countdown 'til xmas, complete with C7 Style blinking lights. On at 3pm, off at midnight. </description>
  <version>1.1</version>
  <play mode="timeout" time="40"/>
  <user type="community" id="C16C3788-BC81-11DC-A690-00156009DD9B" username="McConnell"/>
  <security sendable="true" approval="approved" previewable="true" access="public" deletable="true" virtualable="true" overlay="true"/>
  <rating count="62" value="3.9355"/>
  <thumbnail href="http://s3movies.chumby.com/cdn/xmlthumbnail/9774DD10-AF27-11DD-AE82-001E681DF646" contenttype="image/jpeg"/>
  <template href="/xml/configs/0C1F2972-AE83-11DD-95AB-001E681DFAC2" contenttype=""/>
  <category href="http://xml.chumby.com/xapis/catalog/index/5E907BD0-2F36-11DB-AF6D-001372292121" name="Calendars" id="5E907BD0-2F36-11DB-AF6D-001372292121"/>
  <movie href="http://s3movies.chumby.com/cdn/xmlmovie/973210AC-AF27-11DD-AE82-001E681DF646" contenttype="application/x-shockwave-flash"/>
  <swfs>
    <swf width="320" microphone="false" kb="false" camera="false" as_version="2" accelerometer="false" previewable="true" content-type="application/x-shockwave-flash" href="http://s3movies.chumby.com/cdn/xmlmovie/973210AC-AF27-11DD-AE82-001E681DF646" fixed_ar="true" swf_version="8" height="240" bgcolor="000000" supports_browser="false" pointing="false" resolution="" scalable="false" requires_sound="false"/>
  </swfs>
</widget>
