<?xml version="1.0" encoding="UTF-8"?>
<widget href="/xapis/catalog/widget/E8876EBE-290D-11DF-9279-001E681DF646" id="E8876EBE-290D-11DF-9279-001E681DF646">
  <name>Pit-o-chat</name>
  <description>In the configuration widget either enter an existing room (if you know someone who created a room) or create a new one to share with your friends.

If you leave the field empty, you'll stay in the main (public) room.

Commands :
- swipe left : previous message
- swipe right : next message
- swipe up : new message
- swipe down : hide keyboard

I also predefined a few rooms :
- sports
- music
- books</description>
  <version>3.1</version>
  <play mode="timeout" time="60"/>
  <user type="community" id="5A8F6536-F892-11DE-9780-001E681DFAC2" username="pcserba"/>
  <security sendable="true" deletable="true" previewable="true" overlay="true" access="publicplus" virtualable="true" approval="approved"/>
  <rating count="16" value="3.5"/>
  <thumbnail href="http://s3movies.chumby.com/cdn/xmlthumbnail/0D498D58-2C8D-11E0-A778-0021288EBF58" contenttype="image/jpeg"/>
  <template href="http://s3movies.chumby.com/cdn/xmltemplate/D0219AF2-3776-11E0-B384-0021288E6F90" contenttype="application/x-shockwave-flash"/>
  <category href="http://xml.chumby.com/xapis/catalog/index/57767624-0D88-11DD-9BCD-0030488D0168" name="Community" id="57767624-0D88-11DD-9BCD-0030488D0168"/>
  <movie href="http://s3movies.chumby.com/cdn/xmlmovie/E887E448-290D-11DF-9279-001E681DF646" contenttype="application/x-shockwave-flash"/>
  <swfs>
    <swf width="320" microphone="false" kb="false" camera="false" as_version="2" accelerometer="false" previewable="true" content-type="application/x-shockwave-flash" href="http://s3movies.chumby.com/cdn/xmlmovie/E887E448-290D-11DF-9279-001E681DF646" fixed_ar="true" swf_version="7" height="240" bgcolor="000000" supports_browser="false" pointing="false" resolution="" scalable="false" requires_sound="false"/>
  </swfs>
</widget>
