<?xml version="1.0" encoding="UTF-8"?>
<widget href="/xapis/catalog/widget/ED3682B0-4700-11DD-8205-001B24F07EF4" id="ED3682B0-4700-11DD-8205-001B24F07EF4">
  <name>weekclock3</name>
  <description>Analog clock that shows 7 days instead of 12 hours. Click to show/hide the time. I use this to explain the weekdays to my 3 year old. Enjoy!
(Time and weekdays are in German)</description>
  <version>1.2</version>
  <play mode="timeout" time="15"/>
  <user type="community" id="D6811462-7F3D-11DC-ADDE-0030488E34F8" username="ederw"/>
  <security sendable="true" previewable="true" access="public" approval="approved" virtualable="true" deletable="true" overlay="true"/>
  <rating count="4" value="2.5"/>
  <thumbnail href="http://s3movies.chumby.com/cdn/xmlthumbnail/341E12B4-5CAB-11DD-B04C-001E681DF646" contenttype="image/jpeg"/>
  <template href="/xml/configs/ED3682B0-4700-11DD-8205-001B24F07EF4" contenttype=""/>
  <category href="http://xml.chumby.com/xapis/catalog/index/EF508B70-2F35-11DB-8753-001372292121" name="Clocks" id="EF508B70-2F35-11DB-8753-001372292121"/>
  <movie href="http://s3movies.chumby.com/cdn/xmlmovie/341564E8-5CAB-11DD-B04C-001E681DF646" contenttype="application/x-shockwave-flash"/>
  <swfs>
    <swf width="320" microphone="false" kb="false" camera="false" as_version="2" accelerometer="false" previewable="true" content-type="application/x-shockwave-flash" href="http://s3movies.chumby.com/cdn/xmlmovie/341564E8-5CAB-11DD-B04C-001E681DF646" fixed_ar="true" swf_version="8" height="240" bgcolor="000000" supports_browser="false" pointing="false" resolution="" scalable="false" requires_sound="false"/>
  </swfs>
</widget>
