<?xml version="1.0" encoding="UTF-8"?>
<widget href="/xapis/catalog/widget/5DA9E166-B8F0-11DD-ABEB-001E681DFAC2" id="5DA9E166-B8F0-11DD-ABEB-001E681DFAC2">
  <name>Metronome</name>
  <description>Tick the tempo.</description>
  <version>1.0</version>
  <play mode="timeout" time="30"/>
  <user type="community" id="F8F83F52-AD1D-11DD-B619-001E681DF646" username="kshoji"/>
  <security approval="approved" sendable="true" deletable="true" previewable="false" access="public" overlay="true" virtualable="false"/>
  <rating count="15" value="3.1333"/>
  <thumbnail href="http://s3movies.chumby.com/cdn/xmlthumbnail/6ECF5EE0-BDB3-11DD-A5FA-001E681DFAC2" contenttype="image/jpeg"/>
  <template href="/xml/configs/5DA9E166-B8F0-11DD-ABEB-001E681DFAC2" contenttype=""/>
  <category href="http://xml.chumby.com/xapis/catalog/index/E130976A-09A5-11DC-8592-0030488E34F8" name="Educational" id="E130976A-09A5-11DC-8592-0030488E34F8"/>
  <movie href="http://s3movies.chumby.com/cdn/xmlmovie/6ECBE2E2-BDB3-11DD-A5FA-001E681DFAC2" contenttype="application/x-shockwave-flash"/>
  <swfs>
    <swf width="320" microphone="false" kb="false" camera="false" as_version="2" accelerometer="false" previewable="false" content-type="application/x-shockwave-flash" href="http://s3movies.chumby.com/cdn/xmlmovie/6ECBE2E2-BDB3-11DD-A5FA-001E681DFAC2" fixed_ar="true" swf_version="8" height="240" bgcolor="ffffff" supports_browser="false" pointing="false" resolution="" scalable="false" requires_sound="false"/>
  </swfs>
</widget>
