<?xml version="1.0" encoding="UTF-8"?>
<widget href="/xapis/catalog/widget/5F47D1A4-D07B-11E0-BDEF-0021288E6F90" id="5F47D1A4-D07B-11E0-BDEF-0021288E6F90">
  <name>Trolling Duck</name>
  <description>Duck be trollin'</description>
  <version>1.0</version>
  <play mode="timeout" time="15"/>
  <user type="community" id="0AF30960-D059-11E0-867D-0021288E785A" username="chumbrage"/>
  <security sendable="true" deletable="true" previewable="true" overlay="true" access="public" virtualable="true" approval="approved"/>
  <rating count="4" value="2.0"/>
  <thumbnail href="http://s3movies.chumby.com/cdn/xmlthumbnail/5F470972-D07B-11E0-BDEF-0021288E6F90" contenttype="image/jpeg"/>
  <template href="/xml/configs/5F47D1A4-D07B-11E0-BDEF-0021288E6F90" contenttype=""/>
  <category href="http://xml.chumby.com/xapis/catalog/index/2DAEAFDA-9798-11DB-9563-0030485A78AA" name="Animals" id="2DAEAFDA-9798-11DB-9563-0030485A78AA"/>
  <movie href="http://s3movies.chumby.com/cdn/xmlmovie/5F497CD4-D07B-11E0-BDEF-0021288E6F90" contenttype="application/x-shockwave-flash"/>
  <swfs>
    <swf width="550" microphone="false" kb="false" camera="false" as_version="2" accelerometer="false" previewable="true" content-type="application/x-shockwave-flash" href="http://s3movies.chumby.com/cdn/xmlmovie/5F497CD4-D07B-11E0-BDEF-0021288E6F90" fixed_ar="true" swf_version="7" height="400" bgcolor="ffffff" supports_browser="false" pointing="false" resolution="" scalable="false" requires_sound="false"/>
  </swfs>
</widget>
