<?xml version="1.0" encoding="UTF-8"?>
<widget href="/xapis/catalog/widget/B62E615A-F43A-11DE-9FB5-001B24F07EF4" id="B62E615A-F43A-11DE-9FB5-001B24F07EF4">
  <name>Black Digital Clock</name>
  <description>Black Digital Clock.  Based off the original chumby digital clock.  You can touch the screen to change to 24 hr format.

I am working on getting it so you can customize this widget and choose the background and foreground colors.</description>
  <version>1.5</version>
  <play mode="timeout" time="60"/>
  <user type="community" id="BBD05B76-B973-11DC-A690-00156009DD9B" username="likearaptor"/>
  <security sendable="true" deletable="true" previewable="true" overlay="true" access="public" virtualable="true" approval="approved"/>
  <rating count="50" value="3.48"/>
  <thumbnail href="http://s3movies.chumby.com/cdn/xmlthumbnail/B62E145C-F43A-11DE-9FB5-001B24F07EF4" contenttype="image/jpeg"/>
  <template href="/xml/configs/B62E615A-F43A-11DE-9FB5-001B24F07EF4" contenttype=""/>
  <category href="http://xml.chumby.com/xapis/catalog/index/EF508B70-2F35-11DB-8753-001372292121" name="Clocks" id="EF508B70-2F35-11DB-8753-001372292121"/>
  <movie href="http://s3movies.chumby.com/cdn/xmlmovie/B62ED996-F43A-11DE-9FB5-001B24F07EF4" contenttype="application/x-shockwave-flash"/>
  <swfs>
    <swf width="320" microphone="false" kb="false" camera="false" as_version="2" accelerometer="false" previewable="true" content-type="application/x-shockwave-flash" href="http://s3movies.chumby.com/cdn/xmlmovie/B62ED996-F43A-11DE-9FB5-001B24F07EF4" fixed_ar="false" swf_version="6" height="240" bgcolor="000000" supports_browser="false" pointing="false" resolution="" scalable="false" requires_sound="false"/>
  </swfs>
</widget>
