<?xml version="1.0" encoding="UTF-8"?>
<widget href="/xapis/catalog/widget/A4F911B0-1DAC-11DE-A2F9-001B24F07EF4" id="A4F911B0-1DAC-11DE-A2F9-001B24F07EF4">
  <name>crabChime (tilt)</name>
  <description>down at the bottom ~ they flow through their daily chore ~ marching in rhythm</description>
  <version>1.0</version>
  <play mode="timeout" time="40"/>
  <user type="community" id="AFA0FC5C-0DFA-11DE-AA9C-001E681DF646" username="inspired12"/>
  <security sendable="true" previewable="false" access="public" approval="approved" virtualable="false" deletable="true" overlay="true"/>
  <rating count="10" value="3.0"/>
  <thumbnail href="http://s3movies.chumby.com/cdn/xmlthumbnail/84656C84-1DB4-11DE-AD04-001E681DFAC2" contenttype="image/jpeg"/>
  <template href="/xml/configs/A4F911B0-1DAC-11DE-A2F9-001B24F07EF4" contenttype=""/>
  <category href="http://xml.chumby.com/xapis/catalog/index/2DAEAFDA-9798-11DB-9563-0030485A78AA" name="Animals" id="2DAEAFDA-9798-11DB-9563-0030485A78AA"/>
  <movie href="http://s3movies.chumby.com/cdn/xmlmovie/12B0686E-1DB4-11DE-A499-001E681DFAC2" contenttype="application/x-shockwave-flash"/>
  <swfs>
    <swf width="320" microphone="false" kb="false" camera="false" as_version="2" accelerometer="false" previewable="false" content-type="application/x-shockwave-flash" href="http://s3movies.chumby.com/cdn/xmlmovie/12B0686E-1DB4-11DE-A499-001E681DFAC2" fixed_ar="true" swf_version="7" height="240" bgcolor="ffffff" supports_browser="false" pointing="false" resolution="" scalable="false" requires_sound="false"/>
  </swfs>
</widget>
