<?xml version="1.0" encoding="UTF-8"?>
<widget href="/xapis/catalog/widget/C8577860-4EF0-11DF-B1BC-001B24F07EF4" id="C8577860-4EF0-11DF-B1BC-001B24F07EF4">
  <name>Wordnik.com Word of the Day</name>
  <description>the Word of the Day from Wordnik.com --- Tap the right side of the screen to advance or the left side to reverse.

There's an invisible fun-button in the bottom right corner!

If your device supports a (chum)browser, there's an invisible button in the bottom left corner that will open the full wordnik.com webpage for the current word. Smash the button on top of the device to dismiss the browser.

[wotd, wordoftheday]</description>
  <version>0.02</version>
  <play mode="timeout" time="60"/>
  <user type="community" id="4B3A1E42-144B-11DC-B0E0-0030485B7900" username="djchumby"/>
  <security sendable="true" previewable="true" approval="approved" access="publicplus" deletable="true" virtualable="true" overlay="true"/>
  <rating count="0" value="0.0"/>
  <thumbnail href="http://s3movies.chumby.com/cdn/xmlthumbnail/BD47AABA-4EF2-11DF-8B29-001E681DFAC2" contenttype="image/jpeg"/>
  <template href="/xml/configs/C8577860-4EF0-11DF-B1BC-001B24F07EF4" contenttype=""/>
  <category href="http://xml.chumby.com/xapis/catalog/index/E130976A-09A5-11DC-8592-0030488E34F8" name="Educational" id="E130976A-09A5-11DC-8592-0030488E34F8"/>
  <movie href="http://s3movies.chumby.com/cdn/xmlmovie/C85813F6-4EF0-11DF-B1BC-001B24F07EF4" contenttype="application/x-shockwave-flash"/>
  <swfs>
    <swf width="320" microphone="false" kb="false" camera="false" as_version="2" accelerometer="false" previewable="true" content-type="application/x-shockwave-flash" href="http://s3movies.chumby.com/cdn/xmlmovie/C85813F6-4EF0-11DF-B1BC-001B24F07EF4" fixed_ar="true" swf_version="8" height="240" bgcolor="000000" supports_browser="false" pointing="false" resolution="" scalable="false" requires_sound="false"/>
  </swfs>
</widget>
