<?xml version="1.0" encoding="UTF-8"?>
<widget href="/xapis/catalog/widget/C95FC65C-EC98-11DC-A70F-0016353B0686" id="C95FC65C-EC98-11DC-A70F-0016353B0686">
  <name>Today</name>
  <description>Inspired by On Kawara's "Today Series". An ongoing work of more than 2000 paintings, each consisting of a monochrome background onto which is inscribed the date of the day on which the individual painting is executed, in the language and according to the calendrical conventions of the country in which Kawara is present when he begins it. Operation: touch screen to toggle display between date (default), time and user-configured string. Note: touching bottom edge of screen changes background colour. Configuration: choose default string to display.</description>
  <version>1.01</version>
  <play mode="timeout" time="60"/>
  <user type="community" id="41DDC2EC-C5E7-11DC-A5CC-001635C47868" username="gingerbeardman"/>
  <security sendable="true" previewable="true" approval="approved" access="public" deletable="true" virtualable="true" overlay="true"/>
  <rating count="23" value="4.1304"/>
  <thumbnail href="http://s3movies.chumby.com/cdn/xmlthumbnail/4C12F5D6-ECA0-11DC-A34F-001635C47868" contenttype="image/jpeg"/>
  <template href="http://s3movies.chumby.com/cdn/xmltemplate/1B69B7C0-ECC4-11DC-A70F-0016353B0686" contenttype="application/x-shockwave-flash"/>
  <category href="http://xml.chumby.com/xapis/catalog/index/EF508B70-2F35-11DB-8753-001372292121" name="Clocks" id="EF508B70-2F35-11DB-8753-001372292121"/>
  <movie href="http://s3movies.chumby.com/cdn/xmlmovie/F4E35B10-F7AE-11DC-A70F-0016353B0686" contenttype="application/x-shockwave-flash"/>
  <swfs>
    <swf width="320" microphone="false" kb="false" camera="false" as_version="2" accelerometer="false" previewable="true" content-type="application/x-shockwave-flash" href="http://s3movies.chumby.com/cdn/xmlmovie/F4E35B10-F7AE-11DC-A70F-0016353B0686" fixed_ar="false" swf_version="6" height="240" bgcolor="ffffff" supports_browser="false" pointing="false" resolution="" scalable="false" requires_sound="false"/>
  </swfs>
</widget>
