<?xml version="1.0" encoding="UTF-8"?>
<widget href="/xapis/catalog/widget/EB0F16FC-95B3-11DE-B39C-001E681DFAC2" id="EB0F16FC-95B3-11DE-B39C-001E681DFAC2">
  <name>Calendar Clock Dark</name>
  <description>A new clock featuring an analogue dial and flip calendar. Some have been asking for a clock like this for a while. Get free clocks for your own website at www.adamdorman.com.</description>
  <version>1.0</version>
  <play mode="timeout" time="30"/>
  <user type="community" id="E790164A-5200-11DD-BAC5-001E681DFAC2" username="adorman"/>
  <security sendable="true" approval="approved" previewable="true" access="public" deletable="true" virtualable="true" overlay="true"/>
  <rating count="223" value="4.4484"/>
  <thumbnail href="http://s3movies.chumby.com/cdn/xmlthumbnail/EB0ED6A6-95B3-11DE-B39C-001E681DFAC2" contenttype="image/jpeg"/>
  <template href="/xml/configs/EB0F16FC-95B3-11DE-B39C-001E681DFAC2" contenttype=""/>
  <category href="http://xml.chumby.com/xapis/catalog/index/EF508B70-2F35-11DB-8753-001372292121" name="Clocks" id="EF508B70-2F35-11DB-8753-001372292121"/>
  <movie href="http://s3movies.chumby.com/cdn/xmlmovie/EB101336-95B3-11DE-B39C-001E681DFAC2" contenttype="application/x-shockwave-flash"/>
  <swfs>
    <swf width="320" microphone="false" kb="false" camera="false" as_version="2" accelerometer="false" previewable="true" content-type="application/x-shockwave-flash" href="http://s3movies.chumby.com/cdn/xmlmovie/EB101336-95B3-11DE-B39C-001E681DFAC2" fixed_ar="true" swf_version="8" height="240" bgcolor="000000" supports_browser="false" pointing="false" resolution="" scalable="false" requires_sound="false"/>
  </swfs>
</widget>
