<?xml version="1.0" encoding="UTF-8"?>
<widget href="/xapis/catalog/widget/1818238A-E0E5-11DC-A3BE-00156009DD9B" id="1818238A-E0E5-11DC-A3BE-00156009DD9B">
  <name>Railway Station Clock</name>
  <description>Based on railway engineer Hans Hilfiker's 1940s classic, the Swiss Railway Station Clock is a standard throughout European train stations, with over 3,000 clocks keeping precision time. Updated clock to fix second freezing and new script to only redraw when needed.</description>
  <version>2.0</version>
  <play mode="timeout" time="15"/>
  <user type="community" id="906EB7B6-30E3-11DC-83E9-0030488E34F8" username="myridom"/>
  <security sendable="true" approval="approved" previewable="false" access="public" deletable="true" virtualable="false" overlay="true"/>
  <rating count="43" value="3.7907"/>
  <thumbnail href="http://s3movies.chumby.com/cdn/xmlthumbnail/1817FD38-E0E5-11DC-A3BE-00156009DD9B" contenttype="image/pjpeg"/>
  <template href="/xml/configs/1818238A-E0E5-11DC-A3BE-00156009DD9B" contenttype=""/>
  <category href="http://xml.chumby.com/xapis/catalog/index/EF508B70-2F35-11DB-8753-001372292121" name="Clocks" id="EF508B70-2F35-11DB-8753-001372292121"/>
  <movie href="http://s3movies.chumby.com/cdn/xmlmovie/57B353AA-1822-11DE-97A5-001E681DF646" contenttype="application/x-shockwave-flash"/>
  <swfs>
    <swf width="320" microphone="false" kb="false" camera="false" as_version="2" accelerometer="false" previewable="false" content-type="application/x-shockwave-flash" href="http://s3movies.chumby.com/cdn/xmlmovie/57B353AA-1822-11DE-97A5-001E681DF646" fixed_ar="true" swf_version="8" height="240" bgcolor="ffffff" supports_browser="false" pointing="false" resolution="" scalable="false" requires_sound="false"/>
  </swfs>
</widget>
