<?xml version="1.0" encoding="UTF-8"?>
<widget href="/xapis/catalog/widget/6FB8F884-59F8-11DE-97E6-001E681DF646" id="6FB8F884-59F8-11DE-97E6-001E681DF646">
  <name>Good clock</name>
  <description>A good clock to complement the much more interesting bad clock you can find in the weird section...</description>
  <version>1.1</version>
  <play mode="timeout" time="30"/>
  <user type="community" id="8998D7FC-E2F7-11DC-89AC-001635C47868" username="sirchadwick"/>
  <security sendable="true" deletable="true" previewable="true" overlay="true" access="public" virtualable="true" approval="approved"/>
  <rating count="6" value="3.5"/>
  <thumbnail href="http://s3movies.chumby.com/cdn/xmlthumbnail/E3D9AE66-59F8-11DE-955F-001E681DFAC2" contenttype="image/jpeg"/>
  <template href="/xml/configs/6FB8F884-59F8-11DE-97E6-001E681DF646" contenttype=""/>
  <category href="http://xml.chumby.com/xapis/catalog/index/EF508B70-2F35-11DB-8753-001372292121" name="Clocks" id="EF508B70-2F35-11DB-8753-001372292121"/>
  <movie href="http://s3movies.chumby.com/cdn/xmlmovie/6FB932A4-59F8-11DE-97E6-001E681DF646" contenttype="application/x-shockwave-flash"/>
  <swfs>
    <swf width="320" microphone="false" kb="false" camera="false" as_version="2" accelerometer="false" previewable="true" content-type="application/x-shockwave-flash" href="http://s3movies.chumby.com/cdn/xmlmovie/6FB932A4-59F8-11DE-97E6-001E681DF646" fixed_ar="true" swf_version="8" height="240" bgcolor="000000" supports_browser="false" pointing="false" resolution="" scalable="false" requires_sound="false"/>
  </swfs>
</widget>
