<?xml version="1.0" encoding="UTF-8"?>
<widget href="/xapis/catalog/widget/BEA5C196-E2A5-11DC-975A-0016353B0686" id="BEA5C196-E2A5-11DC-975A-0016353B0686">
  <name>LCARS Status</name>
  <description>LCARS Status with sounds for those Trekies out there. Updated to fix font issue.</description>
  <version>1.2</version>
  <play mode="timeout" time="15"/>
  <user type="community" id="906EB7B6-30E3-11DC-83E9-0030488E34F8" username="myridom"/>
  <security sendable="true" approval="approved" previewable="true" access="public" deletable="true" virtualable="true" overlay="true"/>
  <rating count="33" value="2.7576"/>
  <thumbnail href="http://s3movies.chumby.com/cdn/xmlthumbnail/BEA59B9E-E2A5-11DC-975A-0016353B0686" contenttype="image/pjpeg"/>
  <template href="/xml/configs/BEA5C196-E2A5-11DC-975A-0016353B0686" contenttype=""/>
  <category href="http://xml.chumby.com/xapis/catalog/index/AC50ADA4-4088-11DC-B053-0030485A78AA" name="Animation" id="AC50ADA4-4088-11DC-B053-0030485A78AA"/>
  <movie href="http://s3movies.chumby.com/cdn/xmlmovie/DD085BEA-E3BC-11DC-8AF7-001635C47868" contenttype="application/x-shockwave-flash"/>
  <swfs>
    <swf width="320" microphone="false" kb="false" camera="false" as_version="2" accelerometer="false" previewable="true" content-type="application/x-shockwave-flash" href="http://s3movies.chumby.com/cdn/xmlmovie/DD085BEA-E3BC-11DC-8AF7-001635C47868" fixed_ar="false" swf_version="8" height="240" bgcolor="000000" supports_browser="false" pointing="false" resolution="" scalable="false" requires_sound="false"/>
  </swfs>
</widget>
