<?xml version="1.0" encoding="UTF-8"?>
<widget href="/xapis/catalog/widget/FBD4D6CC-0D09-11DD-AFDD-0030488E34F8" id="FBD4D6CC-0D09-11DD-AFDD-0030488E34F8">
  <name>Pandora Songmarks</name>
  <description>Displays the most recent songs bookmarked by a Pandora user.

Hint: Your Pandora username is the name shown in your address bar (http://www.pandora.com/people/USERNAME) when you click the "Your Profile" link on Pandora.</description>
  <version>1.1</version>
  <play mode="timeout" time="30"/>
  <user type="community" id="B654E3FA-01A4-11DD-8F20-0016353B0686" username="eeenmachine"/>
  <security sendable="true" approval="approved" previewable="true" deletable="true" access="public" virtualable="true" overlay="true"/>
  <rating count="99" value="3.5455"/>
  <thumbnail href="http://s3movies.chumby.com/cdn/xmlthumbnail/4B99D642-0D11-11DD-AFDD-0030488E34F8" contenttype="image/jpeg"/>
  <template href="http://s3movies.chumby.com/cdn/xmltemplate/FBD463EA-0D09-11DD-AFDD-0030488E34F8" contenttype="application/x-shockwave-flash"/>
  <category href="http://xml.chumby.com/xapis/catalog/index/175E3A6A-5D3D-11DB-A0DD-0030485A78AA" name="Entertainment" id="175E3A6A-5D3D-11DB-A0DD-0030485A78AA"/>
  <movie href="http://s3movies.chumby.com/cdn/xmlmovie/97B4A268-2144-11DD-85BA-0030488E34CA" contenttype="application/x-shockwave-flash"/>
  <swfs>
    <swf width="320" microphone="false" kb="false" camera="false" as_version="2" accelerometer="false" previewable="true" content-type="application/x-shockwave-flash" href="http://s3movies.chumby.com/cdn/xmlmovie/97B4A268-2144-11DD-85BA-0030488E34CA" fixed_ar="true" swf_version="8" height="240" bgcolor="000000" supports_browser="false" pointing="false" resolution="" scalable="false" requires_sound="false"/>
  </swfs>
</widget>
