<?xml version="1.0" encoding="UTF-8"?>
<widget href="/xapis/catalog/widget/D88D4488-3DE8-11DC-A14C-0030485B7900" id="D88D4488-3DE8-11DC-A14C-0030485B7900">
  <name>paint</name>
  <description>paint</description>
  <version>1.5</version>
  <play mode="timeout" time="15"/>
  <user type="community" id="51F740D0-3DDF-11DC-8BAD-00146C833363" username="superchumby"/>
  <security sendable="true" previewable="true" approval="approved" access="public" deletable="true" virtualable="true" overlay="true"/>
  <rating count="31" value="3.0323"/>
  <thumbnail href="http://s3movies.chumby.com/cdn/xmlthumbnail/D88D165C-3DE8-11DC-A14C-0030485B7900" contenttype="image/pjpeg"/>
  <template href="/xml/configs/D88D4488-3DE8-11DC-A14C-0030485B7900" contenttype=""/>
  <category href="http://xml.chumby.com/xapis/catalog/index/175E3A6A-5D3D-11DB-A0DD-0030485A78AA" name="Entertainment" id="175E3A6A-5D3D-11DB-A0DD-0030485A78AA"/>
  <movie href="http://s3movies.chumby.com/cdn/xmlmovie/D88C0CDA-3DE8-11DC-A14C-0030485B7900" contenttype="application/x-shockwave-flash"/>
  <swfs>
    <swf width="550" microphone="false" kb="false" camera="false" as_version="2" accelerometer="false" previewable="true" content-type="application/x-shockwave-flash" href="http://s3movies.chumby.com/cdn/xmlmovie/D88C0CDA-3DE8-11DC-A14C-0030485B7900" fixed_ar="true" swf_version="6" height="400" bgcolor="ece9d8" supports_browser="false" pointing="false" resolution="" scalable="false" requires_sound="false"/>
  </swfs>
</widget>
