<?xml version="1.0" encoding="UTF-8"?>
<widget href="/xapis/catalog/widget/EA5BC280-3D8C-11DD-AA36-001B24E044BE" id="EA5BC280-3D8C-11DD-AA36-001B24E044BE">
  <name>Break Pictures (mature)</name>
  <description>The latest pictures from Break.com</description>
  <version>1.02</version>
  <play mode="default" time="15"/>
  <mature>true</mature>
  <user type="community" id="FAE524F6-CCFF-11DB-AD70-00161771248C" username="howdog"/>
  <security sendable="true" approval="approved" previewable="true" access="public" deletable="true" virtualable="true" overlay="true"/>
  <rating count="61" value="3.9508"/>
  <thumbnail href="http://s3movies.chumby.com/cdn/xmlthumbnail/8D45F084-1503-11DF-9E6E-001B24E044BE" contenttype="image/jpeg"/>
  <template href="http://s3movies.chumby.com/cdn/xmltemplate/8DA5C734-1503-11DF-9E6E-001B24E044BE" contenttype="text/xml"/>
  <category href="http://xml.chumby.com/xapis/catalog/index/175E3A6A-5D3D-11DB-A0DD-0030485A78AA" name="Entertainment" id="175E3A6A-5D3D-11DB-A0DD-0030485A78AA"/>
  <movie href="http://s3movies.chumby.com/cdn/xmlmovie/8E13AC68-1503-11DF-9E6E-001B24E044BE" contenttype="application/x-shockwave-flash"/>
  <swfs>
    <swf width="320" microphone="false" kb="false" camera="false" as_version="2" accelerometer="false" previewable="true" content-type="application/x-shockwave-flash" href="http://s3movies.chumby.com/cdn/xmlmovie/8E13AC68-1503-11DF-9E6E-001B24E044BE" fixed_ar="true" swf_version="8" height="240" bgcolor="ffffff" supports_browser="false" pointing="false" resolution="" scalable="false" requires_sound="false"/>
  </swfs>
</widget>
