<?xml version="1.0" encoding="UTF-8"?>
<widget href="/xapis/catalog/widget/59E82B76-AC29-11DB-8062-0030485A78AA" id="59E82B76-AC29-11DB-8062-0030485A78AA">
  <name>Chumby Analog Clock (white)</name>
  <description>A chumby clock</description>
  <version>1.7</version>
  <play mode="timeout" time="45"/>
  <user type="chumby" id="00000000-0000-0000-0000-000000000001" username="chumby"/>
  <security sendable="true" approval="approved" previewable="true" access="public" deletable="true" virtualable="true" overlay="true"/>
  <rating count="636" value="3.8349"/>
  <thumbnail href="http://s3movies.chumby.com/cdn/xmlthumbnail/2383BEF6-2415-11DC-A307-0030485A78AA" contenttype="image/jpeg"/>
  <template href="http://s3movies.chumby.com/cdn/xmltemplate/23813488-2415-11DC-A307-0030485A78AA" contenttype="text/xml"/>
  <category href="http://xml.chumby.com/xapis/catalog/index/EF508B70-2F35-11DB-8753-001372292121" name="Clocks" id="EF508B70-2F35-11DB-8753-001372292121"/>
  <movie href="http://s3movies.chumby.com/cdn/xmlmovie/237E9FFC-2415-11DC-A307-0030485A78AA" contenttype="application/x-shockwave-flash"/>
  <swfs>
    <swf width="320" microphone="false" kb="false" camera="false" as_version="2" accelerometer="false" previewable="true" content-type="application/x-shockwave-flash" href="http://s3movies.chumby.com/cdn/xmlmovie/237E9FFC-2415-11DC-A307-0030485A78AA" fixed_ar="false" swf_version="8" height="240" bgcolor="b3cdcc" supports_browser="false" pointing="false" resolution="" scalable="false" requires_sound="false"/>
  </swfs>
</widget>
