<?xml version="1.0" encoding="UTF-8"?>
<widget href="/xapis/catalog/widget/59D1E5A0-AC29-11DB-8062-0030485A78AA" id="59D1E5A0-AC29-11DB-8062-0030485A78AA">
  <name>Pendulum</name>
  <description>A spring/mass system driven by the accelerometer found in 2nd generation prototype chumbys or later.</description>
  <version>1.1</version>
  <play mode="timeout" time="60"/>
  <user type="chumby" id="00000000-0000-0000-0000-000000000001" username="chumby"/>
  <security approval="approved" sendable="true" deletable="true" previewable="true" access="public" overlay="true" virtualable="true"/>
  <rating count="88" value="3.6818"/>
  <thumbnail href="http://s3movies.chumby.com/cdn/xmlthumbnail/E3564884-3C98-11DC-8D2F-0030485A78AA" contenttype="image/jpeg"/>
  <template href="http://s3movies.chumby.com/cdn/xmltemplate/E3731540-3C98-11DC-8D2F-0030485A78AA" contenttype="text/xml"/>
  <category href="http://xml.chumby.com/xapis/catalog/index/AC50ADA4-4088-11DC-B053-0030485A78AA" name="Animation" id="AC50ADA4-4088-11DC-B053-0030485A78AA"/>
  <movie href="http://s3movies.chumby.com/cdn/xmlmovie/E37AB4F8-3C98-11DC-8D2F-0030485A78AA" contenttype="application/x-shockwave-flash"/>
  <swfs>
    <swf width="320" microphone="false" kb="false" camera="false" as_version="2" accelerometer="false" previewable="true" content-type="application/x-shockwave-flash" href="http://s3movies.chumby.com/cdn/xmlmovie/E37AB4F8-3C98-11DC-8D2F-0030485A78AA" fixed_ar="true" swf_version="6" height="240" bgcolor="ffffff" supports_browser="false" pointing="false" resolution="" scalable="false" requires_sound="false"/>
  </swfs>
</widget>
