<?xml version="1.0" encoding="UTF-8"?>
<widget href="/xapis/catalog/widget/5E352EC4-AC71-11DC-BA62-00156009DD9B" id="5E352EC4-AC71-11DC-BA62-00156009DD9B">
  <name>Santa Radar</name>
  <description>Keep track of Santa's progress as he delivers toys to children around the world!</description>
  <version>1.0</version>
  <play mode="timeout" time="60"/>
  <user type="community" id="E818F108-307A-11DB-9A6C-001372292121" username="dmaxwell"/>
  <security sendable="true" previewable="true" approval="approved" access="public" deletable="true" virtualable="true" overlay="true"/>
  <rating count="18" value="3.5"/>
  <thumbnail href="http://s3movies.chumby.com/cdn/xmlthumbnail/5E350840-AC71-11DC-BA62-00156009DD9B" contenttype="image/jpeg"/>
  <template href="/xml/configs/5E352EC4-AC71-11DC-BA62-00156009DD9B" contenttype=""/>
  <category href="http://xml.chumby.com/xapis/catalog/index/175E3A6A-5D3D-11DB-A0DD-0030485A78AA" name="Entertainment" id="175E3A6A-5D3D-11DB-A0DD-0030485A78AA"/>
  <movie href="http://s3movies.chumby.com/cdn/xmlmovie/5E2653B8-AC71-11DC-BA62-00156009DD9B" contenttype="application/x-shockwave-flash"/>
  <swfs>
    <swf width="320" microphone="false" kb="false" camera="false" as_version="2" accelerometer="false" previewable="true" content-type="application/x-shockwave-flash" href="http://s3movies.chumby.com/cdn/xmlmovie/5E2653B8-AC71-11DC-BA62-00156009DD9B" fixed_ar="true" swf_version="6" height="240" bgcolor="000000" supports_browser="false" pointing="false" resolution="" scalable="false" requires_sound="false"/>
  </swfs>
</widget>
