<?xml version="1.0" encoding="UTF-8"?>
<widget href="/xapis/catalog/widget/3C462BBA-AADB-11DD-90A3-001B24F07EF4" id="3C462BBA-AADB-11DD-90A3-001B24F07EF4">
  <name>Playbill - Broadway News</name>
  <description>Broadway, Off-Broadway, London and regional news from the leading, most trusted source of theatrical news on the web.</description>
  <version>2.0.4</version>
  <play mode="timeout" time="30"/>
  <user type="community" id="C6175E94-336D-11DD-82CB-001E681DFAC2" username="akuplaybill"/>
  <security sendable="true" approval="approved" previewable="true" deletable="true" access="public" virtualable="true" overlay="true"/>
  <rating count="6" value="4.5"/>
  <thumbnail href="http://s3movies.chumby.com/cdn/xmlthumbnail/50273D94-2B05-11DF-8FD8-001B24E044BE" contenttype="image/jpeg"/>
  <template href="http://s3movies.chumby.com/cdn/xmltemplate/50D34DC8-2B05-11DF-8FD8-001B24E044BE" contenttype="text/xml"/>
  <category href="http://xml.chumby.com/xapis/catalog/index/175E3A6A-5D3D-11DB-A0DD-0030485A78AA" name="Entertainment" id="175E3A6A-5D3D-11DB-A0DD-0030485A78AA"/>
  <movie href="http://s3movies.chumby.com/cdn/xmlmovie/513697F2-2B05-11DF-8FD8-001B24E044BE" contenttype="application/x-shockwave-flash"/>
  <swfs>
    <swf width="320" microphone="false" kb="false" camera="false" as_version="2" accelerometer="false" previewable="true" content-type="application/x-shockwave-flash" href="http://s3movies.chumby.com/cdn/xmlmovie/513697F2-2B05-11DF-8FD8-001B24E044BE" fixed_ar="true" swf_version="8" height="240" bgcolor="ffffff" supports_browser="false" pointing="false" resolution="" scalable="false" requires_sound="false"/>
  </swfs>
</widget>
