<?xml version="1.0" encoding="UTF-8"?>
<widget href="/xapis/catalog/widget/7ADC20CA-2C28-11E0-88A1-0021288EBF58" id="7ADC20CA-2C28-11E0-88A1-0021288EBF58">
  <name>strOBEY</name>
  <description>strOBEY by: Chumbucket Designs

strOBEY is a Strobe Light for your Chumby!
Turn on the music and let's Party!

"Obey the Strobe!"

*An Integrated Device Widget Simulator has been incorporated for the offline usage of the application. You can tilt the 'Simulator Box' by grabbing it's bottom corners.</description>
  <version>6.9</version>
  <play mode="timeout" time="45"/>
  <user type="community" id="504EB42E-9A95-11DE-ABD4-001E681DFAC2" username="ChumBucketDesigns"/>
  <security sendable="true" previewable="true" approval="approved" access="public" deletable="true" virtualable="true" overlay="true"/>
  <rating count="8" value="4.0"/>
  <thumbnail href="http://s3movies.chumby.com/cdn/xmlthumbnail/7ADB2AC6-2C28-11E0-88A1-0021288EBF58" contenttype="image/jpeg"/>
  <template href="/xml/configs/7ADC20CA-2C28-11E0-88A1-0021288EBF58" contenttype=""/>
  <category href="http://xml.chumby.com/xapis/catalog/index/AC50ADA4-4088-11DC-B053-0030485A78AA" name="Animation" id="AC50ADA4-4088-11DC-B053-0030485A78AA"/>
  <movie href="http://s3movies.chumby.com/cdn/xmlmovie/7ADE18C6-2C28-11E0-88A1-0021288EBF58" contenttype="application/x-shockwave-flash"/>
  <swfs>
    <swf width="320" microphone="false" kb="false" camera="false" as_version="2" accelerometer="false" previewable="true" content-type="application/x-shockwave-flash" href="http://s3movies.chumby.com/cdn/xmlmovie/7ADE18C6-2C28-11E0-88A1-0021288EBF58" fixed_ar="false" swf_version="8" height="240" bgcolor="ffffff" supports_browser="false" pointing="false" resolution="320x240" scalable="false" requires_sound="false"/>
  </swfs>
</widget>
