<?xml version="1.0" encoding="UTF-8"?>
<widget href="/xapis/catalog/widget/49FE16B8-04BD-11DF-B3F5-001E681DFAC2" id="49FE16B8-04BD-11DF-B3F5-001E681DFAC2">
  <name>beats</name>
  <description>this widget displays the Internet time. 

the Internet time is same time system for you and me and chumbies.</description>
  <version>1.0</version>
  <play mode="timeout" time="15"/>
  <user type="community" id="33306142-00AE-11DF-A21D-001B24F07EF4" username="oxalice"/>
  <security sendable="true" approval="approved" previewable="true" deletable="true" access="public" virtualable="true" overlay="true"/>
  <rating count="6" value="3.0"/>
  <thumbnail href="http://s3movies.chumby.com/cdn/xmlthumbnail/15F970EE-05C4-11DF-BC7E-001E681DFAC2" contenttype="image/jpeg"/>
  <template href="/xml/configs/49FE16B8-04BD-11DF-B3F5-001E681DFAC2" contenttype=""/>
  <category href="http://xml.chumby.com/xapis/catalog/index/EF508B70-2F35-11DB-8753-001372292121" name="Clocks" id="EF508B70-2F35-11DB-8753-001372292121"/>
  <movie href="http://s3movies.chumby.com/cdn/xmlmovie/49FE412E-04BD-11DF-B3F5-001E681DFAC2" contenttype="application/x-shockwave-flash"/>
  <swfs>
    <swf width="320" microphone="false" kb="false" camera="false" as_version="2" accelerometer="false" previewable="true" content-type="application/x-shockwave-flash" href="http://s3movies.chumby.com/cdn/xmlmovie/49FE412E-04BD-11DF-B3F5-001E681DFAC2" fixed_ar="true" swf_version="8" height="240" bgcolor="000000" supports_browser="false" pointing="false" resolution="" scalable="false" requires_sound="false"/>
  </swfs>
</widget>
