<?xml version="1.0" encoding="UTF-8"?>
<widget href="/xapis/catalog/widget/1B0FEAE6-6E34-11DD-974D-001B24F07D28" id="1B0FEAE6-6E34-11DD-974D-001B24F07D28">
  <name>Stressed Clock</name>
  <description>I designed this clock face to replace one of those bland white faces you get on cheap plastic kitchen clocks. The clock face was just a little wider than a sheet of A4 paper, so I had to print it in two halves. I decided to make a feature of the join rather than attempt to hide it, hence the vertical smear down the centre.
Get free clocks for your own website at www.adamdorman.com.</description>
  <version>1.0</version>
  <play mode="timeout" time="15"/>
  <user type="community" id="E790164A-5200-11DD-BAC5-001E681DFAC2" username="adorman"/>
  <security sendable="true" deletable="true" previewable="true" overlay="true" access="public" virtualable="true" approval="approved"/>
  <rating count="11" value="3.7273"/>
  <thumbnail href="http://s3movies.chumby.com/cdn/xmlthumbnail/1B0FD650-6E34-11DD-974D-001B24F07D28" contenttype="image/jpeg"/>
  <template href="/xml/configs/1B0FEAE6-6E34-11DD-974D-001B24F07D28" contenttype=""/>
  <category href="http://xml.chumby.com/xapis/catalog/index/EF508B70-2F35-11DB-8753-001372292121" name="Clocks" id="EF508B70-2F35-11DB-8753-001372292121"/>
  <movie href="http://s3movies.chumby.com/cdn/xmlmovie/1B0DDEA4-6E34-11DD-974D-001B24F07D28" contenttype="application/x-shockwave-flash"/>
  <swfs>
    <swf width="320" microphone="false" kb="false" camera="false" as_version="2" accelerometer="false" previewable="true" content-type="application/x-shockwave-flash" href="http://s3movies.chumby.com/cdn/xmlmovie/1B0DDEA4-6E34-11DD-974D-001B24F07D28" fixed_ar="false" swf_version="7" height="240" bgcolor="000000" supports_browser="false" pointing="false" resolution="" scalable="false" requires_sound="false"/>
  </swfs>
</widget>
