<?xml version="1.0" encoding="UTF-8"?>
<widget href="/xapis/catalog/widget/0FF9BA76-00C8-11DD-A3D2-001635C47868" id="0FF9BA76-00C8-11DD-A3D2-001635C47868">
  <name>Fuzzy Time UK</name>
  <description>Displays time the way a human reads a clock if they're from the UK :P</description>
  <version>1.0</version>
  <play mode="timeout" time="20"/>
  <user type="community" id="F9375BCE-F8EB-11DC-8F4A-0016353BC7CC" username="yatest9"/>
  <security sendable="true" deletable="true" previewable="true" overlay="true" access="public" virtualable="true" approval="approved"/>
  <rating count="19" value="4.1053"/>
  <thumbnail href="http://s3movies.chumby.com/cdn/xmlthumbnail/58BB1C62-00CA-11DD-A70F-0016353B0686" contenttype="image/jpeg"/>
  <template href="/xml/configs/0FF9BA76-00C8-11DD-A3D2-001635C47868" contenttype=""/>
  <category href="http://xml.chumby.com/xapis/catalog/index/EF508B70-2F35-11DB-8753-001372292121" name="Clocks" id="EF508B70-2F35-11DB-8753-001372292121"/>
  <movie href="http://s3movies.chumby.com/cdn/xmlmovie/27CC18D0-00DF-11DD-A3D2-001635C47868" contenttype="application/x-shockwave-flash"/>
  <swfs>
    <swf width="320" microphone="false" kb="false" camera="false" as_version="2" accelerometer="false" previewable="true" content-type="application/x-shockwave-flash" href="http://s3movies.chumby.com/cdn/xmlmovie/27CC18D0-00DF-11DD-A3D2-001635C47868" fixed_ar="true" swf_version="8" height="240" bgcolor="ffffff" supports_browser="false" pointing="false" resolution="" scalable="false" requires_sound="false"/>
  </swfs>
</widget>
