<?xml version="1.0" encoding="UTF-8"?>
<widget href="/xapis/catalog/widget/EF0A5B3C-D4F1-11DD-9252-001E681DF646" id="EF0A5B3C-D4F1-11DD-9252-001E681DF646">
  <name>Slide</name>
  <description>Slide</description>
  <version>1.0</version>
  <play mode="timeout" time="15"/>
  <user type="community" id="4E2908E6-7CB6-11DD-BD32-001E681DF646" username="asada.santohei"/>
  <security sendable="true" previewable="true" access="public" approval="approved" virtualable="true" deletable="true" overlay="true"/>
  <rating count="15" value="2.3333"/>
  <thumbnail href="http://s3movies.chumby.com/cdn/xmlthumbnail/7A7C3F5C-DC11-11DD-9E02-001E681DF646" contenttype="image/jpeg"/>
  <template href="/xml/configs/EF0A5B3C-D4F1-11DD-9252-001E681DF646" contenttype=""/>
  <category href="http://xml.chumby.com/xapis/catalog/index/EF508B70-2F35-11DB-8753-001372292121" name="Clocks" id="EF508B70-2F35-11DB-8753-001372292121"/>
  <movie href="http://s3movies.chumby.com/cdn/xmlmovie/7A781CE2-DC11-11DD-9E02-001E681DF646" contenttype="application/x-shockwave-flash"/>
  <swfs>
    <swf width="320" microphone="false" kb="false" camera="false" as_version="2" accelerometer="false" previewable="true" content-type="application/x-shockwave-flash" href="http://s3movies.chumby.com/cdn/xmlmovie/7A781CE2-DC11-11DD-9E02-001E681DF646" fixed_ar="true" swf_version="8" height="240" bgcolor="000000" supports_browser="false" pointing="false" resolution="" scalable="false" requires_sound="false"/>
  </swfs>
</widget>
