<?xml version="1.0" encoding="UTF-8"?>
<widget href="/xapis/catalog/widget/927EBD7A-0887-11DF-9A20-001B24F07EF4" id="927EBD7A-0887-11DF-9A20-001B24F07EF4">
  <name>Chum&#180;bin Clock</name>
  <description>A simple binary clock for your chumby (include date). &#161;My first app!</description>
  <version>0.1</version>
  <play mode="timeout" time="15"/>
  <user type="community" id="AE187ED6-00F8-11DF-BD9D-001E681DFAC2" username="mariolivan"/>
  <security sendable="true" approval="approved" previewable="true" access="public" deletable="true" virtualable="true" overlay="true"/>
  <rating count="4" value="2.75"/>
  <thumbnail href="http://s3movies.chumby.com/cdn/xmlthumbnail/927E7284-0887-11DF-9A20-001B24F07EF4" contenttype="image/jpeg"/>
  <template href="/xml/configs/927EBD7A-0887-11DF-9A20-001B24F07EF4" contenttype=""/>
  <category href="http://xml.chumby.com/xapis/catalog/index/EF508B70-2F35-11DB-8753-001372292121" name="Clocks" id="EF508B70-2F35-11DB-8753-001372292121"/>
  <movie href="http://s3movies.chumby.com/cdn/xmlmovie/927F1112-0887-11DF-9A20-001B24F07EF4" contenttype="application/x-shockwave-flash"/>
  <swfs>
    <swf width="320" microphone="false" kb="false" camera="false" as_version="2" accelerometer="false" previewable="true" content-type="application/x-shockwave-flash" href="http://s3movies.chumby.com/cdn/xmlmovie/927F1112-0887-11DF-9A20-001B24F07EF4" fixed_ar="false" swf_version="7" height="240" bgcolor="000000" supports_browser="false" pointing="false" resolution="" scalable="false" requires_sound="false"/>
  </swfs>
</widget>
