<?xml version="1.0" encoding="UTF-8"?>
<widget href="/xapis/catalog/widget/66F729DC-139A-11DD-8CC4-0030488E34F8" id="66F729DC-139A-11DD-8CC4-0030488E34F8">
  <name>Anatomy of a Clock</name>
  <description>A clock inspired by the title sequence of 'Anatomy of a Murder' created by Saul Bass. Seamless 30 second loop of animation. UPDATED MAR 2009 - Choose between 12 or 24 hour clock display.</description>
  <version>1.5</version>
  <play mode="timeout" time="35"/>
  <user type="community" id="C16C3788-BC81-11DC-A690-00156009DD9B" username="McConnell"/>
  <security sendable="true" overlay="true" previewable="true" access="public" virtualable="true" approval="approved" deletable="true"/>
  <rating count="201" value="4.0"/>
  <thumbnail href="http://s3movies.chumby.com/cdn/xmlthumbnail/66F6FCAA-139A-11DD-8CC4-0030488E34F8" contenttype="image/jpeg"/>
  <template href="http://s3movies.chumby.com/cdn/xmltemplate/DBD4A89C-082C-11DE-9898-001E681DF646" contenttype="application/x-shockwave-flash"/>
  <category href="http://xml.chumby.com/xapis/catalog/index/EF508B70-2F35-11DB-8753-001372292121" name="Clocks" id="EF508B70-2F35-11DB-8753-001372292121"/>
  <movie href="http://s3movies.chumby.com/cdn/xmlmovie/EC3C0C42-082D-11DE-86E2-001E681DF646" contenttype="application/x-shockwave-flash"/>
  <swfs>
    <swf width="320" microphone="false" kb="false" camera="false" as_version="2" accelerometer="false" previewable="true" content-type="application/x-shockwave-flash" href="http://s3movies.chumby.com/cdn/xmlmovie/EC3C0C42-082D-11DE-86E2-001E681DF646" fixed_ar="true" swf_version="7" height="240" bgcolor="ffffff" supports_browser="false" pointing="false" resolution="" scalable="false" requires_sound="false"/>
  </swfs>
</widget>
