<?xml version="1.0" encoding="UTF-8"?>
<widget href="/xapis/catalog/widget/E74B9562-F428-11DE-A083-001B24F07EF4" id="E74B9562-F428-11DE-A083-001B24F07EF4">
  <name>Rectangular Talking Clock</name>
  <description>An analog clock with a rectangular face.  Tap the screen to hear the time.
This can be configured to automatically announce the time at regular intervals.</description>
  <version>2</version>
  <play mode="timeout" time="30"/>
  <user type="community" id="AB52F36E-ADFE-11DD-8F6E-001E681DF646" username="kpaulsen"/>
  <security sendable="true" approval="approved" previewable="true" access="public" deletable="true" virtualable="true" overlay="true"/>
  <rating count="74" value="4.2297"/>
  <thumbnail href="http://s3movies.chumby.com/cdn/xmlthumbnail/E74B4328-F428-11DE-A083-001B24F07EF4" contenttype="image/jpeg"/>
  <template href="http://s3movies.chumby.com/cdn/xmltemplate/ED48C922-FC10-11DE-8E99-001B24F07EF4" contenttype="application/x-shockwave-flash"/>
  <category href="http://xml.chumby.com/xapis/catalog/index/EF508B70-2F35-11DB-8753-001372292121" name="Clocks" id="EF508B70-2F35-11DB-8753-001372292121"/>
  <movie href="http://s3movies.chumby.com/cdn/xmlmovie/E74BE684-F428-11DE-A083-001B24F07EF4" contenttype="application/x-shockwave-flash"/>
  <swfs>
    <swf width="320" microphone="false" kb="false" camera="false" as_version="2" accelerometer="false" previewable="true" content-type="application/x-shockwave-flash" href="http://s3movies.chumby.com/cdn/xmlmovie/E74BE684-F428-11DE-A083-001B24F07EF4" fixed_ar="false" swf_version="7" height="240" bgcolor="000000" supports_browser="false" pointing="false" resolution="" scalable="false" requires_sound="false"/>
  </swfs>
</widget>
