<?xml version="1.0" encoding="UTF-8"?>
<widget href="/xapis/catalog/widget/E398B4FC-2C5C-11DE-A946-001E681DFAC2" id="E398B4FC-2C5C-11DE-A946-001E681DFAC2">
  <name>Beonscreen.com RSS</name>
  <description>UK residents...Would you like free TV show tickets ? How about being on TV... on a quiz show ? ... or a reality show ? Monitor the offers right here on your Chumby ! 

(Apologies about the poor formatting on some of the listings. I've done my best to tidy up the RSS with Yahoo Pipes, but there's still some stinky formatting gets through)</description>
  <version>1.0</version>
  <play mode="timeout" time="15"/>
  <user type="community" id="832FF9A6-FC18-11DC-AEDD-00156009DD9B" username="quizengine"/>
  <security sendable="true" previewable="true" approval="approved" access="public" deletable="true" virtualable="true" overlay="true"/>
  <rating count="2" value="2.5"/>
  <thumbnail href="http://s3movies.chumby.com/cdn/xmlthumbnail/E39891DE-2C5C-11DE-A946-001E681DFAC2" contenttype="image/jpeg"/>
  <template href="/xml/configs/E398B4FC-2C5C-11DE-A946-001E681DFAC2" contenttype=""/>
  <category href="http://xml.chumby.com/xapis/catalog/index/175E3A6A-5D3D-11DB-A0DD-0030485A78AA" name="Entertainment" id="175E3A6A-5D3D-11DB-A0DD-0030485A78AA"/>
  <movie href="http://s3movies.chumby.com/cdn/xmlmovie/E3999534-2C5C-11DE-A946-001E681DFAC2" contenttype="application/x-shockwave-flash"/>
  <swfs>
    <swf width="320" microphone="false" kb="false" camera="false" as_version="2" accelerometer="false" previewable="true" content-type="application/x-shockwave-flash" href="http://s3movies.chumby.com/cdn/xmlmovie/E3999534-2C5C-11DE-A946-001E681DFAC2" fixed_ar="true" swf_version="8" height="240" bgcolor="ffffff" supports_browser="false" pointing="false" resolution="" scalable="false" requires_sound="false"/>
  </swfs>
</widget>
