<?xml version="1.0" encoding="UTF-8"?>
<widget href="/xapis/catalog/widget/2AF78A2E-3B93-11DC-B5B4-0030485A78AA" id="2AF78A2E-3B93-11DC-B5B4-0030485A78AA">
  <name>Albino Blacksheep</name>
  <description>Animations hosted by albinoblacksheep.com</description>
  <version>1.5</version>
  <play mode="cooperative" time="20"/>
  <user type="chumby" id="00000000-0000-0000-0000-000000000001" username="chumby"/>
  <security sendable="true" previewable="true" access="public" approval="approved" virtualable="true" deletable="true" overlay="true"/>
  <rating count="44" value="3.6591"/>
  <thumbnail href="http://s3movies.chumby.com/cdn/xmlthumbnail/CA7DF694-67BE-11DC-860D-0030485A78AA" contenttype="image/jpeg"/>
  <template href="http://s3movies.chumby.com/cdn/xmltemplate/CA93147A-67BE-11DC-860D-0030485A78AA" contenttype="text/xml"/>
  <category href="http://xml.chumby.com/xapis/catalog/index/AC50ADA4-4088-11DC-B053-0030485A78AA" name="Animation" id="AC50ADA4-4088-11DC-B053-0030485A78AA"/>
  <movie href="http://s3movies.chumby.com/cdn/xmlmovie/CA9825FA-67BE-11DC-860D-0030485A78AA" contenttype="application/x-shockwave-flash"/>
  <swfs>
    <swf width="320" microphone="false" kb="false" camera="false" as_version="2" accelerometer="false" previewable="true" content-type="application/x-shockwave-flash" href="http://s3movies.chumby.com/cdn/xmlmovie/CA9825FA-67BE-11DC-860D-0030485A78AA" fixed_ar="true" swf_version="8" height="240" bgcolor="1b1f25" supports_browser="false" pointing="false" resolution="" scalable="false" requires_sound="false"/>
  </swfs>
</widget>
