<?xml version="1.0" encoding="UTF-8"?>
<widget href="/xapis/catalog/widget/94E04F6A-EE3A-11DD-9C7D-001B24F07EF4" id="94E04F6A-EE3A-11DD-9C7D-001B24F07EF4">
  <name>PEOPLE.com Latest News</name>
  <description>Get all the latest celebrity news from PEOPLE.com.</description>
  <version>3.2</version>
  <play mode="timeout" time="30"/>
  <user type="chumby" id="00000000-0000-0000-0000-000000000001" username="chumby"/>
  <security sendable="true" previewable="true" approval="approved" access="public" deletable="true" virtualable="true" overlay="true"/>
  <rating count="67" value="3.7164"/>
  <thumbnail href="http://s3movies.chumby.com/cdn/xmlthumbnail/FD02EA34-3084-11DF-B723-001B24E044BE" contenttype="image/jpeg"/>
  <template href="http://s3movies.chumby.com/cdn/xmltemplate/FD8A0050-3084-11DF-B723-001B24E044BE" contenttype="text/xml"/>
  <category href="http://xml.chumby.com/xapis/catalog/index/175E3A6A-5D3D-11DB-A0DD-0030485A78AA" name="Entertainment" id="175E3A6A-5D3D-11DB-A0DD-0030485A78AA"/>
  <movie href="http://s3movies.chumby.com/cdn/xmlmovie/FDF5162E-3084-11DF-B723-001B24E044BE" contenttype="application/x-shockwave-flash"/>
  <swfs>
    <swf width="320" microphone="false" kb="false" camera="false" as_version="2" accelerometer="false" previewable="true" content-type="application/x-shockwave-flash" href="http://s3movies.chumby.com/cdn/xmlmovie/FDF5162E-3084-11DF-B723-001B24E044BE" fixed_ar="true" swf_version="8" height="240" bgcolor="666666" supports_browser="false" pointing="false" resolution="" scalable="false" requires_sound="false"/>
  </swfs>
</widget>
