<?xml version="1.0" encoding="UTF-8"?>
<widget href="/xapis/catalog/widget/36CAA7B0-D434-11DD-A4B7-001B24F07EF4" id="36CAA7B0-D434-11DD-A4B7-001B24F07EF4">
  <name>CourierMail</name>
  <description>The latest Queensland News from The Courier-Mail.

Touch the screen to pause scrolling for 5 seconds, drag the screen to scroll to where you want

Note: The extra line of text at the bottom of the pictures does line up on the chumby, just not in the preview.</description>
  <version>1.01</version>
  <play mode="timeout" time="30"/>
  <user type="community" id="8A624844-B1E6-11DD-8266-001E681DF646" username="Freman"/>
  <security sendable="true" approval="approved" previewable="true" deletable="true" access="public" virtualable="true" overlay="true"/>
  <rating count="20" value="2.55"/>
  <thumbnail href="http://s3movies.chumby.com/cdn/xmlthumbnail/36CA96D0-D434-11DD-A4B7-001B24F07EF4" contenttype="image/jpeg"/>
  <template href="/xml/configs/36CAA7B0-D434-11DD-A4B7-001B24F07EF4" contenttype=""/>
  <category href="http://xml.chumby.com/xapis/catalog/index/8A3F7906-B75C-11DD-8466-001E681DF646" name="Australian" id="8A3F7906-B75C-11DD-8466-001E681DF646"/>
  <movie href="http://s3movies.chumby.com/cdn/xmlmovie/3EB95574-D4AD-11DD-A47B-001B24F07EF4" contenttype="application/x-shockwave-flash"/>
  <swfs>
    <swf width="320" microphone="false" kb="false" camera="false" as_version="2" accelerometer="false" previewable="true" content-type="application/x-shockwave-flash" href="http://s3movies.chumby.com/cdn/xmlmovie/3EB95574-D4AD-11DD-A47B-001B24F07EF4" fixed_ar="true" swf_version="8" height="240" bgcolor="383838" supports_browser="false" pointing="false" resolution="" scalable="false" requires_sound="false"/>
  </swfs>
</widget>
