<?xml version="1.0" encoding="UTF-8"?>
<widget href="/xapis/catalog/widget/9DDB418A-06F9-11E1-9584-001B24F07EF4" id="9DDB418A-06F9-11E1-9584-001B24F07EF4">
  <name>EzClock</name>
  <description>Just an easy, yet clear &amp; clean clock. It honours the 12/24h settings.</description>
  <version>1.0</version>
  <play mode="timeout" time="90"/>
  <user type="community" id="30ED734E-78A2-11E0-9FB7-001B24F07EF4" username="pteranodonte"/>
  <security sendable="true" previewable="true" approval="approved" access="public" deletable="true" virtualable="true" overlay="true"/>
  <rating count="1" value="4.0"/>
  <thumbnail href="http://s3movies.chumby.com/cdn/xmlthumbnail/68CE8914-0A52-11E1-9E30-001E681DFAC2" contenttype="image/jpeg"/>
  <template href="/xml/configs/9DDB418A-06F9-11E1-9584-001B24F07EF4" contenttype=""/>
  <category href="http://xml.chumby.com/xapis/catalog/index/EF508B70-2F35-11DB-8753-001372292121" name="Clocks" id="EF508B70-2F35-11DB-8753-001372292121"/>
  <movie href="http://s3movies.chumby.com/cdn/xmlmovie/9DDD8602-06F9-11E1-9584-001B24F07EF4" contenttype="application/x-shockwave-flash"/>
  <swfs>
    <swf width="320" microphone="false" kb="false" camera="false" as_version="2" accelerometer="false" previewable="true" content-type="application/x-shockwave-flash" href="http://s3movies.chumby.com/cdn/xmlmovie/9DDD8602-06F9-11E1-9584-001B24F07EF4" fixed_ar="true" swf_version="8" height="240" bgcolor="300050" supports_browser="false" pointing="false" resolution="" scalable="false" requires_sound="false"/>
  </swfs>
</widget>
