<?xml version="1.0" encoding="UTF-8"?>
<widget href="/xapis/catalog/widget/8E88EBFA-1814-11DE-979E-001E681DFAC2" id="8E88EBFA-1814-11DE-979E-001E681DFAC2">
  <name>Simple Desk Calendar</name>
  <description>Simple Desk Calendar </description>
  <version>1.1</version>
  <play mode="timeout" time="15"/>
  <user type="community" id="906EB7B6-30E3-11DC-83E9-0030488E34F8" username="myridom"/>
  <security sendable="true" previewable="true" approval="approved" access="public" deletable="true" virtualable="true" overlay="true"/>
  <rating count="73" value="3.9041"/>
  <thumbnail href="http://s3movies.chumby.com/cdn/xmlthumbnail/8E88D430-1814-11DE-979E-001E681DFAC2" contenttype="image/pjpeg"/>
  <template href="/xml/configs/8E88EBFA-1814-11DE-979E-001E681DFAC2" contenttype=""/>
  <category href="http://xml.chumby.com/xapis/catalog/index/5E907BD0-2F36-11DB-AF6D-001372292121" name="Calendars" id="5E907BD0-2F36-11DB-AF6D-001372292121"/>
  <movie href="http://s3movies.chumby.com/cdn/xmlmovie/35FC7726-1879-11DE-BA29-001E681DF646" contenttype="application/x-shockwave-flash"/>
  <swfs>
    <swf width="320" microphone="false" kb="false" camera="false" as_version="2" accelerometer="false" previewable="true" content-type="application/x-shockwave-flash" href="http://s3movies.chumby.com/cdn/xmlmovie/35FC7726-1879-11DE-BA29-001E681DF646" fixed_ar="true" swf_version="8" height="240" bgcolor="ffffff" supports_browser="false" pointing="false" resolution="" scalable="false" requires_sound="false"/>
  </swfs>
</widget>
