<?xml version="1.0" encoding="UTF-8"?>
<widget href="/xapis/catalog/widget/E9D0B42A-6C9C-11DE-BEE4-001B24F07EF4" id="E9D0B42A-6C9C-11DE-BEE4-001B24F07EF4">
  <name>Buck of Beer</name>
  <description>For beer lovers! A simple little screensaver showing the essential of life... A fresh and tasty looking beer.</description>
  <version>1.0</version>
  <play mode="timeout" time="30"/>
  <user type="community" id="87E213CC-0009-11DD-A70F-0016353B0686" username="Yuzzy"/>
  <security sendable="true" approval="approved" previewable="true" access="public" deletable="true" virtualable="true" overlay="true"/>
  <rating count="16" value="3.125"/>
  <thumbnail href="http://s3movies.chumby.com/cdn/xmlthumbnail/9C803AFA-6C9D-11DE-9966-001E681DFAC2" contenttype="image/jpeg"/>
  <template href="/xml/configs/E9D0B42A-6C9C-11DE-BEE4-001B24F07EF4" contenttype=""/>
  <category href="http://xml.chumby.com/xapis/catalog/index/AC50ADA4-4088-11DC-B053-0030485A78AA" name="Animation" id="AC50ADA4-4088-11DC-B053-0030485A78AA"/>
  <movie href="http://s3movies.chumby.com/cdn/xmlmovie/E9D0F228-6C9C-11DE-BEE4-001B24F07EF4" contenttype="application/x-shockwave-flash"/>
  <swfs>
    <swf width="320" microphone="false" kb="false" camera="false" as_version="2" accelerometer="false" previewable="true" content-type="application/x-shockwave-flash" href="http://s3movies.chumby.com/cdn/xmlmovie/E9D0F228-6C9C-11DE-BEE4-001B24F07EF4" fixed_ar="true" swf_version="4" height="240" bgcolor="ffcc00" supports_browser="false" pointing="false" resolution="" scalable="false" requires_sound="false"/>
  </swfs>
</widget>
