<?xml version="1.0" encoding="UTF-8"?>
<widget href="/xapis/catalog/widget/85640526-0E6C-11DD-A21F-0030488E34F8" id="85640526-0E6C-11DD-A21F-0030488E34F8">
  <name>Art of War by Sun Tzu eBook</name>
  <description>Displays individual paragraphs from the "Art of War," a Chinese military treatise written by Sun Tzu during the 6th century BC.

Non abridged, translated by Lionel Giles in 1910 and transcribed by the Project Gutenberg (EText-No. 17405).</description>
  <version>1.1</version>
  <play mode="timeout" time="30"/>
  <user type="community" id="FB6D3B4E-ACBE-11DC-AC8F-001635C47868" username="dominique"/>
  <security sendable="true" deletable="true" previewable="true" overlay="true" access="public" virtualable="true" approval="approved"/>
  <rating count="33" value="3.6364"/>
  <thumbnail href="http://s3movies.chumby.com/cdn/xmlthumbnail/8563D84E-0E6C-11DD-A21F-0030488E34F8" contenttype="image/jpeg"/>
  <template href="/xml/configs/85640526-0E6C-11DD-A21F-0030488E34F8" contenttype=""/>
  <category href="http://xml.chumby.com/xapis/catalog/index/E130976A-09A5-11DC-8592-0030488E34F8" name="Educational" id="E130976A-09A5-11DC-8592-0030488E34F8"/>
  <movie href="http://s3movies.chumby.com/cdn/xmlmovie/BE6F6AF2-A3C4-11DD-8F54-001B24F07EF4" contenttype="application/x-shockwave-flash"/>
  <swfs>
    <swf width="320" microphone="false" kb="false" camera="false" as_version="2" accelerometer="false" previewable="true" content-type="application/x-shockwave-flash" href="http://s3movies.chumby.com/cdn/xmlmovie/BE6F6AF2-A3C4-11DD-8F54-001B24F07EF4" fixed_ar="true" swf_version="8" height="240" bgcolor="ffffff" supports_browser="false" pointing="false" resolution="" scalable="false" requires_sound="false"/>
  </swfs>
</widget>
