<?xml version="1.0" encoding="UTF-8"?>
<widget href="/xapis/catalog/widget/FCDECD14-6D2F-11E0-BB60-0021288EBF58" id="FCDECD14-6D2F-11E0-BB60-0021288EBF58">
  <name>Internet Slang (mature)</name>
  <description>Slang words, acronyms and abbreviations from  InternetSlang.com

There's an invisible fun-button in the bottom right corner!</description>
  <version>1.11</version>
  <play mode="timeout" time="45"/>
  <mature>true</mature>
  <user type="community" id="4B3A1E42-144B-11DC-B0E0-0030485B7900" username="djchumby"/>
  <security sendable="true" deletable="true" previewable="true" overlay="true" access="publicplus" virtualable="true" approval="approved"/>
  <rating count="4" value="3.25"/>
  <thumbnail href="http://s3movies.chumby.com/cdn/xmlthumbnail/016ACFAA-70F4-11E0-BB7B-0021288E785A" contenttype="image/jpeg"/>
  <template href="/xml/configs/FCDECD14-6D2F-11E0-BB60-0021288EBF58" contenttype=""/>
  <category href="http://xml.chumby.com/xapis/catalog/index/E130976A-09A5-11DC-8592-0030488E34F8" name="Educational" id="E130976A-09A5-11DC-8592-0030488E34F8"/>
  <movie href="http://s3movies.chumby.com/cdn/xmlmovie/FCE04EC8-6D2F-11E0-BB60-0021288EBF58" contenttype="application/x-shockwave-flash"/>
  <swfs>
    <swf width="320" microphone="false" kb="false" camera="false" as_version="2" accelerometer="false" previewable="true" content-type="application/x-shockwave-flash" href="http://s3movies.chumby.com/cdn/xmlmovie/FCE04EC8-6D2F-11E0-BB60-0021288EBF58" fixed_ar="false" swf_version="8" height="240" bgcolor="000000" supports_browser="false" pointing="false" resolution="" scalable="false" requires_sound="false"/>
  </swfs>
</widget>
