<?xml version="1.0" encoding="UTF-8"?>
<widget href="/xapis/catalog/widget/6DF672C2-F6C3-11DC-A70F-0016353B0686" id="6DF672C2-F6C3-11DC-A70F-0016353B0686">
  <name>A Business of Ferrets</name>
  <description>Ferrets jumping out of pipes.  Great fun.  Click the pipes!  By Lauren Madar - laurenmadar.com</description>
  <version>1.0</version>
  <play mode="timeout" time="30"/>
  <user type="community" id="22FFBC44-F68F-11DC-A70F-0016353B0686" username="liquidleaf"/>
  <security sendable="true" overlay="true" previewable="true" access="public" virtualable="true" approval="approved" deletable="true"/>
  <rating count="44" value="2.5682"/>
  <thumbnail href="http://s3movies.chumby.com/cdn/xmlthumbnail/B8A7C578-F6C3-11DC-8F4A-0016353BC7CC" contenttype="image/pjpeg"/>
  <template href="/xml/configs/6DF672C2-F6C3-11DC-A70F-0016353B0686" contenttype=""/>
  <category href="http://xml.chumby.com/xapis/catalog/index/AC50ADA4-4088-11DC-B053-0030485A78AA" name="Animation" id="AC50ADA4-4088-11DC-B053-0030485A78AA"/>
  <movie href="http://s3movies.chumby.com/cdn/xmlmovie/B8985084-F6C3-11DC-8F4A-0016353BC7CC" contenttype="application/x-shockwave-flash"/>
  <swfs>
    <swf width="550" microphone="false" kb="false" camera="false" as_version="2" accelerometer="false" previewable="true" content-type="application/x-shockwave-flash" href="http://s3movies.chumby.com/cdn/xmlmovie/B8985084-F6C3-11DC-8F4A-0016353BC7CC" fixed_ar="true" swf_version="5" height="400" bgcolor="333333" supports_browser="false" pointing="false" resolution="" scalable="false" requires_sound="false"/>
  </swfs>
</widget>
