<?xml version="1.0" encoding="UTF-8"?>
<widget href="/xapis/catalog/widget/37308720-5480-11DE-BC6B-001B24F07EF4" id="37308720-5480-11DE-BC6B-001B24F07EF4">
  <name>Dawn</name>
  <description>Enjoy an artificial sunrise including bird sounds which wake you up gently: Brightness and volume will slowly increase over 10 minutes. Use it to wake up when you are in a light REM-sleep phase and be fresh in the morning.
Instructions: Make it the only widget in a new channel and create an alarm timer which switches to this channel when you want to wake up (do as described here and select audio source "None" in step 4). Make sure you switch from another channel to this one, otherwise you won't get a fresh sunrise. Optionally, create a conventional backup alarm timer 10 minutes later. 
A second possibility is to make "dawn" the first widget in a channel and customize its play time to 600 seconds. The following widgets could then be louder to wake you up for sure.</description>
  <version>2.5</version>
  <play mode="timeout" time="60"/>
  <user type="community" id="8998D7FC-E2F7-11DC-89AC-001635C47868" username="sirchadwick"/>
  <security sendable="true" overlay="true" previewable="true" access="public" virtualable="true" approval="approved" deletable="true"/>
  <rating count="53" value="3.6415"/>
  <thumbnail href="http://s3movies.chumby.com/cdn/xmlthumbnail/095BB430-5C39-11DE-B4D8-001B24F07EF4" contenttype="image/jpeg"/>
  <template href="/xml/configs/37308720-5480-11DE-BC6B-001B24F07EF4" contenttype=""/>
  <category href="http://xml.chumby.com/xapis/catalog/index/AC50ADA4-4088-11DC-B053-0030485A78AA" name="Animation" id="AC50ADA4-4088-11DC-B053-0030485A78AA"/>
  <movie href="http://s3movies.chumby.com/cdn/xmlmovie/373178BA-5480-11DE-BC6B-001B24F07EF4" contenttype="application/x-shockwave-flash"/>
  <swfs>
    <swf width="320" microphone="false" kb="false" camera="false" as_version="2" accelerometer="false" previewable="true" content-type="application/x-shockwave-flash" href="http://s3movies.chumby.com/cdn/xmlmovie/373178BA-5480-11DE-BC6B-001B24F07EF4" fixed_ar="true" swf_version="8" height="240" bgcolor="000000" supports_browser="false" pointing="false" resolution="" scalable="false" requires_sound="false"/>
  </swfs>
</widget>
