<?xml version="1.0" encoding="UTF-8"?>
<widget href="/xapis/catalog/widget/F17DFA56-3162-11DC-B4C3-0030485B7900" id="F17DFA56-3162-11DC-B4C3-0030485B7900">
  <name>grid lock</name>
  <description>series of lines draw themselves</description>
  <version>1.0</version>
  <play mode="timeout" time="15"/>
  <user type="community" id="16E5AFFC-1915-11DC-B0E0-0030485B7900" username="insidious7"/>
  <security sendable="true" approval="approved" previewable="true" deletable="true" access="public" virtualable="true" overlay="true"/>
  <rating count="31" value="4.0645"/>
  <thumbnail href="http://s3movies.chumby.com/cdn/xmlthumbnail/F17DC680-3162-11DC-B4C3-0030485B7900" contenttype="image/jpeg"/>
  <template href="/xml/configs/F17DFA56-3162-11DC-B4C3-0030485B7900" contenttype=""/>
  <category href="http://xml.chumby.com/xapis/catalog/index/175E3A6A-5D3D-11DB-A0DD-0030485A78AA" name="Entertainment" id="175E3A6A-5D3D-11DB-A0DD-0030485A78AA"/>
  <movie href="http://s3movies.chumby.com/cdn/xmlmovie/F17CCF5A-3162-11DC-B4C3-0030485B7900" contenttype="application/x-shockwave-flash"/>
  <swfs>
    <swf width="320" microphone="false" kb="false" camera="false" as_version="2" accelerometer="false" previewable="true" content-type="application/x-shockwave-flash" href="http://s3movies.chumby.com/cdn/xmlmovie/F17CCF5A-3162-11DC-B4C3-0030485B7900" fixed_ar="false" swf_version="6" height="240" bgcolor="000000" supports_browser="false" pointing="false" resolution="" scalable="false" requires_sound="false"/>
  </swfs>
</widget>
