<?xml version="1.0" encoding="UTF-8"?>
<widget href="/xapis/catalog/widget/07A36722-BB37-11DC-BCF6-0016353B0686" id="07A36722-BB37-11DC-BCF6-0016353B0686">
  <name>Time Stacks</name>
  <description>As time passes individual bars for each section of the current time and date stack up.</description>
  <version>.4</version>
  <play mode="timeout" time="60"/>
  <user type="community" id="97944A52-6418-11DC-AA89-00146C833363" username="jasson"/>
  <security sendable="true" deletable="true" previewable="true" overlay="true" access="public" virtualable="true" approval="approved"/>
  <rating count="52" value="4.0769"/>
  <thumbnail href="http://s3movies.chumby.com/cdn/xmlthumbnail/C1BE2B28-787A-11DD-B823-001E681DF646" contenttype="image/jpeg"/>
  <template href="/xml/configs/07A36722-BB37-11DC-BCF6-0016353B0686" contenttype=""/>
  <category href="http://xml.chumby.com/xapis/catalog/index/EF508B70-2F35-11DB-8753-001372292121" name="Clocks" id="EF508B70-2F35-11DB-8753-001372292121"/>
  <movie href="http://s3movies.chumby.com/cdn/xmlmovie/E8D00BEC-7879-11DD-B823-001E681DF646" contenttype="application/x-shockwave-flash"/>
  <swfs>
    <swf width="320" microphone="false" kb="false" camera="false" as_version="2" accelerometer="false" previewable="true" content-type="application/x-shockwave-flash" href="http://s3movies.chumby.com/cdn/xmlmovie/E8D00BEC-7879-11DD-B823-001E681DF646" fixed_ar="false" swf_version="8" height="240" bgcolor="ffffff" supports_browser="false" pointing="false" resolution="" scalable="false" requires_sound="false"/>
  </swfs>
</widget>
