<?xml version="1.0" encoding="UTF-8"?>
<widget href="/xapis/catalog/widget/1B2DA582-25E0-11DD-AE14-0030488D0168" id="1B2DA582-25E0-11DD-AE14-0030488D0168">
  <name>Dallas Observer's DC9 at Night</name>
  <description>The Dallas Observer's music blog</description>
  <version>2.0.5</version>
  <play mode="timeout" time="30"/>
  <user type="chumby" id="00000000-0000-0000-0000-000000000001" username="chumby"/>
  <security sendable="true" deletable="true" previewable="true" overlay="true" access="public" virtualable="true" approval="approved"/>
  <rating count="3" value="3.6667"/>
  <thumbnail href="http://s3movies.chumby.com/cdn/xmlthumbnail/BB3590B6-2558-11DF-88AF-001B24E044BE" contenttype="image/jpeg"/>
  <template href="http://s3movies.chumby.com/cdn/xmltemplate/BBDA0998-2558-11DF-88AF-001B24E044BE" contenttype="text/xml"/>
  <category href="http://xml.chumby.com/xapis/catalog/index/175E3A6A-5D3D-11DB-A0DD-0030485A78AA" name="Entertainment" id="175E3A6A-5D3D-11DB-A0DD-0030485A78AA"/>
  <movie href="http://s3movies.chumby.com/cdn/xmlmovie/BC60436E-2558-11DF-88AF-001B24E044BE" contenttype="application/x-shockwave-flash"/>
  <swfs>
    <swf width="320" microphone="false" kb="false" camera="false" as_version="2" accelerometer="false" previewable="true" content-type="application/x-shockwave-flash" href="http://s3movies.chumby.com/cdn/xmlmovie/BC60436E-2558-11DF-88AF-001B24E044BE" fixed_ar="false" swf_version="8" height="240" bgcolor="ffffff" supports_browser="false" pointing="false" resolution="" scalable="false" requires_sound="false"/>
  </swfs>
</widget>
