<?xml version="1.0" encoding="UTF-8"?>
<widget href="/xapis/catalog/widget/4F293E98-26A6-11DD-A20B-0030488E34CA" id="4F293E98-26A6-11DD-A20B-0030488E34CA">
  <name>Austrian Clock</name>
  <description>Displays time the way a human reads a clock if they're from Austria ;)</description>
  <version>1.0</version>
  <play mode="timeout" time="45"/>
  <user type="community" id="E77DD624-D58D-11DB-9CCC-00161771249B" username="theBoatman"/>
  <security sendable="true" approval="approved" previewable="true" access="public" deletable="true" virtualable="true" overlay="true"/>
  <rating count="21" value="3.7619"/>
  <thumbnail href="http://s3movies.chumby.com/cdn/xmlthumbnail/4F2914CC-26A6-11DD-A20B-0030488E34CA" contenttype="image/jpeg"/>
  <template href="/xml/configs/4F293E98-26A6-11DD-A20B-0030488E34CA" contenttype=""/>
  <category href="http://xml.chumby.com/xapis/catalog/index/EF508B70-2F35-11DB-8753-001372292121" name="Clocks" id="EF508B70-2F35-11DB-8753-001372292121"/>
  <movie href="http://s3movies.chumby.com/cdn/xmlmovie/4F222C2A-26A6-11DD-A20B-0030488E34CA" contenttype="application/x-shockwave-flash"/>
  <swfs>
    <swf width="320" microphone="false" kb="false" camera="false" as_version="2" accelerometer="false" previewable="true" content-type="application/x-shockwave-flash" href="http://s3movies.chumby.com/cdn/xmlmovie/4F222C2A-26A6-11DD-A20B-0030488E34CA" fixed_ar="false" swf_version="7" height="240" bgcolor="000000" supports_browser="false" pointing="false" resolution="" scalable="false" requires_sound="false"/>
  </swfs>
</widget>
