<?xml version="1.0" encoding="UTF-8"?>
<widget href="/xapis/catalog/widget/D651AE6A-BCCD-11DD-8063-001E681DF646" id="D651AE6A-BCCD-11DD-8063-001E681DF646">
  <name>Sydney Morning Herald (AU)</name>
  <description>National news headlines from the Sydney Morning Herald (Australia).</description>
  <version>1.0</version>
  <play mode="timeout" time="30"/>
  <user type="community" id="E818F108-307A-11DB-9A6C-001372292121" username="dmaxwell"/>
  <security sendable="true" previewable="true" access="public" approval="approved" virtualable="true" deletable="true" overlay="true"/>
  <rating count="33" value="2.3333"/>
  <thumbnail href="http://s3movies.chumby.com/cdn/xmlthumbnail/D6519D1C-BCCD-11DD-8063-001E681DF646" contenttype="image/jpeg"/>
  <template href="/xml/configs/D651AE6A-BCCD-11DD-8063-001E681DF646" contenttype=""/>
  <category href="http://xml.chumby.com/xapis/catalog/index/8A3F7906-B75C-11DD-8466-001E681DF646" name="Australian" id="8A3F7906-B75C-11DD-8466-001E681DF646"/>
  <movie href="http://s3movies.chumby.com/cdn/xmlmovie/D65101A4-BCCD-11DD-8063-001E681DF646" contenttype="application/x-shockwave-flash"/>
  <swfs>
    <swf width="320" microphone="false" kb="false" camera="false" as_version="2" accelerometer="false" previewable="true" content-type="application/x-shockwave-flash" href="http://s3movies.chumby.com/cdn/xmlmovie/D65101A4-BCCD-11DD-8063-001E681DF646" fixed_ar="true" swf_version="8" height="240" bgcolor="666666" supports_browser="false" pointing="false" resolution="" scalable="false" requires_sound="false"/>
  </swfs>
</widget>
