<?xml version="1.0" encoding="UTF-8"?>
<widget href="/xapis/catalog/widget/37840FA4-23BA-11DE-A025-001B24F07EF4" id="37840FA4-23BA-11DE-A025-001B24F07EF4">
  <name>Did you know?</name>
  <description>5,000 Random Facts to rotate on your Chumby</description>
  <version>1.0</version>
  <play mode="timeout" time="60"/>
  <user type="community" id="953AA88A-2048-11DE-8231-001B24F07EF4" username="agoldfinger"/>
  <security sendable="true" overlay="true" previewable="true" access="public" virtualable="true" approval="approved" deletable="true"/>
  <rating count="82" value="3.8659"/>
  <thumbnail href="http://s3movies.chumby.com/cdn/xmlthumbnail/3783F9EC-23BA-11DE-A025-001B24F07EF4" contenttype="image/jpeg"/>
  <template href="/xml/configs/37840FA4-23BA-11DE-A025-001B24F07EF4" contenttype=""/>
  <category href="http://xml.chumby.com/xapis/catalog/index/E130976A-09A5-11DC-8592-0030488E34F8" name="Educational" id="E130976A-09A5-11DC-8592-0030488E34F8"/>
  <movie href="http://s3movies.chumby.com/cdn/xmlmovie/3AA89C8C-240E-11DE-A24B-001E681DF646" contenttype="application/x-shockwave-flash"/>
  <swfs>
    <swf width="320" microphone="false" kb="false" camera="false" as_version="2" accelerometer="false" previewable="true" content-type="application/x-shockwave-flash" href="http://s3movies.chumby.com/cdn/xmlmovie/3AA89C8C-240E-11DE-A24B-001E681DF646" fixed_ar="true" swf_version="8" height="240" bgcolor="ffffff" supports_browser="false" pointing="false" resolution="" scalable="false" requires_sound="false"/>
  </swfs>
</widget>
