<?xml version="1.0" encoding="UTF-8"?>
<widget href="/xapis/catalog/widget/EC1748F8-E91A-11DD-9CA0-001E681DFAC2" id="EC1748F8-E91A-11DD-9CA0-001E681DFAC2">
  <name>Sky Happenings</name>
  <description>Sun rises and sets according to time of day. Clear display featuring day and date. Watch the skies for surprises. Tap the screen for a simple control panel (watch disasters, storms, or reload widget for the chance of a new sky event).  I'll continue to add new sky happenings as time allows, suggestions welcome! ** May 2009 Update ** Bluer skies for increased legibility, more sky events, fixed interval leak. </description>
  <version>3.65</version>
  <play mode="timeout" time="60"/>
  <user type="community" id="C16C3788-BC81-11DC-A690-00156009DD9B" username="McConnell"/>
  <security sendable="true" overlay="true" previewable="true" access="public" virtualable="true" approval="approved" deletable="true"/>
  <rating count="267" value="4.4532"/>
  <thumbnail href="http://s3movies.chumby.com/cdn/xmlthumbnail/EC1738A4-E91A-11DD-9CA0-001E681DFAC2" contenttype="image/jpeg"/>
  <template href="http://s3movies.chumby.com/cdn/xmltemplate/C81936C2-4627-11DE-BA1B-001E681DFAC2" contenttype="application/x-shockwave-flash"/>
  <category href="http://xml.chumby.com/xapis/catalog/index/EF508B70-2F35-11DB-8753-001372292121" name="Clocks" id="EF508B70-2F35-11DB-8753-001372292121"/>
  <movie href="http://s3movies.chumby.com/cdn/xmlmovie/C3274E1A-050E-11DE-B045-001B24F07EF4" contenttype="application/x-shockwave-flash"/>
  <swfs>
    <swf width="320" microphone="false" kb="false" camera="false" as_version="2" accelerometer="false" previewable="true" content-type="application/x-shockwave-flash" href="http://s3movies.chumby.com/cdn/xmlmovie/C3274E1A-050E-11DE-B045-001B24F07EF4" fixed_ar="true" swf_version="8" height="240" bgcolor="000000" supports_browser="false" pointing="false" resolution="" scalable="false" requires_sound="false"/>
  </swfs>
</widget>
