<?xml version="1.0" encoding="UTF-8"?>
<widget href="/xapis/catalog/widget/6E684F46-903E-11DC-8449-00146C833363" id="6E684F46-903E-11DC-8449-00146C833363">
  <name>Is this your card?</name>
  <description>A card revealer for magicians.  Only works if you know the secret!  Find the secret at krazydad.com/chumbycard/</description>
  <version>1.0</version>
  <play mode="timeout" time="60"/>
  <user type="community" id="7535499E-9036-11DC-85EB-0030488CBE0D" username="jbum"/>
  <security sendable="true" deletable="true" previewable="true" overlay="true" access="public" virtualable="true" approval="approved"/>
  <rating count="10" value="3.5"/>
  <thumbnail href="http://s3movies.chumby.com/cdn/xmlthumbnail/6E682066-903E-11DC-8449-00146C833363" contenttype="image/jpeg"/>
  <template href="/xml/configs/6E684F46-903E-11DC-8449-00146C833363" contenttype=""/>
  <category href="http://xml.chumby.com/xapis/catalog/index/175E3A6A-5D3D-11DB-A0DD-0030485A78AA" name="Entertainment" id="175E3A6A-5D3D-11DB-A0DD-0030485A78AA"/>
  <movie href="http://s3movies.chumby.com/cdn/xmlmovie/E7E47BC4-903E-11DC-8449-00146C833363" contenttype="application/x-shockwave-flash"/>
  <swfs>
    <swf width="320" microphone="false" kb="false" camera="false" as_version="2" accelerometer="false" previewable="true" content-type="application/x-shockwave-flash" href="http://s3movies.chumby.com/cdn/xmlmovie/E7E47BC4-903E-11DC-8449-00146C833363" fixed_ar="true" swf_version="8" height="240" bgcolor="ffffff" supports_browser="false" pointing="false" resolution="" scalable="false" requires_sound="false"/>
  </swfs>
</widget>
