<?xml version="1.0" encoding="UTF-8"?>
<widget href="/xapis/catalog/widget/E1C2FAA6-3D86-11E0-8FE7-0021288E6F90" id="E1C2FAA6-3D86-11E0-8FE7-0021288E6F90">
  <name>Counting Ducky Clock</name>
  <description>Ducky themed clock that helps teach children to count while learning how to read a digital clock.</description>
  <version>1.7</version>
  <play mode="timeout" time="45"/>
  <user type="community" id="6D21EBD2-36D6-11E0-9A0F-001B24F07EF4" username="odducky"/>
  <security sendable="true" previewable="true" approval="approved" access="public" deletable="true" virtualable="true" overlay="true"/>
  <rating count="13" value="4.3077"/>
  <thumbnail href="http://s3movies.chumby.com/cdn/xmlthumbnail/0D24E12C-3D88-11E0-A1FB-0021288EBF58" contenttype="image/jpeg"/>
  <template href="/xml/configs/E1C2FAA6-3D86-11E0-8FE7-0021288E6F90" contenttype=""/>
  <category href="http://xml.chumby.com/xapis/catalog/index/EF508B70-2F35-11DB-8753-001372292121" name="Clocks" id="EF508B70-2F35-11DB-8753-001372292121"/>
  <movie href="http://s3movies.chumby.com/cdn/xmlmovie/E1C4C214-3D86-11E0-8FE7-0021288E6F90" contenttype="application/x-shockwave-flash"/>
  <swfs>
    <swf width="600" microphone="false" kb="false" camera="false" as_version="2" accelerometer="false" previewable="true" content-type="application/x-shockwave-flash" href="http://s3movies.chumby.com/cdn/xmlmovie/E1C4C214-3D86-11E0-8FE7-0021288E6F90" fixed_ar="true" swf_version="7" height="460" bgcolor="e5f3ff" supports_browser="false" pointing="false" resolution="" scalable="false" requires_sound="false"/>
  </swfs>
</widget>
