<?xml version="1.0" encoding="UTF-8"?>
<widget href="/xapis/catalog/widget/5770E986-A300-11DC-BBBB-0016353BC7CC" id="5770E986-A300-11DC-BBBB-0016353BC7CC">
  <name>Merry Chumbmas</name>
  <description>Merry Chumbmas from Krazydad.  Tilt or tap Chumby to play with the falling snow.  Now with more responsive snow...</description>
  <version>1.2</version>
  <play mode="timeout" time="15"/>
  <user type="community" id="7535499E-9036-11DC-85EB-0030488CBE0D" username="jbum"/>
  <security sendable="true" approval="approved" previewable="true" access="public" deletable="true" virtualable="true" overlay="true"/>
  <rating count="34" value="3.9706"/>
  <thumbnail href="http://s3movies.chumby.com/cdn/xmlthumbnail/5770C2B2-A300-11DC-BBBB-0016353BC7CC" contenttype="image/jpeg"/>
  <template href="/xml/configs/5770E986-A300-11DC-BBBB-0016353BC7CC" contenttype=""/>
  <category href="http://xml.chumby.com/xapis/catalog/index/175E3A6A-5D3D-11DB-A0DD-0030485A78AA" name="Entertainment" id="175E3A6A-5D3D-11DB-A0DD-0030485A78AA"/>
  <movie href="http://s3movies.chumby.com/cdn/xmlmovie/F531B6E8-A3B7-11DC-BBBB-0016353BC7CC" contenttype="application/x-shockwave-flash"/>
  <swfs>
    <swf width="320" microphone="false" kb="false" camera="false" as_version="2" accelerometer="false" previewable="true" content-type="application/x-shockwave-flash" href="http://s3movies.chumby.com/cdn/xmlmovie/F531B6E8-A3B7-11DC-BBBB-0016353BC7CC" fixed_ar="true" swf_version="8" height="240" bgcolor="ffffff" supports_browser="false" pointing="false" resolution="" scalable="false" requires_sound="false"/>
  </swfs>
</widget>
