<?xml version="1.0" encoding="UTF-8"?>
<widget href="/xapis/catalog/widget/1285626A-914F-11DC-8449-00146C833363" id="1285626A-914F-11DC-8449-00146C833363">
  <name>Educator on my Chumby</name>
  <description>This is for users of Ucompass.com, Inc.'s Educator Learning Management System.  Watch for new information in your Educator online classrooms on your Chumby!</description>
  <version>1.0</version>
  <play mode="timeout" time="60"/>
  <user type="community" id="DF072B4A-88D8-11DC-AA89-00146C833363" username="emansouri"/>
  <security sendable="true" approval="approved" previewable="true" access="public" deletable="true" virtualable="true" overlay="true"/>
  <rating count="1" value="4.0"/>
  <thumbnail href="http://s3movies.chumby.com/cdn/xmlthumbnail/CE195D58-92FB-11DC-87B3-0030488E34F8" contenttype="image/jpeg"/>
  <template href="http://s3movies.chumby.com/cdn/xmltemplate/CE21349C-92FB-11DC-87B3-0030488E34F8" contenttype="application/x-shockwave-flash"/>
  <category href="http://xml.chumby.com/xapis/catalog/index/E130976A-09A5-11DC-8592-0030488E34F8" name="Educational" id="E130976A-09A5-11DC-8592-0030488E34F8"/>
  <movie href="http://s3movies.chumby.com/cdn/xmlmovie/CDEE3542-92FB-11DC-87B3-0030488E34F8" contenttype="application/x-shockwave-flash"/>
  <swfs>
    <swf width="320" microphone="false" kb="false" camera="false" as_version="2" accelerometer="false" previewable="true" content-type="application/x-shockwave-flash" href="http://s3movies.chumby.com/cdn/xmlmovie/CDEE3542-92FB-11DC-87B3-0030488E34F8" fixed_ar="true" swf_version="8" height="240" bgcolor="ffffff" supports_browser="false" pointing="false" resolution="" scalable="false" requires_sound="false"/>
  </swfs>
</widget>
