<?xml version="1.0" encoding="UTF-8"?>
<widget href="/xapis/catalog/widget/B40CEB0C-C4B9-11DB-82E4-00161771248C" id="B40CEB0C-C4B9-11DB-82E4-00161771248C">
  <name>Butterflies</name>
  <description>Chumby full of butterflies! http://www.softys.net</description>
  <version>1.0</version>
  <play mode="timeout" time="30"/>
  <user type="community" id="B8101CB4-C4B0-11DB-81F2-00161771249B" username="Whatwasit"/>
  <security sendable="true" overlay="true" previewable="true" access="public" virtualable="true" approval="approved" deletable="true"/>
  <rating count="35" value="3.5882"/>
  <thumbnail href="http://s3movies.chumby.com/cdn/xmlthumbnail/2C559A72-2415-11DC-A307-0030485A78AA" contenttype="image/jpeg"/>
  <template href="http://s3movies.chumby.com/cdn/xmltemplate/2C5311A8-2415-11DC-A307-0030485A78AA" contenttype="application/octet-stream"/>
  <category href="http://xml.chumby.com/xapis/catalog/index/2DAEAFDA-9798-11DB-9563-0030485A78AA" name="Animals" id="2DAEAFDA-9798-11DB-9563-0030485A78AA"/>
  <movie href="http://s3movies.chumby.com/cdn/xmlmovie/2C4F7200-2415-11DC-A307-0030485A78AA" contenttype="application/x-shockwave-flash"/>
  <swfs>
    <swf width="320" microphone="false" kb="false" camera="false" as_version="2" accelerometer="false" previewable="true" content-type="application/x-shockwave-flash" href="http://s3movies.chumby.com/cdn/xmlmovie/2C4F7200-2415-11DC-A307-0030485A78AA" fixed_ar="true" swf_version="4" height="240" bgcolor="ffffff" supports_browser="false" pointing="false" resolution="" scalable="false" requires_sound="false"/>
  </swfs>
</widget>
