<?xml version="1.0" encoding="UTF-8"?>
<widget href="/xapis/catalog/widget/72182558-D178-11DE-9578-001E681DF646" id="72182558-D178-11DE-9578-001E681DF646">
  <name>Only At Tech</name>
  <description>OnlyAtTech.net is a website similar to fml or mlia, but for Georgia Tech students. This widget will keep you updated with the latest posts. If you went or are going to Tech (or any engineering school), you'll love the site.

Thanks to samuel337!</description>
  <version>1.0</version>
  <play mode="timeout" time="15"/>
  <user type="community" id="7D3CF6C8-CAFE-11DE-9930-001E681DFAC2" username="blueIntegral"/>
  <security sendable="true" previewable="true" access="public" approval="approved" virtualable="true" deletable="true" overlay="true"/>
  <rating count="2" value="4.0"/>
  <thumbnail href="http://s3movies.chumby.com/cdn/xmlthumbnail/110FF028-D179-11DE-83E9-001E681DF646" contenttype="image/jpeg"/>
  <template href="/xml/configs/72182558-D178-11DE-9578-001E681DF646" contenttype=""/>
  <category href="http://xml.chumby.com/xapis/catalog/index/57767624-0D88-11DD-9BCD-0030488D0168" name="Community" id="57767624-0D88-11DD-9BCD-0030488D0168"/>
  <movie href="http://s3movies.chumby.com/cdn/xmlmovie/72189C86-D178-11DE-9578-001E681DF646" contenttype="application/x-shockwave-flash"/>
  <swfs>
    <swf width="320" microphone="false" kb="false" camera="false" as_version="2" accelerometer="false" previewable="true" content-type="application/x-shockwave-flash" href="http://s3movies.chumby.com/cdn/xmlmovie/72189C86-D178-11DE-9578-001E681DF646" fixed_ar="true" swf_version="8" height="240" bgcolor="ffffff" supports_browser="false" pointing="false" resolution="" scalable="false" requires_sound="false"/>
  </swfs>
</widget>
