<?xml version="1.0" encoding="UTF-8"?>
<widget href="/xapis/catalog/widget/3700796E-32C4-11DE-A1D7-001E681DF646" id="3700796E-32C4-11DE-A1D7-001E681DF646">
  <name>Circle Clock by SHOEZ</name>
  <description>This is Circle Click.&#12288;This is created by SHOEZ.
SHOEZ's Homepage is &lt;http://www.oct-net.ne.jp/~shoez/&gt;
------
&#36650;&#26178;&#35336;&#65288;&#36650;&#12398;&#22238;&#12427;&#26178;&#35336;&#65289;&#12391;&#12377;&#12290;
&#31169;&#12398;&#12507;&#12540;&#12512;&#12506;&#12540;&#12472;&#12399;&lt;http://www.oct-net.ne.jp/~shoez/&gt;&#12391;&#12377;&#12290;

</description>
  <version>1.0.3</version>
  <play mode="timeout" time="15"/>
  <user type="community" id="DCF905BC-13BA-11DE-A0DC-001E681DFAC2" username="shoez"/>
  <security sendable="true" overlay="true" previewable="true" access="public" virtualable="true" approval="approved" deletable="true"/>
  <rating count="5" value="3.0"/>
  <thumbnail href="http://s3movies.chumby.com/cdn/xmlthumbnail/74F664A4-4C6E-11DE-8BDB-001E681DF646" contenttype="image/jpeg"/>
  <template href="/xml/configs/3700796E-32C4-11DE-A1D7-001E681DF646" contenttype=""/>
  <category href="http://xml.chumby.com/xapis/catalog/index/EF508B70-2F35-11DB-8753-001372292121" name="Clocks" id="EF508B70-2F35-11DB-8753-001372292121"/>
  <movie href="http://s3movies.chumby.com/cdn/xmlmovie/3700AFA6-32C4-11DE-A1D7-001E681DF646" contenttype="application/x-shockwave-flash"/>
  <swfs>
    <swf width="320" microphone="false" kb="false" camera="false" as_version="2" accelerometer="false" previewable="true" content-type="application/x-shockwave-flash" href="http://s3movies.chumby.com/cdn/xmlmovie/3700AFA6-32C4-11DE-A1D7-001E681DF646" fixed_ar="true" swf_version="8" height="240" bgcolor="ffffff" supports_browser="false" pointing="false" resolution="" scalable="false" requires_sound="false"/>
  </swfs>
</widget>
