<?xml version="1.0" encoding="UTF-8"?>
<widget href="/xapis/catalog/widget/68CADC1A-B2D8-11DF-911B-0021288E6F90" id="68CADC1A-B2D8-11DF-911B-0021288E6F90">
  <name>Blue LED Clock</name>
  <description>Just a Mod of the Chumby Sample LCD Clock... because i like blue glowing stuff</description>
  <version>1.0</version>
  <play mode="timeout" time="15"/>
  <user type="community" id="B0C06B16-9B36-11DF-BB99-001B24F07EF4" username="pegazus666"/>
  <security sendable="true" approval="approved" previewable="true" access="publicplus" deletable="true" virtualable="true" overlay="true"/>
  <rating count="59" value="4.1017"/>
  <thumbnail href="http://s3movies.chumby.com/cdn/xmlthumbnail/68CA5E70-B2D8-11DF-911B-0021288E6F90" contenttype="image/jpeg"/>
  <template href="/xml/configs/68CADC1A-B2D8-11DF-911B-0021288E6F90" contenttype=""/>
  <category href="http://xml.chumby.com/xapis/catalog/index/EF508B70-2F35-11DB-8753-001372292121" name="Clocks" id="EF508B70-2F35-11DB-8753-001372292121"/>
  <movie href="http://s3movies.chumby.com/cdn/xmlmovie/68CDC2A4-B2D8-11DF-911B-0021288E6F90" contenttype="application/x-shockwave-flash"/>
  <swfs>
    <swf width="320" microphone="false" kb="false" camera="false" as_version="2" accelerometer="false" previewable="true" content-type="application/x-shockwave-flash" href="http://s3movies.chumby.com/cdn/xmlmovie/68CDC2A4-B2D8-11DF-911B-0021288E6F90" fixed_ar="true" swf_version="6" height="240" bgcolor="000000" supports_browser="false" pointing="false" resolution="" scalable="false" requires_sound="false"/>
  </swfs>
</widget>
