<?xml version="1.0" encoding="UTF-8"?>
<widget href="/xapis/catalog/widget/C42EAC6E-9087-11DD-937E-001E681DFAC2" id="C42EAC6E-9087-11DD-937E-001E681DFAC2">
  <name>Newtons Cradle</name>
  <description>The ubiquitous executive desktop accessory - smack your Chumby or flick a ball to get them moving.</description>
  <version>1.0</version>
  <play mode="timeout" time="15"/>
  <user type="community" id="C62516F2-8F8D-11DD-A3D1-001E681DF646" username="coling"/>
  <security sendable="true" previewable="true" approval="approved" access="public" deletable="true" virtualable="true" overlay="true"/>
  <rating count="94" value="3.9362"/>
  <thumbnail href="http://s3movies.chumby.com/cdn/xmlthumbnail/C42E9B02-9087-11DD-937E-001E681DFAC2" contenttype="image/jpeg"/>
  <template href="/xml/configs/C42EAC6E-9087-11DD-937E-001E681DFAC2" contenttype=""/>
  <category href="http://xml.chumby.com/xapis/catalog/index/EF508B70-2F35-11DB-8753-001372292121" name="Clocks" id="EF508B70-2F35-11DB-8753-001372292121"/>
  <movie href="http://s3movies.chumby.com/cdn/xmlmovie/BECD5758-9522-11DD-AF3A-001B24F07D28" contenttype="application/x-shockwave-flash"/>
  <swfs>
    <swf width="320" microphone="false" kb="false" camera="false" as_version="2" accelerometer="false" previewable="true" content-type="application/x-shockwave-flash" href="http://s3movies.chumby.com/cdn/xmlmovie/BECD5758-9522-11DD-AF3A-001B24F07D28" fixed_ar="true" swf_version="7" height="240" bgcolor="ffffff" supports_browser="false" pointing="false" resolution="" scalable="false" requires_sound="false"/>
  </swfs>
</widget>
