<?xml version="1.0" encoding="UTF-8"?>
<widget href="/xapis/catalog/widget/7F1F2322-FA27-11DF-BF2F-0021288E6F90" id="7F1F2322-FA27-11DF-BF2F-0021288E6F90">
  <name>SHAYTARDS clock</name>
  <description>A Clock with 90 auto changing backgrounds from the SHAYTARDS.

Backgrounds will be changed form time to time.

V. 1.6
Updated to new URL, changed Shaytards fonts and added a "Loading img..." text</description>
  <version>1.6</version>
  <play mode="timeout" time="90"/>
  <user type="community" id="5D2FA234-EFD3-11DC-A3D2-001635C47868" username="rvanherp"/>
  <security sendable="true" overlay="true" previewable="true" access="publicplus" virtualable="true" approval="approved" deletable="true"/>
  <rating count="6" value="1.6667"/>
  <thumbnail href="http://s3movies.chumby.com/cdn/xmlthumbnail/7F1EDBC4-FA27-11DF-BF2F-0021288E6F90" contenttype="image/jpeg"/>
  <template href="/xml/configs/7F1F2322-FA27-11DF-BF2F-0021288E6F90" contenttype=""/>
  <category href="http://xml.chumby.com/xapis/catalog/index/EF508B70-2F35-11DB-8753-001372292121" name="Clocks" id="EF508B70-2F35-11DB-8753-001372292121"/>
  <movie href="http://s3movies.chumby.com/cdn/xmlmovie/7F20D4B0-FA27-11DF-BF2F-0021288E6F90" contenttype="application/x-shockwave-flash"/>
  <swfs>
    <swf width="320" microphone="false" kb="false" camera="false" as_version="2" accelerometer="false" previewable="true" content-type="application/x-shockwave-flash" href="http://s3movies.chumby.com/cdn/xmlmovie/7F20D4B0-FA27-11DF-BF2F-0021288E6F90" fixed_ar="true" swf_version="6" height="240" bgcolor="ffffff" supports_browser="false" pointing="false" resolution="" scalable="false" requires_sound="false"/>
  </swfs>
</widget>
