<?xml version="1.0" encoding="UTF-8"?>
<widget href="/xapis/catalog/widget/AFD3075C-E145-11DC-A3BE-00156009DD9B" id="AFD3075C-E145-11DC-A3BE-00156009DD9B">
  <name>ISO-8601 clock</name>
  <description>Show time according to ISO-8601(Representation of dates and times)
Source: http://ns.basov.net/stuff/Chumby/</description>
  <version>1.0</version>
  <play mode="timeout" time="30"/>
  <user type="community" id="E931E0E0-9D2F-11DC-A002-00146C833363" username="MBasov"/>
  <security approval="approved" sendable="true" deletable="true" previewable="true" access="public" overlay="true" virtualable="true"/>
  <rating count="8" value="2.25"/>
  <thumbnail href="http://s3movies.chumby.com/cdn/xmlthumbnail/4197E8DC-E3F4-11DC-8AF7-001635C47868" contenttype="image/jpeg"/>
  <template href="/xml/configs/AFD3075C-E145-11DC-A3BE-00156009DD9B" contenttype=""/>
  <category href="http://xml.chumby.com/xapis/catalog/index/EF508B70-2F35-11DB-8753-001372292121" name="Clocks" id="EF508B70-2F35-11DB-8753-001372292121"/>
  <movie href="http://s3movies.chumby.com/cdn/xmlmovie/41939372-E3F4-11DC-8AF7-001635C47868" contenttype="application/x-shockwave-flash"/>
  <swfs>
    <swf width="320" microphone="false" kb="false" camera="false" as_version="2" accelerometer="false" previewable="true" content-type="application/x-shockwave-flash" href="http://s3movies.chumby.com/cdn/xmlmovie/41939372-E3F4-11DC-8AF7-001635C47868" fixed_ar="false" swf_version="7" height="240" bgcolor="000000" supports_browser="false" pointing="false" resolution="" scalable="false" requires_sound="false"/>
  </swfs>
</widget>
