<?xml version="1.0" encoding="UTF-8"?>
<widget href="/xapis/catalog/widget/DAED7BD6-452B-11DC-A8D0-0030485A78AA" id="DAED7BD6-452B-11DC-A8D0-0030485A78AA">
  <name>This day in history...</name>
  <description>What happened this day in history? Find out here!</description>
  <version>2.2.1</version>
  <play mode="timeout" time="45"/>
  <user type="community" id="FAE524F6-CCFF-11DB-AD70-00161771248C" username="howdog"/>
  <security approval="approved" sendable="true" deletable="true" previewable="true" access="public" overlay="true" virtualable="true"/>
  <rating count="119" value="3.7563"/>
  <thumbnail href="http://s3movies.chumby.com/cdn/xmlthumbnail/581676A6-E1AF-11DC-AFE5-0016353B4502" contenttype="image/jpeg"/>
  <template href="http://s3movies.chumby.com/cdn/xmltemplate/581E53BC-E1AF-11DC-AFE5-0016353B4502" contenttype="text/xml"/>
  <category href="http://xml.chumby.com/xapis/catalog/index/5E907BD0-2F36-11DB-AF6D-001372292121" name="Calendars" id="5E907BD0-2F36-11DB-AF6D-001372292121"/>
  <movie href="http://s3movies.chumby.com/cdn/xmlmovie/5832C31A-E1AF-11DC-AFE5-0016353B4502" contenttype="application/x-shockwave-flash"/>
  <swfs>
    <swf width="320" microphone="false" kb="false" camera="false" as_version="2" accelerometer="false" previewable="true" content-type="application/x-shockwave-flash" href="http://s3movies.chumby.com/cdn/xmlmovie/5832C31A-E1AF-11DC-AFE5-0016353B4502" fixed_ar="true" swf_version="8" height="240" bgcolor="ffffff" supports_browser="false" pointing="false" resolution="" scalable="false" requires_sound="false"/>
  </swfs>
</widget>
