<?xml version="1.0" encoding="UTF-8"?>
<widget href="/xapis/catalog/widget/A6A65C02-AEF2-11DE-AA2C-001E681DFAC2" id="A6A65C02-AEF2-11DE-AA2C-001E681DFAC2">
  <name>Encyclopedia of Life</name>
  <description>Shows random species from Encyclopedia of Life (eol.org). Tap screen for basic controls.</description>
  <version>1.0</version>
  <play mode="timeout" time="40"/>
  <user type="community" id="F895D434-4509-11DC-874A-00146C833363" username="gonga"/>
  <security sendable="true" overlay="true" previewable="true" access="public" virtualable="true" approval="approved" deletable="true"/>
  <rating count="20" value="3.85"/>
  <thumbnail href="http://s3movies.chumby.com/cdn/xmlthumbnail/A6A6104E-AEF2-11DE-AA2C-001E681DFAC2" contenttype="image/jpeg"/>
  <template href="/xml/configs/A6A65C02-AEF2-11DE-AA2C-001E681DFAC2" contenttype=""/>
  <category href="http://xml.chumby.com/xapis/catalog/index/E130976A-09A5-11DC-8592-0030488E34F8" name="Educational" id="E130976A-09A5-11DC-8592-0030488E34F8"/>
  <movie href="http://s3movies.chumby.com/cdn/xmlmovie/A6A6E03C-AEF2-11DE-AA2C-001E681DFAC2" contenttype="application/x-shockwave-flash"/>
  <swfs>
    <swf width="320" microphone="false" kb="false" camera="false" as_version="2" accelerometer="false" previewable="true" content-type="application/x-shockwave-flash" href="http://s3movies.chumby.com/cdn/xmlmovie/A6A6E03C-AEF2-11DE-AA2C-001E681DFAC2" fixed_ar="true" swf_version="8" height="240" bgcolor="ffffff" supports_browser="false" pointing="false" resolution="" scalable="false" requires_sound="false"/>
  </swfs>
</widget>
