<?xml version="1.0" encoding="UTF-8"?>
<widget href="/xapis/catalog/widget/D8ADDD08-0AB0-11DC-9794-0030488CBE0D" id="D8ADDD08-0AB0-11DC-9794-0030488CBE0D">
  <name>Face Maker</name>
  <description>Configurable face maker widget.</description>
  <version>1.0</version>
  <play mode="timeout" time="60"/>
  <user type="community" id="BC90DBD4-0876-11DC-AEC1-0030485B7900" username="PlasmicSteve"/>
  <security sendable="true" approval="approved" previewable="true" access="public" deletable="true" virtualable="true" overlay="true"/>
  <rating count="75" value="3.9867"/>
  <thumbnail href="http://s3movies.chumby.com/cdn/xmlthumbnail/2F711862-2415-11DC-A307-0030485A78AA" contenttype="image/jpeg"/>
  <template href="/xml/configs/D8ADDD08-0AB0-11DC-9794-0030488CBE0D" contenttype=""/>
  <category href="http://xml.chumby.com/xapis/catalog/index/175E3A6A-5D3D-11DB-A0DD-0030485A78AA" name="Entertainment" id="175E3A6A-5D3D-11DB-A0DD-0030485A78AA"/>
  <movie href="http://s3movies.chumby.com/cdn/xmlmovie/2F6CBA38-2415-11DC-A307-0030485A78AA" contenttype="application/x-shockwave-flash"/>
  <swfs>
    <swf width="320" microphone="false" kb="false" camera="false" as_version="2" accelerometer="false" previewable="true" content-type="application/x-shockwave-flash" href="http://s3movies.chumby.com/cdn/xmlmovie/2F6CBA38-2415-11DC-A307-0030485A78AA" fixed_ar="true" swf_version="7" height="240" bgcolor="666666" supports_browser="false" pointing="false" resolution="" scalable="false" requires_sound="false"/>
  </swfs>
</widget>
