<?xml version="1.0" encoding="UTF-8"?>
<widget href="/xapis/catalog/widget/8A6CFFEC-6CBB-11DE-8799-001E681DF646" id="8A6CFFEC-6CBB-11DE-8799-001E681DF646">
  <name>Sexy Clock</name>
  <description>It's always a good time on the sexy clock!</description>
  <version>1.0</version>
  <play mode="timeout" time="15"/>
  <user type="community" id="FAE524F6-CCFF-11DB-AD70-00161771248C" username="howdog"/>
  <security sendable="true" approval="approved" previewable="true" access="public" deletable="true" virtualable="true" overlay="true"/>
  <rating count="21" value="4.0476"/>
  <thumbnail href="http://s3movies.chumby.com/cdn/xmlthumbnail/8A6CBFA0-6CBB-11DE-8799-001E681DF646" contenttype="image/jpeg"/>
  <template href="/xml/configs/8A6CFFEC-6CBB-11DE-8799-001E681DF646" contenttype=""/>
  <category href="http://xml.chumby.com/xapis/catalog/index/EF508B70-2F35-11DB-8753-001372292121" name="Clocks" id="EF508B70-2F35-11DB-8753-001372292121"/>
  <movie href="http://s3movies.chumby.com/cdn/xmlmovie/8A6E3880-6CBB-11DE-8799-001E681DF646" contenttype="application/x-shockwave-flash"/>
  <swfs>
    <swf width="320" microphone="false" kb="false" camera="false" as_version="2" accelerometer="false" previewable="true" content-type="application/x-shockwave-flash" href="http://s3movies.chumby.com/cdn/xmlmovie/8A6E3880-6CBB-11DE-8799-001E681DF646" fixed_ar="true" swf_version="8" height="240" bgcolor="ffffff" supports_browser="false" pointing="false" resolution="" scalable="false" requires_sound="false"/>
  </swfs>
</widget>
