<?xml version="1.0" encoding="UTF-8"?>
<widget href="/xapis/catalog/widget/B7162A1C-7CDF-11DE-867D-001E681DFAC2" id="B7162A1C-7CDF-11DE-867D-001E681DFAC2">
  <name>Jim Bohannan Show v 2.0</name>
  <description>Jim Bohannan Show 
Includes Media Control panel.
List of Audio Highlights:
http://www.jimbotalk.net/pg/jsp/jimbo/audioarchive.jsp</description>
  <version>2.0.1</version>
  <play mode="timeout" time="60"/>
  <user type="community" id="A21E6122-8D05-11DC-85EB-0030488CBE0D" username="MagicBox"/>
  <security sendable="true" approval="approved" previewable="true" deletable="true" access="public" virtualable="true" overlay="true"/>
  <rating count="3" value="2.6667"/>
  <thumbnail href="http://s3movies.chumby.com/cdn/xmlthumbnail/3FB16ACA-B7BF-11DE-835C-001E681DF646" contenttype="image/jpeg"/>
  <template href="/xml/configs/B7162A1C-7CDF-11DE-867D-001E681DFAC2" contenttype=""/>
  <category href="http://xml.chumby.com/xapis/catalog/index/59BC5264-CF80-11DC-92D5-00156009DD9B" name="Communications" id="59BC5264-CF80-11DC-92D5-00156009DD9B"/>
  <movie href="http://s3movies.chumby.com/cdn/xmlmovie/B7184888-7CDF-11DE-867D-001E681DFAC2" contenttype="application/x-shockwave-flash"/>
  <swfs>
    <swf width="320" microphone="false" kb="false" camera="false" as_version="2" accelerometer="false" previewable="true" content-type="application/x-shockwave-flash" href="http://s3movies.chumby.com/cdn/xmlmovie/B7184888-7CDF-11DE-867D-001E681DFAC2" fixed_ar="true" swf_version="8" height="240" bgcolor="000000" supports_browser="false" pointing="false" resolution="" scalable="false" requires_sound="false"/>
  </swfs>
</widget>
