<?xml version="1.0" encoding="UTF-8"?>
<widget href="/xapis/catalog/widget/44E44C82-3292-11DD-8DFC-001B24F07D28" id="44E44C82-3292-11DD-8DFC-001B24F07D28">
  <name>Yahoo! Upcoming</name>
  <description>Yahoo! Upcoming Events Viewer</description>
  <version>0.1</version>
  <play mode="timeout" time="30"/>
  <user type="community" id="71CA9608-ED90-11DC-A70F-0016353B0686" username="hitakura"/>
  <security sendable="true" previewable="true" approval="approved" access="public" deletable="true" virtualable="true" overlay="true"/>
  <rating count="18" value="3.5"/>
  <thumbnail href="http://s3movies.chumby.com/cdn/xmlthumbnail/EE8FDC3A-342A-11DD-A287-001E681DF646" contenttype="image/jpeg"/>
  <template href="http://s3movies.chumby.com/cdn/xmltemplate/EE910D12-342A-11DD-A287-001E681DF646" contenttype="application/x-shockwave-flash"/>
  <category href="http://xml.chumby.com/xapis/catalog/index/5E907BD0-2F36-11DB-AF6D-001372292121" name="Calendars" id="5E907BD0-2F36-11DB-AF6D-001372292121"/>
  <movie href="http://s3movies.chumby.com/cdn/xmlmovie/EE810F98-342A-11DD-A287-001E681DF646" contenttype="application/x-shockwave-flash"/>
  <swfs>
    <swf width="320" microphone="false" kb="false" camera="false" as_version="2" accelerometer="false" previewable="true" content-type="application/x-shockwave-flash" href="http://s3movies.chumby.com/cdn/xmlmovie/EE810F98-342A-11DD-A287-001E681DF646" fixed_ar="true" swf_version="8" height="240" bgcolor="ffffff" supports_browser="false" pointing="false" resolution="" scalable="false" requires_sound="false"/>
  </swfs>
</widget>
