<?xml version="1.0" encoding="UTF-8"?>
<widget href="/xapis/catalog/widget/A8F029EC-FE35-11DE-87AF-001B24F07EF4" id="A8F029EC-FE35-11DE-87AF-001B24F07EF4">
  <name>Tree!</name>
  <description>Silly little flash animation, changes depending on time of day.  Various random events will occur as well, also dependent on time of day.</description>
  <version>1.0</version>
  <play mode="timeout" time="30"/>
  <user type="community" id="CE359CE4-F4FF-11DE-9602-001B24F07EF4" username="Enzondio"/>
  <security sendable="true" approval="approved" previewable="true" deletable="true" access="public" virtualable="true" overlay="true"/>
  <rating count="47" value="3.9787"/>
  <thumbnail href="http://s3movies.chumby.com/cdn/xmlthumbnail/ACE37E36-FE40-11DE-8243-001B24F07EF4" contenttype="image/jpeg"/>
  <template href="/xml/configs/A8F029EC-FE35-11DE-87AF-001B24F07EF4" contenttype=""/>
  <category href="http://xml.chumby.com/xapis/catalog/index/AC50ADA4-4088-11DC-B053-0030485A78AA" name="Animation" id="AC50ADA4-4088-11DC-B053-0030485A78AA"/>
  <movie href="http://s3movies.chumby.com/cdn/xmlmovie/A8F06D6C-FE35-11DE-87AF-001B24F07EF4" contenttype="application/x-shockwave-flash"/>
  <swfs>
    <swf width="320" microphone="false" kb="false" camera="false" as_version="2" accelerometer="false" previewable="true" content-type="application/x-shockwave-flash" href="http://s3movies.chumby.com/cdn/xmlmovie/A8F06D6C-FE35-11DE-87AF-001B24F07EF4" fixed_ar="true" swf_version="6" height="240" bgcolor="ffffff" supports_browser="false" pointing="false" resolution="" scalable="false" requires_sound="false"/>
  </swfs>
</widget>
