<?xml version="1.0" encoding="UTF-8"?>
<widget href="/xapis/catalog/widget/A0279DB0-C80A-11DE-9075-001B24F07EF4" id="A0279DB0-C80A-11DE-9075-001B24F07EF4">
  <name>Danny Marooned</name>
  <description>Meet Danny Marooned, a castaway stuck on an uncharted island in the middle of the ocean. Watch his life unfold as he does what any man could and would do in his position!</description>
  <version>2.0.0</version>
  <play mode="cooperative" time="30"/>
  <user type="chumby" id="00000000-0000-0000-0000-000000000001" username="chumby"/>
  <security sendable="true" approval="approved" previewable="true" deletable="true" access="public" virtualable="true" overlay="true"/>
  <rating count="239" value="4.4728"/>
  <thumbnail href="http://s3movies.chumby.com/cdn/xmlthumbnail/A2BCB9AC-1503-11DF-9E6E-001B24E044BE" contenttype="image/jpeg"/>
  <template href="http://s3movies.chumby.com/cdn/xmltemplate/A340D30E-1503-11DF-9E6E-001B24E044BE" contenttype="text/xml"/>
  <category href="http://xml.chumby.com/xapis/catalog/index/EF508B70-2F35-11DB-8753-001372292121" name="Clocks" id="EF508B70-2F35-11DB-8753-001372292121"/>
  <movie href="http://s3movies.chumby.com/cdn/xmlmovie/A38A937C-1503-11DF-9E6E-001B24E044BE" contenttype="application/x-shockwave-flash"/>
  <swfs>
    <swf width="320" microphone="false" kb="false" camera="false" as_version="2" accelerometer="false" previewable="true" content-type="application/x-shockwave-flash" href="http://s3movies.chumby.com/cdn/xmlmovie/A38A937C-1503-11DF-9E6E-001B24E044BE" fixed_ar="true" swf_version="8" height="240" bgcolor="999999" supports_browser="false" pointing="false" resolution="" scalable="false" requires_sound="false"/>
  </swfs>
</widget>
