<?xml version="1.0" encoding="UTF-8"?>
<widget href="/xapis/catalog/widget/C5313C46-03C7-11DD-8F4A-0016353BC7CC" id="C5313C46-03C7-11DD-8F4A-0016353BC7CC">
  <name>Newest Widgets 2</name>
  <description>See and use the most recent widgets.
Click the icon in the bottom right to move to the next widget.

Note: Some widgets may not work correctly when viewed like this.</description>
  <version>1.0</version>
  <play mode="timeout" time="15"/>
  <user type="community" id="68A619D8-03C7-11DD-8F4A-0016353BC7CC" username="thinkquick"/>
  <security sendable="true" previewable="true" approval="approved" access="public" deletable="true" virtualable="true" overlay="true"/>
  <rating count="13" value="2.3846"/>
  <thumbnail href="http://s3movies.chumby.com/cdn/xmlthumbnail/C53112DE-03C7-11DD-8F4A-0016353BC7CC" contenttype="image/pjpeg"/>
  <template href="/xml/configs/C5313C46-03C7-11DD-8F4A-0016353BC7CC" contenttype=""/>
  <category href="http://xml.chumby.com/xapis/catalog/index/57767624-0D88-11DD-9BCD-0030488D0168" name="Community" id="57767624-0D88-11DD-9BCD-0030488D0168"/>
  <movie href="http://s3movies.chumby.com/cdn/xmlmovie/95B698E6-03CF-11DD-8F4A-0016353BC7CC" contenttype="application/x-shockwave-flash"/>
  <swfs>
    <swf width="320" microphone="false" kb="false" camera="false" as_version="2" accelerometer="false" previewable="true" content-type="application/x-shockwave-flash" href="http://s3movies.chumby.com/cdn/xmlmovie/95B698E6-03CF-11DD-8F4A-0016353BC7CC" fixed_ar="true" swf_version="8" height="240" bgcolor="ffffff" supports_browser="false" pointing="false" resolution="" scalable="false" requires_sound="false"/>
  </swfs>
</widget>
