<?xml version="1.0" encoding="UTF-8"?>
<widget href="/xapis/catalog/widget/63F1FC50-0FBA-11DD-8E7D-0030488E34CA" id="63F1FC50-0FBA-11DD-8E7D-0030488E34CA">
  <name>Punch Clock</name>
  <description>A fairly faithful reproduction of a punch clock.</description>
  <version>1.1</version>
  <play mode="timeout" time="15"/>
  <user type="community" id="C16C3788-BC81-11DC-A690-00156009DD9B" username="McConnell"/>
  <security sendable="true" deletable="true" previewable="true" overlay="true" access="public" virtualable="true" approval="approved"/>
  <rating count="36" value="3.5278"/>
  <thumbnail href="http://s3movies.chumby.com/cdn/xmlthumbnail/63F1CEB0-0FBA-11DD-8E7D-0030488E34CA" contenttype="image/jpeg"/>
  <template href="/xml/configs/63F1FC50-0FBA-11DD-8E7D-0030488E34CA" contenttype=""/>
  <category href="http://xml.chumby.com/xapis/catalog/index/EF508B70-2F35-11DB-8753-001372292121" name="Clocks" id="EF508B70-2F35-11DB-8753-001372292121"/>
  <movie href="http://s3movies.chumby.com/cdn/xmlmovie/63E8D71A-0FBA-11DD-8E7D-0030488E34CA" contenttype="application/x-shockwave-flash"/>
  <swfs>
    <swf width="320" microphone="false" kb="false" camera="false" as_version="2" accelerometer="false" previewable="true" content-type="application/x-shockwave-flash" href="http://s3movies.chumby.com/cdn/xmlmovie/63E8D71A-0FBA-11DD-8E7D-0030488E34CA" fixed_ar="true" swf_version="6" height="240" bgcolor="ffffff" supports_browser="false" pointing="false" resolution="" scalable="false" requires_sound="false"/>
  </swfs>
</widget>
