<?xml version="1.0" encoding="UTF-8"?>
<widget href="/xapis/catalog/widget/0354A2BA-564E-11DC-8443-0030485A78AA" id="0354A2BA-564E-11DC-8443-0030485A78AA">
  <name>F-Listed</name>
  <description>Celebrity Gossip RSS Feed</description>
  <version>2.1</version>
  <play mode="timeout" time="40"/>
  <user type="community" id="ED932E36-D444-11DC-9287-001635C47868" username="Cricket"/>
  <security sendable="true" approval="approved" previewable="false" access="public" deletable="true" virtualable="false" overlay="true"/>
  <rating count="9" value="2.5556"/>
  <thumbnail href="http://s3movies.chumby.com/cdn/xmlthumbnail/310A10CE-2AF8-11DF-AAAB-001B24E044BE" contenttype="image/jpeg"/>
  <template href="http://s3movies.chumby.com/cdn/xmltemplate/318BF9C2-2AF8-11DF-AAAB-001B24E044BE" contenttype="text/xml"/>
  <category href="http://xml.chumby.com/xapis/catalog/index/175E3A6A-5D3D-11DB-A0DD-0030485A78AA" name="Entertainment" id="175E3A6A-5D3D-11DB-A0DD-0030485A78AA"/>
  <movie href="http://s3movies.chumby.com/cdn/xmlmovie/31FD03C4-2AF8-11DF-AAAB-001B24E044BE" contenttype="application/x-shockwave-flash"/>
  <swfs>
    <swf width="320" microphone="false" kb="false" camera="false" as_version="2" accelerometer="false" previewable="false" content-type="application/x-shockwave-flash" href="http://s3movies.chumby.com/cdn/xmlmovie/31FD03C4-2AF8-11DF-AAAB-001B24E044BE" fixed_ar="true" swf_version="8" height="240" bgcolor="ffffff" supports_browser="false" pointing="false" resolution="" scalable="false" requires_sound="false"/>
  </swfs>
</widget>
