<?xml version="1.0" encoding="UTF-8"?>
<widget href="/xapis/catalog/widget/AC03D1A2-9345-11DE-9D26-001E681DF646" id="AC03D1A2-9345-11DE-9D26-001E681DF646">
  <name>Candle Lite</name>
  <description>Need some candle light, and forgot where you left the matches and/or your candles? 

Never fear! 

You DO remember where you left your chumby, don't you?!

Well, fire it up (pun intended), and use Candle Lite and the power of Flash Lite on that bad boy/girl!

Use Candle Lite to give you that perfect romantic, yet uniquely geeky, candle light atmosphere!

... or use it to give you that "renaissance ambience" you've been looking for while penning your latest science fiction novel ... and much much more!

INSTRUCTIONS:
To leave the widget running in "sticky" mode, simply head to the control panel (top button on the chumby) and hit "STAY" button.

Brought to you by: Hooken Mobile and Scott Janousek.</description>
  <version>1.0</version>
  <play mode="timeout" time="60"/>
  <user type="community" id="9BE6D382-35E2-11DB-9ADF-001372292121" username="scottjanousek"/>
  <security sendable="true" approval="approved" previewable="true" access="public" deletable="true" virtualable="true" overlay="true"/>
  <rating count="102" value="3.902"/>
  <thumbnail href="http://s3movies.chumby.com/cdn/xmlthumbnail/AC03700E-9345-11DE-9D26-001E681DF646" contenttype="image/jpeg"/>
  <template href="/xml/configs/AC03D1A2-9345-11DE-9D26-001E681DF646" contenttype=""/>
  <category href="http://xml.chumby.com/xapis/catalog/index/AC50ADA4-4088-11DC-B053-0030485A78AA" name="Animation" id="AC50ADA4-4088-11DC-B053-0030485A78AA"/>
  <movie href="http://s3movies.chumby.com/cdn/xmlmovie/AC042760-9345-11DE-9D26-001E681DF646" contenttype="application/x-shockwave-flash"/>
  <swfs>
    <swf width="320" microphone="false" kb="false" camera="false" as_version="2" accelerometer="false" previewable="true" content-type="application/x-shockwave-flash" href="http://s3movies.chumby.com/cdn/xmlmovie/AC042760-9345-11DE-9D26-001E681DF646" fixed_ar="true" swf_version="8" height="240" bgcolor="000000" supports_browser="false" pointing="false" resolution="" scalable="false" requires_sound="false"/>
  </swfs>
</widget>
