<?xml version="1.0" encoding="UTF-8"?>
<widget href="/xapis/catalog/widget/BFC95A3E-4848-11DD-B7B8-001B24F07D28" id="BFC95A3E-4848-11DD-B7B8-001B24F07D28">
  <name>Word of the Day (Yahoo!)</name>
  <description>Learn a word of the day from Yahoo! Education.</description>
  <version>1.0</version>
  <play mode="timeout" time="30"/>
  <user type="community" id="BC5C23FC-3C6F-11DD-826F-001B24F07EF4" username="yuma"/>
  <security sendable="true" deletable="true" previewable="false" overlay="true" access="public" virtualable="false" approval="approved"/>
  <rating count="20" value="3.3"/>
  <thumbnail href="http://s3movies.chumby.com/cdn/xmlthumbnail/A0DDA980-4CEF-11DD-AA34-001E681DF646" contenttype="image/jpeg"/>
  <template href="/xml/configs/BFC95A3E-4848-11DD-B7B8-001B24F07D28" contenttype=""/>
  <category href="http://xml.chumby.com/xapis/catalog/index/E130976A-09A5-11DC-8592-0030488E34F8" name="Educational" id="E130976A-09A5-11DC-8592-0030488E34F8"/>
  <movie href="http://s3movies.chumby.com/cdn/xmlmovie/095E5D80-50B8-11DD-8E73-001E681DFAC2" contenttype="application/x-shockwave-flash"/>
  <swfs>
    <swf width="320" microphone="false" kb="false" camera="false" as_version="2" accelerometer="false" previewable="false" content-type="application/x-shockwave-flash" href="http://s3movies.chumby.com/cdn/xmlmovie/095E5D80-50B8-11DD-8E73-001E681DFAC2" fixed_ar="true" swf_version="8" height="240" bgcolor="ffffff" supports_browser="false" pointing="false" resolution="" scalable="false" requires_sound="false"/>
  </swfs>
</widget>
