<?xml version="1.0" encoding="UTF-8"?>
<widget href="/xapis/catalog/widget/7F3592A6-347D-11DC-B458-0030485A78AA" id="7F3592A6-347D-11DC-B458-0030485A78AA">
  <name>Public Service Announcements</name>
  <description>Brief public service announcements published by the Ad Council.</description>
  <version>1.9</version>
  <play mode="cooperative" time="20"/>
  <user type="chumby" id="00000000-0000-0000-0000-000000000001" username="chumby"/>
  <security sendable="true" approval="approved" previewable="true" access="public" deletable="true" virtualable="true" overlay="true"/>
  <rating count="9" value="2.0"/>
  <thumbnail href="http://s3movies.chumby.com/cdn/xmlthumbnail/BBAC7E3E-4698-11DC-AF01-0030485A78AA" contenttype="image/jpeg"/>
  <template href="http://s3movies.chumby.com/cdn/xmltemplate/BBD4CEAC-4698-11DC-AF01-0030485A78AA" contenttype="text/xml"/>
  <category href="http://xml.chumby.com/xapis/catalog/index/57767624-0D88-11DD-9BCD-0030488D0168" name="Community" id="57767624-0D88-11DD-9BCD-0030488D0168"/>
  <movie href="http://s3movies.chumby.com/cdn/xmlmovie/BBDB26DA-4698-11DC-AF01-0030485A78AA" contenttype="application/x-shockwave-flash"/>
  <swfs>
    <swf width="320" microphone="false" kb="false" camera="false" as_version="2" accelerometer="false" previewable="true" content-type="application/x-shockwave-flash" href="http://s3movies.chumby.com/cdn/xmlmovie/BBDB26DA-4698-11DC-AF01-0030485A78AA" fixed_ar="true" swf_version="8" height="240" bgcolor="000000" supports_browser="false" pointing="false" resolution="" scalable="false" requires_sound="false"/>
  </swfs>
</widget>
