<?xml version="1.0" encoding="UTF-8"?>
<widget href="/xapis/catalog/widget/6891279C-3D87-11E0-9298-0021288E720C" id="6891279C-3D87-11E0-9298-0021288E720C">
  <name>Ducky Analog Clock</name>
  <description>Ducky themed analog clock to bring a smile to young children as they learn to tell time.</description>
  <version>1.4</version>
  <play mode="timeout" time="45"/>
  <user type="community" id="6D21EBD2-36D6-11E0-9A0F-001B24F07EF4" username="odducky"/>
  <security sendable="true" approval="approved" previewable="true" access="public" deletable="true" virtualable="true" overlay="true"/>
  <rating count="6" value="4.3333"/>
  <thumbnail href="http://s3movies.chumby.com/cdn/xmlthumbnail/68905D30-3D87-11E0-9298-0021288E720C" contenttype="image/jpeg"/>
  <template href="/xml/configs/6891279C-3D87-11E0-9298-0021288E720C" contenttype=""/>
  <category href="http://xml.chumby.com/xapis/catalog/index/EF508B70-2F35-11DB-8753-001372292121" name="Clocks" id="EF508B70-2F35-11DB-8753-001372292121"/>
  <movie href="http://s3movies.chumby.com/cdn/xmlmovie/689320EC-3D87-11E0-9298-0021288E720C" contenttype="application/x-shockwave-flash"/>
  <swfs>
    <swf width="600" microphone="false" kb="false" camera="false" as_version="2" accelerometer="false" previewable="true" content-type="application/x-shockwave-flash" href="http://s3movies.chumby.com/cdn/xmlmovie/689320EC-3D87-11E0-9298-0021288E720C" fixed_ar="true" swf_version="7" height="460" bgcolor="ccffff" supports_browser="false" pointing="false" resolution="" scalable="false" requires_sound="false"/>
  </swfs>
</widget>
