<?xml version="1.0" encoding="UTF-8"?>
<widget href="/xapis/catalog/widget/CEF39A66-A777-11DF-B2B1-0021288E6F90" id="CEF39A66-A777-11DF-B2B1-0021288E6F90">
  <name>LAN Music</name>
  <description>LAN Music plays mp3's from a CIFS/SMB share and requires a script installed (simply copy files to USB and reboot chumby - very easy) - details here, so won't run on virtual chumby. 
You need to configure a share in chumby.com. Some comments on share setup
1 use IP address instead of server name
2 include a user name even if share is open to everyone
3 use a limited account - name and password are encrypted but they are not bullet proof.
I have only used it on windows share not sure if it will work on NAS box
Features are similar to normal MP3 player but with default and night mode extras - I have documented the interface here.
Note Flash Lite does not like (wont play or plays funny) some mp3's - sorry its a bit hit and miss.
Set the config to forever so does not time out. Have Fun. </description>
  <version>1.0</version>
  <play mode="timeout" time="15"/>
  <user type="community" id="073C4C2A-D1FE-11DD-B051-001E681DFAC2" username="nigelsenior"/>
  <security sendable="true" overlay="true" previewable="true" access="publicplus" virtualable="true" approval="approved" deletable="true"/>
  <rating count="12" value="3.8333"/>
  <thumbnail href="http://s3movies.chumby.com/cdn/xmlthumbnail/CEF2ABF6-A777-11DF-B2B1-0021288E6F90" contenttype="image/jpeg"/>
  <template href="http://s3movies.chumby.com/cdn/xmltemplate/755C5992-DDB0-11DF-90D3-0021288E720C" contenttype="application/x-shockwave-flash"/>
  <category href="http://xml.chumby.com/xapis/catalog/index/175E3A6A-5D3D-11DB-A0DD-0030485A78AA" name="Entertainment" id="175E3A6A-5D3D-11DB-A0DD-0030485A78AA"/>
  <movie href="http://s3movies.chumby.com/cdn/xmlmovie/CEF49916-A777-11DF-B2B1-0021288E6F90" contenttype="application/x-shockwave-flash"/>
  <swfs>
    <swf width="320" microphone="false" kb="false" camera="false" as_version="2" accelerometer="false" previewable="true" content-type="application/x-shockwave-flash" href="http://s3movies.chumby.com/cdn/xmlmovie/CEF49916-A777-11DF-B2B1-0021288E6F90" fixed_ar="true" swf_version="8" height="240" bgcolor="0099ff" supports_browser="false" pointing="false" resolution="" scalable="false" requires_sound="false"/>
  </swfs>
</widget>
