<?xml version="1.0" encoding="UTF-8"?>
<widget href="/xapis/catalog/widget/3CE7B3D6-E3AB-11DE-B835-001E681DFAC2" id="3CE7B3D6-E3AB-11DE-B835-001E681DFAC2">
  <name>purr</name>
  <description>Miss having a cat?  Place Chumby on your lap and pet once.</description>
  <version>1.3</version>
  <play mode="timeout" time="14"/>
  <user type="community" id="A22E4424-8DA1-11DC-85EB-0030488CBE0D" username="node56"/>
  <security sendable="true" previewable="true" approval="approved" access="public" deletable="true" virtualable="true" overlay="true"/>
  <rating count="25" value="2.64"/>
  <thumbnail href="http://s3movies.chumby.com/cdn/xmlthumbnail/26059CBC-EBDC-11DE-9BDA-001B24F07EF4" contenttype="image/jpeg"/>
  <template href="/xml/configs/3CE7B3D6-E3AB-11DE-B835-001E681DFAC2" contenttype=""/>
  <category href="http://xml.chumby.com/xapis/catalog/index/2DAEAFDA-9798-11DB-9563-0030485A78AA" name="Animals" id="2DAEAFDA-9798-11DB-9563-0030485A78AA"/>
  <movie href="http://s3movies.chumby.com/cdn/xmlmovie/3CE7DF5A-E3AB-11DE-B835-001E681DFAC2" contenttype="application/x-shockwave-flash"/>
  <swfs>
    <swf width="320" microphone="false" kb="false" camera="false" as_version="2" accelerometer="false" previewable="true" content-type="application/x-shockwave-flash" href="http://s3movies.chumby.com/cdn/xmlmovie/3CE7DF5A-E3AB-11DE-B835-001E681DFAC2" fixed_ar="true" swf_version="8" height="240" bgcolor="ffffff" supports_browser="false" pointing="false" resolution="" scalable="false" requires_sound="false"/>
  </swfs>
</widget>
