<?xml version="1.0" encoding="UTF-8"?>
<widget href="/xapis/catalog/widget/8E986B86-BBD8-11DD-99D6-001E681DF646" id="8E986B86-BBD8-11DD-99D6-001E681DF646">
  <name>Newton's Cradle</name>
  <description>For every action, there is an equal and opposite reaction.</description>
  <version>1.2</version>
  <play mode="timeout" time="60"/>
  <user type="community" id="F7587C8C-F9C4-11DC-A3D2-001635C47868" username="abowman"/>
  <security sendable="true" previewable="true" approval="approved" access="public" deletable="true" virtualable="true" overlay="true"/>
  <rating count="129" value="3.8527"/>
  <thumbnail href="http://s3movies.chumby.com/cdn/xmlthumbnail/8E9859DE-BBD8-11DD-99D6-001E681DF646" contenttype="image/jpeg"/>
  <template href="/xml/configs/8E986B86-BBD8-11DD-99D6-001E681DF646" contenttype=""/>
  <category href="http://xml.chumby.com/xapis/catalog/index/AC50ADA4-4088-11DC-B053-0030485A78AA" name="Animation" id="AC50ADA4-4088-11DC-B053-0030485A78AA"/>
  <movie href="http://s3movies.chumby.com/cdn/xmlmovie/432EA6C4-EC89-11DD-BD10-001B24F07EF4" contenttype="application/x-shockwave-flash"/>
  <swfs>
    <swf width="320" microphone="false" kb="false" camera="false" as_version="2" accelerometer="false" previewable="true" content-type="application/x-shockwave-flash" href="http://s3movies.chumby.com/cdn/xmlmovie/432EA6C4-EC89-11DD-BD10-001B24F07EF4" fixed_ar="true" swf_version="8" height="240" bgcolor="ffffff" supports_browser="false" pointing="false" resolution="" scalable="false" requires_sound="false"/>
  </swfs>
</widget>
