<?xml version="1.0" encoding="UTF-8"?>
<widget href="/xapis/catalog/widget/6CB69F52-6401-11DE-A8BE-001E681DF646" id="6CB69F52-6401-11DE-A8BE-001E681DF646">
  <name>Dash</name>
  <description>Work in dashes: Set the minutes you want to work, the pause will be a quater of that. Press "Do a dash" and start working. You hear a signal and the screen color changes when you can take a break. Put this widget as the only one into a channel or configure it to stay forever. </description>
  <version>1.6</version>
  <play mode="timeout" time="60"/>
  <user type="community" id="8998D7FC-E2F7-11DC-89AC-001635C47868" username="sirchadwick"/>
  <security sendable="true" approval="approved" previewable="true" access="public" deletable="true" virtualable="true" overlay="true"/>
  <rating count="13" value="4.3077"/>
  <thumbnail href="http://s3movies.chumby.com/cdn/xmlthumbnail/CA857F80-6425-11DE-A010-001E681DF646" contenttype="image/jpeg"/>
  <template href="/xml/configs/6CB69F52-6401-11DE-A8BE-001E681DF646" contenttype=""/>
  <category href="http://xml.chumby.com/xapis/catalog/index/E130976A-09A5-11DC-8592-0030488E34F8" name="Educational" id="E130976A-09A5-11DC-8592-0030488E34F8"/>
  <movie href="http://s3movies.chumby.com/cdn/xmlmovie/6CB78566-6401-11DE-A8BE-001E681DF646" contenttype="application/x-shockwave-flash"/>
  <swfs>
    <swf width="320" microphone="false" kb="false" camera="false" as_version="2" accelerometer="false" previewable="true" content-type="application/x-shockwave-flash" href="http://s3movies.chumby.com/cdn/xmlmovie/6CB78566-6401-11DE-A8BE-001E681DF646" fixed_ar="true" swf_version="8" height="240" bgcolor="000000" supports_browser="false" pointing="false" resolution="" scalable="false" requires_sound="false"/>
  </swfs>
</widget>
