<?xml version="1.0" encoding="UTF-8"?>
<widget href="/xapis/catalog/widget/CA4724E4-FA0C-11DC-A3D2-001635C47868" id="CA4724E4-FA0C-11DC-A3D2-001635C47868">
  <name>Hypno-Clock</name>
  <description>Chumby clock with crazy spiral</description>
  <version>1.0</version>
  <play mode="timeout" time="15"/>
  <user type="community" id="A356C09E-D2D7-11DC-9287-001635C47868" username="hoyeboye"/>
  <security approval="approved" sendable="true" deletable="true" previewable="true" access="public" overlay="true" virtualable="true"/>
  <rating count="19" value="2.8421"/>
  <thumbnail href="http://s3movies.chumby.com/cdn/xmlthumbnail/CA47019E-FA0C-11DC-A3D2-001635C47868" contenttype="image/jpeg"/>
  <template href="/xml/configs/CA4724E4-FA0C-11DC-A3D2-001635C47868" contenttype=""/>
  <category href="http://xml.chumby.com/xapis/catalog/index/EF508B70-2F35-11DB-8753-001372292121" name="Clocks" id="EF508B70-2F35-11DB-8753-001372292121"/>
  <movie href="http://s3movies.chumby.com/cdn/xmlmovie/CA43C830-FA0C-11DC-A3D2-001635C47868" contenttype="application/x-shockwave-flash"/>
  <swfs>
    <swf width="320" microphone="false" kb="false" camera="false" as_version="2" accelerometer="false" previewable="true" content-type="application/x-shockwave-flash" href="http://s3movies.chumby.com/cdn/xmlmovie/CA43C830-FA0C-11DC-A3D2-001635C47868" fixed_ar="false" swf_version="6" height="240" bgcolor="ffffff" supports_browser="false" pointing="false" resolution="" scalable="false" requires_sound="false"/>
  </swfs>
</widget>
