<?xml version="1.0" encoding="UTF-8"?>
<widget href="/xapis/catalog/widget/0D24A2D2-3739-11DD-B6BE-001E681DF646" id="0D24A2D2-3739-11DD-B6BE-001E681DF646">
  <name>Death Star Clock</name>
  <description>Vader and Luke chase each other they do. Around the Death Star they are. Touch the screen you will...mmm...yes.

Another Star Wars clock with some fun events when you touch the screen.</description>
  <version>1.0</version>
  <play mode="timeout" time="60"/>
  <user type="community" id="81ACB5BA-1D42-11DD-AEB0-0030485B7900" username="pcgodess"/>
  <security sendable="true" previewable="true" approval="approved" access="public" deletable="true" virtualable="true" overlay="true"/>
  <rating count="51" value="4.0196"/>
  <thumbnail href="http://s3movies.chumby.com/cdn/xmlthumbnail/67BE226C-373F-11DD-B6BE-001E681DF646" contenttype="image/pjpeg"/>
  <template href="/xml/configs/0D24A2D2-3739-11DD-B6BE-001E681DF646" contenttype=""/>
  <category href="http://xml.chumby.com/xapis/catalog/index/EF508B70-2F35-11DB-8753-001372292121" name="Clocks" id="EF508B70-2F35-11DB-8753-001372292121"/>
  <movie href="http://s3movies.chumby.com/cdn/xmlmovie/67B002FE-373F-11DD-B6BE-001E681DF646" contenttype="application/x-shockwave-flash"/>
  <swfs>
    <swf width="320" microphone="false" kb="false" camera="false" as_version="2" accelerometer="false" previewable="true" content-type="application/x-shockwave-flash" href="http://s3movies.chumby.com/cdn/xmlmovie/67B002FE-373F-11DD-B6BE-001E681DF646" fixed_ar="true" swf_version="8" height="240" bgcolor="ffffff" supports_browser="false" pointing="false" resolution="" scalable="false" requires_sound="false"/>
  </swfs>
</widget>
