<?xml version="1.0" encoding="UTF-8"?>
<widget href="/xapis/catalog/widget/EF65D314-7EA8-11E0-A81F-0021288E785A" id="EF65D314-7EA8-11E0-A81F-0021288E785A">
  <name>Omniclock BETA</name>
  <description>A streamlined widget that displays time, date and current weather using a clean and modern font. Important information is readable from far away.

International weather information is provided by the World Weather Online service. If the widget displays 00 degrees or inaccurate temperature, try entering more precise information about your location (like "Paris, France" instead of just "Paris").

Color is fully customizable and automatically displays time in 12 or 24 hour format, according to how your Chumby is configured.

Feedback is greatly appreciated, as are bug reports.

Upcoming features:
 - Day temperature switch, which will let you choose between current and day temperature.</description>
  <version>0.93b</version>
  <play mode="timeout" time="45"/>
  <user type="community" id="7957E558-0C71-11E0-B451-001E681DF646" username="idmadj"/>
  <security sendable="true" previewable="true" approval="approved" access="publicplus" deletable="true" virtualable="true" overlay="true"/>
  <rating count="55" value="4.1818"/>
  <thumbnail href="http://s3movies.chumby.com/cdn/xmlthumbnail/E49AB1DE-9596-11E0-9600-0021288E6F90" contenttype="image/jpeg"/>
  <template href="http://s3movies.chumby.com/cdn/xmltemplate/449C2E4E-A5AC-11E0-B5D9-0021288E785A" contenttype="application/x-shockwave-flash"/>
  <category href="http://xml.chumby.com/xapis/catalog/index/EF508B70-2F35-11DB-8753-001372292121" name="Clocks" id="EF508B70-2F35-11DB-8753-001372292121"/>
  <movie href="http://s3movies.chumby.com/cdn/xmlmovie/EF686F16-7EA8-11E0-A81F-0021288E785A" contenttype="application/x-shockwave-flash"/>
  <swfs>
    <swf width="320" microphone="false" kb="false" camera="false" as_version="2" accelerometer="false" previewable="true" content-type="application/x-shockwave-flash" href="http://s3movies.chumby.com/cdn/xmlmovie/EF686F16-7EA8-11E0-A81F-0021288E785A" fixed_ar="true" swf_version="8" height="240" bgcolor="333333" supports_browser="false" pointing="false" resolution="" scalable="false" requires_sound="false"/>
  </swfs>
</widget>
