<?xml version="1.0" encoding="UTF-8"?>
<widget href="/xapis/catalog/widget/5B4310F0-745D-11DD-A5B8-001B24F07D28" id="5B4310F0-745D-11DD-A5B8-001B24F07D28">
  <name>Aquarium</name>
  <description>Top view of an animated aquarium with cute little clown fishs. Try taping in the water. (based on Alec Armbruster's suggestion and the "Koi Pond" app for the iPhone) - Created by Yan Th&#233;riault - yanbuzz@gmail.com</description>
  <version>1.0</version>
  <play mode="timeout" time="60"/>
  <user type="community" id="87E213CC-0009-11DD-A70F-0016353B0686" username="Yuzzy"/>
  <security sendable="true" previewable="true" access="public" approval="approved" virtualable="true" deletable="true" overlay="true"/>
  <rating count="407" value="3.8354"/>
  <thumbnail href="http://s3movies.chumby.com/cdn/xmlthumbnail/5B42FBC4-745D-11DD-A5B8-001B24F07D28" contenttype="image/jpeg"/>
  <template href="/xml/configs/5B4310F0-745D-11DD-A5B8-001B24F07D28" contenttype=""/>
  <category href="http://xml.chumby.com/xapis/catalog/index/AC50ADA4-4088-11DC-B053-0030485A78AA" name="Animation" id="AC50ADA4-4088-11DC-B053-0030485A78AA"/>
  <movie href="http://s3movies.chumby.com/cdn/xmlmovie/5B30B036-745D-11DD-A5B8-001B24F07D28" contenttype="application/x-shockwave-flash"/>
  <swfs>
    <swf width="320" microphone="false" kb="false" camera="false" as_version="2" accelerometer="false" previewable="true" content-type="application/x-shockwave-flash" href="http://s3movies.chumby.com/cdn/xmlmovie/5B30B036-745D-11DD-A5B8-001B24F07D28" fixed_ar="true" swf_version="4" height="240" bgcolor="33ffff" supports_browser="false" pointing="false" resolution="" scalable="false" requires_sound="false"/>
  </swfs>
</widget>
