<?xml version="1.0" encoding="UTF-8"?>
<widget href="/xapis/catalog/widget/F2A9A5D8-EA30-11DC-8F4A-0016353BC7CC" id="F2A9A5D8-EA30-11DC-8F4A-0016353BC7CC">
  <name>UK TV clock - Thames</name>
  <description>Classic UK TV station clock from the 1980s. Flash clock created by Dave Jeffery and used with his permission. Taken from http://625.uk.com</description>
  <version>1.0</version>
  <play mode="timeout" time="60"/>
  <user type="community" id="41DDC2EC-C5E7-11DC-A5CC-001635C47868" username="gingerbeardman"/>
  <security sendable="true" previewable="false" access="public" approval="approved" virtualable="false" deletable="true" overlay="true"/>
  <rating count="8" value="4.0"/>
  <thumbnail href="http://s3movies.chumby.com/cdn/xmlthumbnail/F2A97F36-EA30-11DC-8F4A-0016353BC7CC" contenttype="image/jpeg"/>
  <template href="/xml/configs/F2A9A5D8-EA30-11DC-8F4A-0016353BC7CC" contenttype=""/>
  <category href="http://xml.chumby.com/xapis/catalog/index/EF508B70-2F35-11DB-8753-001372292121" name="Clocks" id="EF508B70-2F35-11DB-8753-001372292121"/>
  <movie href="http://s3movies.chumby.com/cdn/xmlmovie/F2A81862-EA30-11DC-8F4A-0016353BC7CC" contenttype="application/x-shockwave-flash"/>
  <swfs>
    <swf width="788" microphone="false" kb="false" camera="false" as_version="2" accelerometer="false" previewable="false" content-type="application/x-shockwave-flash" href="http://s3movies.chumby.com/cdn/xmlmovie/F2A81862-EA30-11DC-8F4A-0016353BC7CC" fixed_ar="true" swf_version="6" height="576" bgcolor="181818" supports_browser="false" pointing="false" resolution="" scalable="false" requires_sound="false"/>
  </swfs>
</widget>
