<?xml version="1.0" encoding="UTF-8"?>
<widget href="/xapis/catalog/widget/1B3E590A-9BB0-11DC-A002-00146C833363" id="1B3E590A-9BB0-11DC-A002-00146C833363">
  <name>Griddle -  A Chumby Screensaver</name>
  <description>This is a color-cycling grid shaped screensaver. Configure the widget to select a fixed scheme or let the color schemes change randomly every 2 minutes.</description>
  <version>1.0</version>
  <play mode="timeout" time="60"/>
  <user type="community" id="66F2FA0C-837F-11DC-8649-0030488CBE0D" username="jforsythe"/>
  <security sendable="true" approval="approved" previewable="true" access="public" deletable="true" virtualable="true" overlay="true"/>
  <rating count="26" value="2.3462"/>
  <thumbnail href="http://s3movies.chumby.com/cdn/xmlthumbnail/17C84EB0-9BC0-11DC-87B3-0030488E34F8" contenttype="image/jpeg"/>
  <template href="http://s3movies.chumby.com/cdn/xmltemplate/E78E5812-9BB9-11DC-A894-0030488CBE0D" contenttype="application/x-shockwave-flash"/>
  <category href="http://xml.chumby.com/xapis/catalog/index/AC50ADA4-4088-11DC-B053-0030485A78AA" name="Animation" id="AC50ADA4-4088-11DC-B053-0030485A78AA"/>
  <movie href="http://s3movies.chumby.com/cdn/xmlmovie/F66087BA-9BBF-11DC-ADE7-00146C833363" contenttype="application/x-shockwave-flash"/>
  <swfs>
    <swf width="320" microphone="false" kb="false" camera="false" as_version="2" accelerometer="false" previewable="true" content-type="application/x-shockwave-flash" href="http://s3movies.chumby.com/cdn/xmlmovie/F66087BA-9BBF-11DC-ADE7-00146C833363" fixed_ar="true" swf_version="6" height="240" bgcolor="ffffff" supports_browser="false" pointing="false" resolution="" scalable="false" requires_sound="false"/>
  </swfs>
</widget>
