<?xml version="1.0" encoding="UTF-8"?>
<widget href="/xapis/catalog/widget/1CBECD72-E3B4-11DC-859E-0016353B0686" id="1CBECD72-E3B4-11DC-859E-0016353B0686">
  <name>NIXIE Circuit Clock and Date</name>
  <description>NIXIE Circuit Clock with Date. Thanks for everyones help in the forums with the design of this one. More options will be added later.</description>
  <version>1.0</version>
  <play mode="timeout" time="15"/>
  <user type="community" id="906EB7B6-30E3-11DC-83E9-0030488E34F8" username="myridom"/>
  <security sendable="true" deletable="true" previewable="true" overlay="true" access="public" virtualable="true" approval="approved"/>
  <rating count="134" value="4.1791"/>
  <thumbnail href="http://s3movies.chumby.com/cdn/xmlthumbnail/1CBEA982-E3B4-11DC-859E-0016353B0686" contenttype="image/pjpeg"/>
  <template href="/xml/configs/1CBECD72-E3B4-11DC-859E-0016353B0686" contenttype=""/>
  <category href="http://xml.chumby.com/xapis/catalog/index/EF508B70-2F35-11DB-8753-001372292121" name="Clocks" id="EF508B70-2F35-11DB-8753-001372292121"/>
  <movie href="http://s3movies.chumby.com/cdn/xmlmovie/1CB98542-E3B4-11DC-859E-0016353B0686" contenttype="application/x-shockwave-flash"/>
  <swfs>
    <swf width="320" microphone="false" kb="false" camera="false" as_version="2" accelerometer="false" previewable="true" content-type="application/x-shockwave-flash" href="http://s3movies.chumby.com/cdn/xmlmovie/1CB98542-E3B4-11DC-859E-0016353B0686" fixed_ar="true" swf_version="8" height="240" bgcolor="000000" supports_browser="false" pointing="false" resolution="" scalable="false" requires_sound="false"/>
  </swfs>
</widget>
