<?xml version="1.0" encoding="UTF-8"?>
<widget href="/xapis/catalog/widget/2B26FC64-BEBE-11DD-97AA-001E681DF646" id="2B26FC64-BEBE-11DD-97AA-001E681DF646">
  <name>RocketMath2</name>
  <description>Simple Math Flash Card for kids</description>
  <version>1.0</version>
  <play mode="timeout" time="15"/>
  <user type="community" id="0D35775E-341B-11DD-8990-001B24F07D28" username="BerkshireChumby"/>
  <security sendable="true" previewable="true" approval="approved" access="public" deletable="true" virtualable="true" overlay="true"/>
  <rating count="24" value="2.2917"/>
  <thumbnail href="http://s3movies.chumby.com/cdn/xmlthumbnail/9AA6CDBC-BEBE-11DD-97AA-001E681DF646" contenttype="image/jpeg"/>
  <template href="/xml/configs/2B26FC64-BEBE-11DD-97AA-001E681DF646" contenttype=""/>
  <category href="http://xml.chumby.com/xapis/catalog/index/E130976A-09A5-11DC-8592-0030488E34F8" name="Educational" id="E130976A-09A5-11DC-8592-0030488E34F8"/>
  <movie href="http://s3movies.chumby.com/cdn/xmlmovie/9AA43FD4-BEBE-11DD-97AA-001E681DF646" contenttype="application/x-shockwave-flash"/>
  <swfs>
    <swf width="320" microphone="false" kb="false" camera="false" as_version="2" accelerometer="false" previewable="true" content-type="application/x-shockwave-flash" href="http://s3movies.chumby.com/cdn/xmlmovie/9AA43FD4-BEBE-11DD-97AA-001E681DF646" fixed_ar="true" swf_version="7" height="240" bgcolor="ffffff" supports_browser="false" pointing="false" resolution="" scalable="false" requires_sound="false"/>
  </swfs>
</widget>
