<?xml version="1.0" encoding="UTF-8"?>
<widget href="/xapis/catalog/widget/0C96AD8A-A47D-11DE-93DB-001B24F07EF4" id="0C96AD8A-A47D-11DE-93DB-001B24F07EF4">
  <name>BigBen 2.0</name>
  <description>The fog has moved out of London - see Big Ben in all of it's glory! Featuring 'real time' night and day with an updated clock mechanism for more accurate chimes. Sky begins to darken around 4:30pm - By 8:00pm it's dark and you can appreciate the gentle glow of the dial. Sun  rises sometime around 6:30am and sheds a golden light on the clock tower. The original is also still available (for those of you who enjoy the foggy goodness). </description>
  <version>3.0</version>
  <play mode="timeout" time="60"/>
  <user type="community" id="C16C3788-BC81-11DC-A690-00156009DD9B" username="McConnell"/>
  <security sendable="true" previewable="true" approval="approved" access="public" deletable="true" virtualable="true" overlay="true"/>
  <rating count="36" value="4.1667"/>
  <thumbnail href="http://s3movies.chumby.com/cdn/xmlthumbnail/0C96665E-A47D-11DE-93DB-001B24F07EF4" contenttype="image/jpeg"/>
  <template href="/xml/configs/0C96AD8A-A47D-11DE-93DB-001B24F07EF4" contenttype=""/>
  <category href="http://xml.chumby.com/xapis/catalog/index/EF508B70-2F35-11DB-8753-001372292121" name="Clocks" id="EF508B70-2F35-11DB-8753-001372292121"/>
  <movie href="http://s3movies.chumby.com/cdn/xmlmovie/0C96F3D0-A47D-11DE-93DB-001B24F07EF4" contenttype="application/x-shockwave-flash"/>
  <swfs>
    <swf width="320" microphone="false" kb="false" camera="false" as_version="2" accelerometer="false" previewable="true" content-type="application/x-shockwave-flash" href="http://s3movies.chumby.com/cdn/xmlmovie/0C96F3D0-A47D-11DE-93DB-001B24F07EF4" fixed_ar="true" swf_version="8" height="240" bgcolor="ffffff" supports_browser="false" pointing="false" resolution="" scalable="false" requires_sound="false"/>
  </swfs>
</widget>
