<?xml version="1.0" encoding="UTF-8"?>
<widget href="/xapis/catalog/widget/28767122-7A50-11DE-ADBF-001E681DF646" id="28767122-7A50-11DE-ADBF-001E681DF646">
  <name>panda-clock1</name>
  <description>u-shoku.jp &#12398;&#12510;&#12473;&#12467;&#12483;&#12488;&#12461;&#12515;&#12521;&#12463;&#12479;&#12391;&#12377;&#12290;</description>
  <version>1.0</version>
  <play mode="timeout" time="60"/>
  <user type="community" id="65835FF4-9F58-11DD-AA94-001B24F07EF4" username="yagi3mee"/>
  <security approval="approved" sendable="true" deletable="true" previewable="true" access="public" overlay="true" virtualable="true"/>
  <rating count="0" value="0.0"/>
  <thumbnail href="http://s3movies.chumby.com/cdn/xmlthumbnail/DE519870-7CA1-11DE-BC40-001E681DF646" contenttype="image/jpeg"/>
  <template href="/xml/configs/28767122-7A50-11DE-ADBF-001E681DF646" contenttype=""/>
  <category href="http://xml.chumby.com/xapis/catalog/index/EF508B70-2F35-11DB-8753-001372292121" name="Clocks" id="EF508B70-2F35-11DB-8753-001372292121"/>
  <movie href="http://s3movies.chumby.com/cdn/xmlmovie/28778BFC-7A50-11DE-ADBF-001E681DF646" contenttype="application/x-shockwave-flash"/>
  <swfs>
    <swf width="320" microphone="false" kb="false" camera="false" as_version="2" accelerometer="false" previewable="true" content-type="application/x-shockwave-flash" href="http://s3movies.chumby.com/cdn/xmlmovie/28778BFC-7A50-11DE-ADBF-001E681DF646" fixed_ar="true" swf_version="7" height="240" bgcolor="ffffff" supports_browser="false" pointing="false" resolution="" scalable="false" requires_sound="false"/>
  </swfs>
</widget>
