<?xml version="1.0" encoding="UTF-8"?>
<widget href="/xapis/catalog/widget/E123F592-DC8B-11DB-8DEC-00161771249B" id="E123F592-DC8B-11DB-8DEC-00161771249B">
  <name>Empty Monkey Brains</name>
  <description>Non-Grata, the large ensemble incarnation of the Monktail Creative Music Concern, remixed by emidAOV (Gabe Herbertson).
This is a 332k widget, be fore-warned.</description>
  <version>1.0</version>
  <play mode="timeout" time="60"/>
  <user type="community" id="F25B33F2-D646-11DB-AD70-00161771248C" username="grauwald"/>
  <security sendable="true" approval="approved" previewable="true" access="public" deletable="true" virtualable="true" overlay="true"/>
  <rating count="3" value="1.3333"/>
  <thumbnail href="http://s3movies.chumby.com/cdn/xmlthumbnail/2FE58850-2415-11DC-A307-0030485A78AA" contenttype="image/jpeg"/>
  <template href="http://s3movies.chumby.com/cdn/xmltemplate/2FDB6244-2415-11DC-A307-0030485A78AA" contenttype="application/octet-stream"/>
  <category href="http://xml.chumby.com/xapis/catalog/index/175E3A6A-5D3D-11DB-A0DD-0030485A78AA" name="Entertainment" id="175E3A6A-5D3D-11DB-A0DD-0030485A78AA"/>
  <movie href="http://s3movies.chumby.com/cdn/xmlmovie/2FCF94AA-2415-11DC-A307-0030485A78AA" contenttype="application/x-shockwave-flash"/>
  <swfs>
    <swf width="320" microphone="false" kb="false" camera="false" as_version="2" accelerometer="false" previewable="true" content-type="application/x-shockwave-flash" href="http://s3movies.chumby.com/cdn/xmlmovie/2FCF94AA-2415-11DC-A307-0030485A78AA" fixed_ar="true" swf_version="7" height="240" bgcolor="ffffff" supports_browser="false" pointing="false" resolution="" scalable="false" requires_sound="false"/>
  </swfs>
</widget>
