<?xml version="1.0" encoding="UTF-8"?>
<widget href="/xapis/catalog/widget/49CB7AA4-EA35-11DC-AEDD-00156009DD9B" id="49CB7AA4-EA35-11DC-AEDD-00156009DD9B">
  <name>UK TV clock - TSW</name>
  <description>Classic UK TV station clock from the 1980s. Flash clock created by Dave Jeffery and used with his permission. Taken from http://625.uk.com</description>
  <version>1.0</version>
  <play mode="timeout" time="60"/>
  <user type="community" id="41DDC2EC-C5E7-11DC-A5CC-001635C47868" username="gingerbeardman"/>
  <security sendable="true" overlay="true" previewable="false" access="public" virtualable="false" approval="approved" deletable="true"/>
  <rating count="7" value="3.7143"/>
  <thumbnail href="http://s3movies.chumby.com/cdn/xmlthumbnail/49CB5484-EA35-11DC-AEDD-00156009DD9B" contenttype="image/jpeg"/>
  <template href="/xml/configs/49CB7AA4-EA35-11DC-AEDD-00156009DD9B" contenttype=""/>
  <category href="http://xml.chumby.com/xapis/catalog/index/EF508B70-2F35-11DB-8753-001372292121" name="Clocks" id="EF508B70-2F35-11DB-8753-001372292121"/>
  <movie href="http://s3movies.chumby.com/cdn/xmlmovie/49CACDE8-EA35-11DC-AEDD-00156009DD9B" contenttype="application/x-shockwave-flash"/>
  <swfs>
    <swf width="768" microphone="false" kb="false" camera="false" as_version="2" accelerometer="false" previewable="false" content-type="application/x-shockwave-flash" href="http://s3movies.chumby.com/cdn/xmlmovie/49CACDE8-EA35-11DC-AEDD-00156009DD9B" fixed_ar="false" swf_version="6" height="576" bgcolor="000000" supports_browser="false" pointing="false" resolution="" scalable="false" requires_sound="false"/>
  </swfs>
</widget>
