<?xml version="1.0" encoding="UTF-8"?>
<widget href="/xapis/catalog/widget/60C581CC-D399-11DB-9CCC-00161771249B" id="60C581CC-D399-11DB-9CCC-00161771249B">
  <name>Jd - City Worm Clcck</name>
  <description>City scenery with random worm movement and a date and time overlay.  The scenery lighting updates in relation to the time of day.</description>
  <version>1.0</version>
  <play mode="timeout" time="60"/>
  <user type="community" id="2DE5992C-9F8C-11DB-BC27-00161771249B" username="jduran"/>
  <security sendable="true" previewable="true" approval="approved" access="public" deletable="true" virtualable="true" overlay="true"/>
  <rating count="38" value="3.8158"/>
  <thumbnail href="http://s3movies.chumby.com/cdn/xmlthumbnail/24720156-2415-11DC-A307-0030485A78AA" contenttype="image/jpeg"/>
  <template href="http://s3movies.chumby.com/cdn/xmltemplate/246F76C0-2415-11DC-A307-0030485A78AA" contenttype="application/octet-stream"/>
  <category href="http://xml.chumby.com/xapis/catalog/index/EF508B70-2F35-11DB-8753-001372292121" name="Clocks" id="EF508B70-2F35-11DB-8753-001372292121"/>
  <movie href="http://s3movies.chumby.com/cdn/xmlmovie/246B97F8-2415-11DC-A307-0030485A78AA" contenttype="application/x-shockwave-flash"/>
  <swfs>
    <swf width="320" microphone="false" kb="false" camera="false" as_version="2" accelerometer="false" previewable="true" content-type="application/x-shockwave-flash" href="http://s3movies.chumby.com/cdn/xmlmovie/246B97F8-2415-11DC-A307-0030485A78AA" fixed_ar="true" swf_version="6" height="240" bgcolor="cccccc" supports_browser="false" pointing="false" resolution="" scalable="false" requires_sound="false"/>
  </swfs>
</widget>
