<?xml version="1.0" encoding="UTF-8"?>
<widget href="/xapis/catalog/widget/5E913A52-2F36-11DB-AF6D-001372292121" id="5E913A52-2F36-11DB-AF6D-001372292121">
  <name>Google Calendar Viewer</name>
  <description>View upcoming events on your Google Calendar</description>
  <version>2.2.4</version>
  <play mode="timeout" time="40"/>
  <user type="community" id="0845C250-39F2-11DB-9051-001372292121" username="ksteele"/>
  <security sendable="true" previewable="true" approval="approved" access="public" deletable="true" virtualable="true" overlay="true"/>
  <rating count="318" value="3.6258"/>
  <thumbnail href="http://s3movies.chumby.com/cdn/xmlthumbnail/3704DD92-2E13-11DF-B32D-001B24E044BE" contenttype="image/jpeg"/>
  <template href="http://s3movies.chumby.com/cdn/xmltemplate/37879ACA-2E13-11DF-B32D-001B24E044BE" contenttype="application/x-shockwave-flash"/>
  <category href="http://xml.chumby.com/xapis/catalog/index/5E907BD0-2F36-11DB-AF6D-001372292121" name="Calendars" id="5E907BD0-2F36-11DB-AF6D-001372292121"/>
  <movie href="http://s3movies.chumby.com/cdn/xmlmovie/380BE596-2E13-11DF-B32D-001B24E044BE" contenttype="application/x-shockwave-flash"/>
  <swfs>
    <swf width="320" microphone="false" kb="false" camera="false" as_version="2" accelerometer="false" previewable="true" content-type="application/x-shockwave-flash" href="http://s3movies.chumby.com/cdn/xmlmovie/380BE596-2E13-11DF-B32D-001B24E044BE" fixed_ar="true" swf_version="8" height="240" bgcolor="ffffff" supports_browser="false" pointing="false" resolution="" scalable="false" requires_sound="false"/>
  </swfs>
</widget>
