<?xml version="1.0" encoding="UTF-8"?>
<widget href="/xapis/catalog/widget/49C64702-D769-11DC-9287-001635C47868" id="49C64702-D769-11DC-9287-001635C47868">
  <name>Deutsche Uhr</name>
  <description>german fuzzy clock :)</description>
  <version>1.1</version>
  <play mode="timeout" time="30"/>
  <user type="community" id="05D57D56-D5BB-11DC-8A90-0016353B0686" username="drwelt"/>
  <security sendable="true" overlay="true" previewable="true" access="public" virtualable="true" approval="approved" deletable="true"/>
  <rating count="48" value="4.375"/>
  <thumbnail href="http://s3movies.chumby.com/cdn/xmlthumbnail/30B740E4-D7F6-11DC-92D5-00156009DD9B" contenttype="image/jpeg"/>
  <template href="/xml/configs/49C64702-D769-11DC-9287-001635C47868" contenttype=""/>
  <category href="http://xml.chumby.com/xapis/catalog/index/EF508B70-2F35-11DB-8753-001372292121" name="Clocks" id="EF508B70-2F35-11DB-8753-001372292121"/>
  <movie href="http://s3movies.chumby.com/cdn/xmlmovie/AE668F26-D7F2-11DC-92D5-00156009DD9B" contenttype="application/x-shockwave-flash"/>
  <swfs>
    <swf width="320" microphone="false" kb="false" camera="false" as_version="2" accelerometer="false" previewable="true" content-type="application/x-shockwave-flash" href="http://s3movies.chumby.com/cdn/xmlmovie/AE668F26-D7F2-11DC-92D5-00156009DD9B" fixed_ar="false" swf_version="6" height="240" bgcolor="ffffff" supports_browser="false" pointing="false" resolution="" scalable="false" requires_sound="false"/>
  </swfs>
</widget>
