<?xml version="1.0" encoding="UTF-8"?>
<widget href="/xapis/catalog/widget/36C284D8-7B68-11DD-83BC-001E681DF646" id="36C284D8-7B68-11DD-83BC-001E681DF646">
  <name>CHINESE FRANKENSTEIN's ping pong</name>
  <description>Oops, had uploaded this with my Dad's account before.  I gave birth to ping pong, my new alien robot baby on 8.28.08.  This was part of a CHINESE FRANKENSTEIN performance.  See documentation here:
http://www.myspace.com/chinesefrankenstein

We'll be updating ping pong as s/he grows up.

Art/sound by Allison Rentz.
Thanks to all you acceleramoter programmer geniuses.</description>
  <version>1.0</version>
  <play mode="timeout" time="15"/>
  <user type="community" id="8DA870C6-7B65-11DD-B01D-001E681DF646" username="allisonrentz"/>
  <security sendable="true" deletable="true" previewable="true" overlay="true" access="public" virtualable="true" approval="approved"/>
  <rating count="4" value="2.0"/>
  <thumbnail href="http://s3movies.chumby.com/cdn/xmlthumbnail/36C26EDA-7B68-11DD-83BC-001E681DF646" contenttype="image/jpeg"/>
  <template href="/xml/configs/36C284D8-7B68-11DD-83BC-001E681DF646" contenttype=""/>
  <category href="http://xml.chumby.com/xapis/catalog/index/175E3A6A-5D3D-11DB-A0DD-0030485A78AA" name="Entertainment" id="175E3A6A-5D3D-11DB-A0DD-0030485A78AA"/>
  <movie href="http://s3movies.chumby.com/cdn/xmlmovie/C4D68E8E-872C-11DD-87EC-001B24F07EF4" contenttype="application/x-shockwave-flash"/>
  <swfs>
    <swf width="320" microphone="false" kb="false" camera="false" as_version="2" accelerometer="false" previewable="true" content-type="application/x-shockwave-flash" href="http://s3movies.chumby.com/cdn/xmlmovie/C4D68E8E-872C-11DD-87EC-001B24F07EF4" fixed_ar="true" swf_version="8" height="240" bgcolor="000000" supports_browser="false" pointing="false" resolution="" scalable="false" requires_sound="false"/>
  </swfs>
</widget>
