<?xml version="1.0" encoding="UTF-8"?>
<widget href="/xapis/catalog/widget/57A5F6E8-2E9A-11E0-A108-0021288E720C" id="57A5F6E8-2E9A-11E0-A108-0021288E720C">
  <name>Fresh Comics</name>
  <description>The Fresh Comics widget shows the covers of each week's latest comic releases.

For more information about Fresh Comics on other platforms, visit http://freshcomics.us.

1.3 Update: Fixes several visual bugs.</description>
  <version>1.3</version>
  <play mode="timeout" time="90"/>
  <user type="community" id="04E7DCD6-F069-11DC-8F4A-0016353BC7CC" username="cjkarr"/>
  <security sendable="true" approval="pending" previewable="true" deletable="true" access="public" virtualable="true" overlay="true"/>
  <rating count="2" value="3.0"/>
  <thumbnail href="http://s3movies.chumby.com/cdn/xmlthumbnail/57A58866-2E9A-11E0-A108-0021288E720C" contenttype="image/jpeg"/>
  <template href="/xml/configs/57A5F6E8-2E9A-11E0-A108-0021288E720C" contenttype=""/>
  <category href="http://xml.chumby.com/xapis/catalog/index/175E3A6A-5D3D-11DB-A0DD-0030485A78AA" name="Entertainment" id="175E3A6A-5D3D-11DB-A0DD-0030485A78AA"/>
  <movie href="http://s3movies.chumby.com/cdn/xmlmovie/57A76370-2E9A-11E0-A108-0021288E720C" contenttype="application/x-shockwave-flash"/>
  <swfs>
    <swf width="320" microphone="false" kb="false" camera="false" as_version="2" accelerometer="false" previewable="true" content-type="application/x-shockwave-flash" href="http://s3movies.chumby.com/cdn/xmlmovie/57A76370-2E9A-11E0-A108-0021288E720C" fixed_ar="false" swf_version="9" height="240" bgcolor="999999" supports_browser="false" pointing="false" resolution="320x240" scalable="false" requires_sound="false"/>
  </swfs>
</widget>
