<?xml version="1.0" encoding="UTF-8"?>
<widget href="/xapis/catalog/widget/92071B36-45C8-11DD-9B1E-001B24F07D28" id="92071B36-45C8-11DD-9B1E-001B24F07D28">
  <name>Digital Clock German</name>
  <description>Digital Clock in German date/time format
Date: dd.mm.yyyy; Time: 24 hours
Based on Digital Clock Widget (Example Widget)</description>
  <version>0.1</version>
  <play mode="timeout" time="30"/>
  <user type="community" id="934CEC98-3C3E-11DD-8977-001B24F07D28" username="romansvillage"/>
  <security sendable="true" approval="approved" previewable="true" access="public" deletable="true" virtualable="true" overlay="true"/>
  <rating count="23" value="3.8261"/>
  <thumbnail href="http://s3movies.chumby.com/cdn/xmlthumbnail/92070880-45C8-11DD-9B1E-001B24F07D28" contenttype="image/jpeg"/>
  <template href="/xml/configs/92071B36-45C8-11DD-9B1E-001B24F07D28" contenttype=""/>
  <category href="http://xml.chumby.com/xapis/catalog/index/EF508B70-2F35-11DB-8753-001372292121" name="Clocks" id="EF508B70-2F35-11DB-8753-001372292121"/>
  <movie href="http://s3movies.chumby.com/cdn/xmlmovie/9206A85E-45C8-11DD-9B1E-001B24F07D28" contenttype="application/x-shockwave-flash"/>
  <swfs>
    <swf width="320" microphone="false" kb="false" camera="false" as_version="2" accelerometer="false" previewable="true" content-type="application/x-shockwave-flash" href="http://s3movies.chumby.com/cdn/xmlmovie/9206A85E-45C8-11DD-9B1E-001B24F07D28" fixed_ar="true" swf_version="6" height="240" bgcolor="999966" supports_browser="false" pointing="false" resolution="" scalable="false" requires_sound="false"/>
  </swfs>
</widget>
