<?xml version="1.0" encoding="UTF-8"?>
<widget href="/xapis/catalog/widget/D71956B0-0E9B-11DF-8DB9-001E681DF646" id="D71956B0-0E9B-11DF-8DB9-001E681DF646">
  <name>Talking Clock</name>
  <description>Basic looking analogue clock that speaks the time to you when you touch the screen. In order to hear anything you need flite_time and a cgi script. Details on how they can be downloaded and installed are on the forum. 

This is really just a proof of concept, but once flite and the script are installed any widget can easily speak anything - see the forum for full details. Source code is also available at the forum link.

Note that you won't hear anything on a virtual chumby, it needs to run on a real chumby with the files above installed.</description>
  <version>2</version>
  <play mode="timeout" time="60"/>
  <user type="community" id="FD5C9F22-F79D-11DE-97C3-001E681DFAC2" username="t0mm0"/>
  <security sendable="true" approval="approved" previewable="true" deletable="true" access="public" virtualable="true" overlay="true"/>
  <rating count="7" value="2.8571"/>
  <thumbnail href="http://s3movies.chumby.com/cdn/xmlthumbnail/870300A2-1361-11DF-8748-001E681DFAC2" contenttype="image/jpeg"/>
  <template href="/xml/configs/D71956B0-0E9B-11DF-8DB9-001E681DF646" contenttype=""/>
  <category href="http://xml.chumby.com/xapis/catalog/index/EF508B70-2F35-11DB-8753-001372292121" name="Clocks" id="EF508B70-2F35-11DB-8753-001372292121"/>
  <movie href="http://s3movies.chumby.com/cdn/xmlmovie/D719CAB4-0E9B-11DF-8DB9-001E681DF646" contenttype="application/x-shockwave-flash"/>
  <swfs>
    <swf width="320" microphone="false" kb="false" camera="false" as_version="2" accelerometer="false" previewable="true" content-type="application/x-shockwave-flash" href="http://s3movies.chumby.com/cdn/xmlmovie/D719CAB4-0E9B-11DF-8DB9-001E681DF646" fixed_ar="false" swf_version="7" height="240" bgcolor="ffffff" supports_browser="false" pointing="false" resolution="" scalable="false" requires_sound="false"/>
  </swfs>
</widget>
