<?xml version="1.0" encoding="UTF-8"?>
<widget href="/xapis/catalog/widget/62BAE584-FDA9-11DE-9C2D-001E681DF646" id="62BAE584-FDA9-11DE-9C2D-001E681DF646">
  <name>Fuzzy Clock</name>
  <description>Another fuzzy clock</description>
  <version>2.2</version>
  <play mode="timeout" time="30"/>
  <user type="community" id="BBD05B76-B973-11DC-A690-00156009DD9B" username="likearaptor"/>
  <security sendable="true" previewable="true" approval="approved" access="public" deletable="true" virtualable="true" overlay="true"/>
  <rating count="17" value="4.0588"/>
  <thumbnail href="http://s3movies.chumby.com/cdn/xmlthumbnail/62BA9994-FDA9-11DE-9C2D-001E681DF646" contenttype="image/jpeg"/>
  <template href="/xml/configs/62BAE584-FDA9-11DE-9C2D-001E681DF646" contenttype=""/>
  <category href="http://xml.chumby.com/xapis/catalog/index/EF508B70-2F35-11DB-8753-001372292121" name="Clocks" id="EF508B70-2F35-11DB-8753-001372292121"/>
  <movie href="http://s3movies.chumby.com/cdn/xmlmovie/62BB2B20-FDA9-11DE-9C2D-001E681DF646" contenttype="application/x-shockwave-flash"/>
  <swfs>
    <swf width="320" microphone="false" kb="false" camera="false" as_version="2" accelerometer="false" previewable="true" content-type="application/x-shockwave-flash" href="http://s3movies.chumby.com/cdn/xmlmovie/62BB2B20-FDA9-11DE-9C2D-001E681DF646" fixed_ar="false" swf_version="8" height="240" bgcolor="000000" supports_browser="false" pointing="false" resolution="" scalable="false" requires_sound="false"/>
  </swfs>
</widget>
