<?xml version="1.0" encoding="UTF-8"?>
<widget href="/xapis/catalog/widget/ED4D23A0-B419-11DC-A827-0016353B4502" id="ED4D23A0-B419-11DC-A827-0016353B4502">
  <name>Perez Hilton</name>
  <description>Celebrity Juice, not from Concentrate.</description>
  <version>3.2</version>
  <play mode="timeout" time="30"/>
  <user type="chumby" id="00000000-0000-0000-0000-000000000001" username="chumby"/>
  <security sendable="true" previewable="true" approval="approved" access="public" deletable="true" virtualable="true" overlay="true"/>
  <rating count="28" value="3.3214"/>
  <thumbnail href="http://s3movies.chumby.com/cdn/xmlthumbnail/F38E5006-2657-11DF-90B3-001B24E044BE" contenttype="image/jpeg"/>
  <template href="http://s3movies.chumby.com/cdn/xmltemplate/F41F6E10-2657-11DF-90B3-001B24E044BE" contenttype="text/xml"/>
  <category href="http://xml.chumby.com/xapis/catalog/index/175E3A6A-5D3D-11DB-A0DD-0030485A78AA" name="Entertainment" id="175E3A6A-5D3D-11DB-A0DD-0030485A78AA"/>
  <movie href="http://s3movies.chumby.com/cdn/xmlmovie/F4975F74-2657-11DF-90B3-001B24E044BE" contenttype="application/x-shockwave-flash"/>
  <swfs>
    <swf width="320" microphone="false" kb="false" camera="false" as_version="2" accelerometer="false" previewable="true" content-type="application/x-shockwave-flash" href="http://s3movies.chumby.com/cdn/xmlmovie/F4975F74-2657-11DF-90B3-001B24E044BE" fixed_ar="false" swf_version="8" height="240" bgcolor="ffffff" supports_browser="false" pointing="false" resolution="" scalable="false" requires_sound="false"/>
  </swfs>
</widget>
