<?xml version="1.0" encoding="UTF-8"?>
<widget href="/xapis/catalog/widget/40E3B8F6-10B0-11DD-8864-0030485B75AA" id="40E3B8F6-10B0-11DD-8864-0030485B75AA">
  <name>Chromachron Clock</name>
  <description>Site member "blue" asked for this, so I thought I'd oblige.</description>
  <version>1.0</version>
  <play mode="timeout" time="15"/>
  <user type="community" id="832FF9A6-FC18-11DC-AEDD-00156009DD9B" username="quizengine"/>
  <security sendable="true" deletable="true" previewable="true" overlay="true" access="public" virtualable="true" approval="approved"/>
  <rating count="11" value="3.2727"/>
  <thumbnail href="http://s3movies.chumby.com/cdn/xmlthumbnail/40E3760C-10B0-11DD-8864-0030485B75AA" contenttype="image/pjpeg"/>
  <template href="/xml/configs/40E3B8F6-10B0-11DD-8864-0030485B75AA" contenttype=""/>
  <category href="http://xml.chumby.com/xapis/catalog/index/EF508B70-2F35-11DB-8753-001372292121" name="Clocks" id="EF508B70-2F35-11DB-8753-001372292121"/>
  <movie href="http://s3movies.chumby.com/cdn/xmlmovie/40E1A462-10B0-11DD-8864-0030485B75AA" contenttype="application/x-shockwave-flash"/>
  <swfs>
    <swf width="320" microphone="false" kb="false" camera="false" as_version="2" accelerometer="false" previewable="true" content-type="application/x-shockwave-flash" href="http://s3movies.chumby.com/cdn/xmlmovie/40E1A462-10B0-11DD-8864-0030485B75AA" fixed_ar="false" swf_version="8" height="240" bgcolor="ffffff" supports_browser="false" pointing="false" resolution="" scalable="false" requires_sound="false"/>
  </swfs>
</widget>
