<?xml version="1.0" encoding="UTF-8"?>
<widget href="/xapis/catalog/widget/5E0839F0-D8A0-11DB-892C-00161771248C" id="5E0839F0-D8A0-11DB-892C-00161771248C">
  <name>betasynth</name>
  <description>Abstract image generator by www.betasynth.com</description>
  <version>1.0</version>
  <play mode="timeout" time="15"/>
  <user type="community" id="A82497A0-D89F-11DB-BBD4-00161771249B" username="beta_pedro"/>
  <security sendable="true" overlay="true" previewable="true" access="public" virtualable="true" approval="approved" deletable="true"/>
  <rating count="12" value="2.9167"/>
  <thumbnail href="http://s3movies.chumby.com/cdn/xmlthumbnail/23D4AB40-2415-11DC-A307-0030485A78AA" contenttype="image/jpeg"/>
  <template href="/xml/configs/5E0839F0-D8A0-11DB-892C-00161771248C" contenttype=""/>
  <category href="http://xml.chumby.com/xapis/catalog/index/175E3A6A-5D3D-11DB-A0DD-0030485A78AA" name="Entertainment" id="175E3A6A-5D3D-11DB-A0DD-0030485A78AA"/>
  <movie href="http://s3movies.chumby.com/cdn/xmlmovie/23D20430-2415-11DC-A307-0030485A78AA" contenttype="application/x-shockwave-flash"/>
  <swfs>
    <swf width="320" microphone="false" kb="false" camera="false" as_version="2" accelerometer="false" previewable="true" content-type="application/x-shockwave-flash" href="http://s3movies.chumby.com/cdn/xmlmovie/23D20430-2415-11DC-A307-0030485A78AA" fixed_ar="true" swf_version="7" height="240" bgcolor="4d165d" supports_browser="false" pointing="false" resolution="" scalable="false" requires_sound="false"/>
  </swfs>
</widget>
