<?xml version="1.0" encoding="UTF-8"?>
<widget href="/xapis/catalog/widget/B31309FC-7D28-11DC-8649-0030488CBE0D" id="B31309FC-7D28-11DC-8649-0030488CBE0D">
  <name>I like to draw</name>
  <description>A simple widget that lets you draw.

Beta 1.0

Future versions: Fill tool, stamps, and backgrounds to color in.</description>
  <version>1.0</version>
  <play mode="timeout" time="60"/>
  <user type="community" id="96A978B2-5511-11DC-B8D5-0030488E34F8" username="iBrent"/>
  <security sendable="true" deletable="true" previewable="true" overlay="true" access="public" virtualable="true" approval="approved"/>
  <rating count="105" value="3.9143"/>
  <thumbnail href="http://s3movies.chumby.com/cdn/xmlthumbnail/B312D0D6-7D28-11DC-8649-0030488CBE0D" contenttype="image/jpeg"/>
  <template href="/xml/configs/B31309FC-7D28-11DC-8649-0030488CBE0D" contenttype=""/>
  <category href="http://xml.chumby.com/xapis/catalog/index/175E3A6A-5D3D-11DB-A0DD-0030485A78AA" name="Entertainment" id="175E3A6A-5D3D-11DB-A0DD-0030485A78AA"/>
  <movie href="http://s3movies.chumby.com/cdn/xmlmovie/B3116A52-7D28-11DC-8649-0030488CBE0D" contenttype="application/x-shockwave-flash"/>
  <swfs>
    <swf width="320" microphone="false" kb="false" camera="false" as_version="2" accelerometer="false" previewable="true" content-type="application/x-shockwave-flash" href="http://s3movies.chumby.com/cdn/xmlmovie/B3116A52-7D28-11DC-8649-0030488CBE0D" fixed_ar="false" swf_version="7" height="240" bgcolor="ffffff" supports_browser="false" pointing="false" resolution="" scalable="false" requires_sound="false"/>
  </swfs>
</widget>
