<?xml version="1.0" encoding="UTF-8"?>
<widget href="/xapis/catalog/widget/3F57231A-6E7D-11DF-A790-001E681DF646" id="3F57231A-6E7D-11DF-A790-001E681DF646">
  <name>ideaCity</name>
  <description>ideaCity, also known as 'Canada's Premiere Meeting of the Minds', is an eclectic gathering of artists, adventurers, authors, cosmologists, doctors, designers, entertainers, filmmakers, inventors, magicians, musicians, scientists and technologists.</description>
  <version>1.5</version>
  <play mode="cooperative" time="40"/>
  <user type="community" id="CAA43568-61E2-11DF-96C2-001B24F07EF4" username="kusovski"/>
  <security sendable="true" previewable="true" access="public" approval="approved" virtualable="true" deletable="true" overlay="true"/>
  <rating count="8" value="3.0"/>
  <thumbnail href="http://s3movies.chumby.com/cdn/xmlthumbnail/59201158-74C7-11DF-89BE-001E681DFAC2" contenttype="image/jpeg"/>
  <template href="/xml/configs/3F57231A-6E7D-11DF-A790-001E681DF646" contenttype=""/>
  <category href="http://xml.chumby.com/xapis/catalog/index/E130976A-09A5-11DC-8592-0030488E34F8" name="Educational" id="E130976A-09A5-11DC-8592-0030488E34F8"/>
  <movie href="http://s3movies.chumby.com/cdn/xmlmovie/3F5892CC-6E7D-11DF-A790-001E681DF646" contenttype="application/x-shockwave-flash"/>
  <swfs>
    <swf width="320" microphone="false" kb="false" camera="false" as_version="2" accelerometer="false" previewable="true" content-type="application/x-shockwave-flash" href="http://s3movies.chumby.com/cdn/xmlmovie/3F5892CC-6E7D-11DF-A790-001E681DF646" fixed_ar="true" swf_version="8" height="240" bgcolor="ffffff" supports_browser="false" pointing="false" resolution="" scalable="false" requires_sound="false"/>
  </swfs>
</widget>
