<?xml version="1.0" encoding="UTF-8"?>
<widget href="/xapis/catalog/widget/ACD1245A-BB9D-11DF-A507-001B24E044BE" id="ACD1245A-BB9D-11DF-A507-001B24E044BE">
  <name>io9 News</name>
  <description>We come from the future.</description>
  <version>1.0.1</version>
  <play mode="default" time="30"/>
  <user type="chumby" id="00000000-0000-0000-0000-000000000001" username="chumby"/>
  <security sendable="true" previewable="true" approval="approved" access="public" deletable="true" virtualable="true" overlay="true"/>
  <rating count="6" value="3.8333"/>
  <thumbnail href="http://s3movies.chumby.com/cdn/xmlthumbnail/ACD992C0-BB9D-11DF-A507-001B24E044BE" contenttype="image/jpeg"/>
  <template href="http://s3movies.chumby.com/cdn/xmltemplate/ACEC38BC-BB9D-11DF-A507-001B24E044BE" contenttype="text/xml"/>
  <category href="http://xml.chumby.com/xapis/catalog/index/175E3A6A-5D3D-11DB-A0DD-0030485A78AA" name="Entertainment" id="175E3A6A-5D3D-11DB-A0DD-0030485A78AA"/>
  <movie href="http://s3movies.chumby.com/cdn/xmlmovie/AD02E0E4-BB9D-11DF-A507-001B24E044BE" contenttype="application/x-shockwave-flash"/>
  <swfs>
    <swf width="320" microphone="false" kb="false" camera="false" as_version="2" accelerometer="false" previewable="true" content-type="application/x-shockwave-flash" href="http://s3movies.chumby.com/cdn/xmlmovie/AD02E0E4-BB9D-11DF-A507-001B24E044BE" fixed_ar="false" swf_version="8" height="240" bgcolor="ffffff" supports_browser="false" pointing="false" resolution="" scalable="false" requires_sound="false"/>
  </swfs>
</widget>
