<?xml version="1.0" encoding="UTF-8"?>
<widget href="/xapis/catalog/widget/F6B9A896-2CFF-11DD-A8D2-0030488E34CA" id="F6B9A896-2CFF-11DD-A8D2-0030488E34CA">
  <name>Death Star Rising</name>
  <description>The Death Star is rising on the great gas giant and time is running out for the Rebels on Yavin 4. This clock mimics the Rebel stronghold display from Star Wars: A New Hope.</description>
  <version>1.0</version>
  <play mode="timeout" time="60"/>
  <user type="community" id="81ACB5BA-1D42-11DD-AEB0-0030485B7900" username="pcgodess"/>
  <security sendable="true" previewable="true" approval="approved" access="public" deletable="true" virtualable="true" overlay="true"/>
  <rating count="156" value="4.2372"/>
  <thumbnail href="http://s3movies.chumby.com/cdn/xmlthumbnail/F6B97E70-2CFF-11DD-A8D2-0030488E34CA" contenttype="image/pjpeg"/>
  <template href="/xml/configs/F6B9A896-2CFF-11DD-A8D2-0030488E34CA" contenttype=""/>
  <category href="http://xml.chumby.com/xapis/catalog/index/EF508B70-2F35-11DB-8753-001372292121" name="Clocks" id="EF508B70-2F35-11DB-8753-001372292121"/>
  <movie href="http://s3movies.chumby.com/cdn/xmlmovie/F6B0FA7A-2CFF-11DD-A8D2-0030488E34CA" contenttype="application/x-shockwave-flash"/>
  <swfs>
    <swf width="320" microphone="false" kb="false" camera="false" as_version="2" accelerometer="false" previewable="true" content-type="application/x-shockwave-flash" href="http://s3movies.chumby.com/cdn/xmlmovie/F6B0FA7A-2CFF-11DD-A8D2-0030488E34CA" fixed_ar="true" swf_version="8" height="240" bgcolor="000000" supports_browser="false" pointing="false" resolution="" scalable="false" requires_sound="false"/>
  </swfs>
</widget>
