<?xml version="1.0" encoding="UTF-8"?>
<widget href="/xapis/catalog/widget/0517122C-3DB9-11DF-A037-001B24F07EF4" id="0517122C-3DB9-11DF-A037-001B24F07EF4">
  <name>Dictionary.com Word of the Day</name>
  <description>The Word of the Day from Dictionary.com

There's an invisible fun-button in the bottom right corner!

If your device supports a (chum)browser, there's an invisible button in the bottom left corner that will open the full dictionary.com webpage for the Word of the Day.  Smash the button on top of the device to dismiss the browser.

[wotd, wordoftheday]</description>
  <version>1.08</version>
  <play mode="timeout" time="60"/>
  <user type="community" id="4B3A1E42-144B-11DC-B0E0-0030485B7900" username="djchumby"/>
  <security sendable="true" overlay="true" previewable="true" access="publicplus" virtualable="true" approval="approved" deletable="true"/>
  <rating count="6" value="3.0"/>
  <thumbnail href="http://s3movies.chumby.com/cdn/xmlthumbnail/B9F2B6D6-7762-11E0-9126-0021288E785A" contenttype="image/jpeg"/>
  <template href="/xml/configs/0517122C-3DB9-11DF-A037-001B24F07EF4" contenttype=""/>
  <category href="http://xml.chumby.com/xapis/catalog/index/E130976A-09A5-11DC-8592-0030488E34F8" name="Educational" id="E130976A-09A5-11DC-8592-0030488E34F8"/>
  <movie href="http://s3movies.chumby.com/cdn/xmlmovie/0518123A-3DB9-11DF-A037-001B24F07EF4" contenttype="application/x-shockwave-flash"/>
  <swfs>
    <swf width="320" microphone="false" kb="false" camera="false" as_version="2" accelerometer="false" previewable="true" content-type="application/x-shockwave-flash" href="http://s3movies.chumby.com/cdn/xmlmovie/0518123A-3DB9-11DF-A037-001B24F07EF4" fixed_ar="false" swf_version="8" height="240" bgcolor="000000" supports_browser="false" pointing="false" resolution="" scalable="false" requires_sound="false"/>
  </swfs>
</widget>
