<?xml version="1.0" encoding="UTF-8"?>
<widget href="/xapis/catalog/widget/A6A6CE84-D250-11E0-A536-0021288E6F90" id="A6A6CE84-D250-11E0-A536-0021288E6F90">
  <name>TextFieldWidget</name>
  <description>Displays the results from an HTTP request in a TextField with programmable refresh time.

The preview won't work here because it needs a real url. Also the chumbyplayer only has 3 fonts, I set the font to the internal mono font, which doesn't display as mono in flash player 10, no worries. Here's where to get my source code, http://www.rethinksun.com/main/?p=504. You can com&#173;pile my project for your own use using open source tools, mtasc and swfmill.</description>
  <version>1.2</version>
  <play mode="timeout" time="45"/>
  <user type="community" id="4E2FCCB4-8B38-11DC-8372-0030488E34F8" username="holla2040"/>
  <security sendable="true" deletable="true" previewable="true" overlay="true" access="publicplus" virtualable="true" approval="approved"/>
  <rating count="0" value="0.0"/>
  <thumbnail href="http://s3movies.chumby.com/cdn/xmlthumbnail/A6A67970-D250-11E0-A536-0021288E6F90" contenttype="image/jpeg"/>
  <template href="http://s3movies.chumby.com/cdn/xmltemplate/3AFE1DD8-D27B-11E0-8AFF-0021288EBF58" contenttype="application/x-shockwave-flash"/>
  <category href="http://xml.chumby.com/xapis/catalog/index/59BC5264-CF80-11DC-92D5-00156009DD9B" name="Communications" id="59BC5264-CF80-11DC-92D5-00156009DD9B"/>
  <movie href="http://s3movies.chumby.com/cdn/xmlmovie/A6A94F56-D250-11E0-A536-0021288E6F90" contenttype="application/x-shockwave-flash"/>
  <swfs>
    <swf width="320" microphone="false" kb="false" camera="false" as_version="2" accelerometer="false" previewable="true" content-type="application/x-shockwave-flash" href="http://s3movies.chumby.com/cdn/xmlmovie/A6A94F56-D250-11E0-A536-0021288E6F90" fixed_ar="true" swf_version="7" height="240" bgcolor="f0f8ff" supports_browser="false" pointing="false" resolution="320x240" scalable="false" requires_sound="false"/>
  </swfs>
</widget>
