<?xml version="1.0" encoding="UTF-8"?>
<widget href="/xapis/catalog/widget/0907F474-A6E3-11DC-BBC1-0016353B0686" id="0907F474-A6E3-11DC-BBC1-0016353B0686">
  <name>Happy Holidays Record Player</name>
  <description>Record Player interactive sound toy object by artist Carla Diana. Plays Andy Williams' "Happy holidays" by moving the needle of a record player to the right spot.</description>
  <version>1.0</version>
  <play mode="timeout" time="60"/>
  <user type="community" id="C203D5D2-93F7-11DC-87B3-0030488E34F8" username="bianca"/>
  <security approval="approved" sendable="true" deletable="true" previewable="true" access="public" overlay="true" virtualable="true"/>
  <rating count="13" value="4.3077"/>
  <thumbnail href="http://s3movies.chumby.com/cdn/xmlthumbnail/0907CB70-A6E3-11DC-BBC1-0016353B0686" contenttype="image/jpeg"/>
  <template href="/xml/configs/0907F474-A6E3-11DC-BBC1-0016353B0686" contenttype=""/>
  <category href="http://xml.chumby.com/xapis/catalog/index/175E3A6A-5D3D-11DB-A0DD-0030485A78AA" name="Entertainment" id="175E3A6A-5D3D-11DB-A0DD-0030485A78AA"/>
  <movie href="http://s3movies.chumby.com/cdn/xmlmovie/6348F43A-A92F-11DC-818F-0016353BC7CC" contenttype="application/x-shockwave-flash"/>
  <swfs>
    <swf width="320" microphone="false" kb="false" camera="false" as_version="2" accelerometer="false" previewable="true" content-type="application/x-shockwave-flash" href="http://s3movies.chumby.com/cdn/xmlmovie/6348F43A-A92F-11DC-818F-0016353BC7CC" fixed_ar="true" swf_version="7" height="240" bgcolor="ffffff" supports_browser="false" pointing="false" resolution="" scalable="false" requires_sound="false"/>
  </swfs>
</widget>
