<?xml version="1.0" encoding="UTF-8"?>
<widget href="/xapis/catalog/widget/2168902A-0AB3-11DE-A5C7-001E681DFAC2" id="2168902A-0AB3-11DE-A5C7-001E681DFAC2">
  <name>Time Paradox</name>
  <description>Do you need to know the time to tell the time? Displays time by showing time in LED pattern.</description>
  <version>2.0</version>
  <play mode="timeout" time="15"/>
  <user type="community" id="906EB7B6-30E3-11DC-83E9-0030488E34F8" username="myridom"/>
  <security sendable="true" approval="approved" previewable="true" deletable="true" access="public" virtualable="true" overlay="true"/>
  <rating count="16" value="3.3125"/>
  <thumbnail href="http://s3movies.chumby.com/cdn/xmlthumbnail/21687720-0AB3-11DE-A5C7-001E681DFAC2" contenttype="image/pjpeg"/>
  <template href="/xml/configs/2168902A-0AB3-11DE-A5C7-001E681DFAC2" contenttype=""/>
  <category href="http://xml.chumby.com/xapis/catalog/index/EF508B70-2F35-11DB-8753-001372292121" name="Clocks" id="EF508B70-2F35-11DB-8753-001372292121"/>
  <movie href="http://s3movies.chumby.com/cdn/xmlmovie/048E6E52-17DD-11DE-A732-001B24F07EF4" contenttype="application/x-shockwave-flash"/>
  <swfs>
    <swf width="320" microphone="false" kb="false" camera="false" as_version="2" accelerometer="false" previewable="true" content-type="application/x-shockwave-flash" href="http://s3movies.chumby.com/cdn/xmlmovie/048E6E52-17DD-11DE-A732-001B24F07EF4" fixed_ar="false" swf_version="8" height="240" bgcolor="000000" supports_browser="false" pointing="false" resolution="" scalable="false" requires_sound="false"/>
  </swfs>
</widget>
