<?xml version="1.0" encoding="UTF-8"?>
<widget href="/xapis/catalog/widget/EF996A8E-2F35-11DB-8753-001372292121" id="EF996A8E-2F35-11DB-8753-001372292121">
  <name>Cute Overload Clock</name>
  <description>A clock that shows the latest images from Cute Overload.com!</description>
  <version>2.1.1</version>
  <play mode="default" time="15"/>
  <user type="community" id="0845C250-39F2-11DB-9051-001372292121" username="ksteele"/>
  <security sendable="true" approval="approved" previewable="true" access="public" deletable="true" virtualable="true" overlay="true"/>
  <rating count="106" value="3.9717"/>
  <thumbnail href="http://s3movies.chumby.com/cdn/xmlthumbnail/DCDA990A-335A-11DE-BAC1-001B24E044BE" contenttype="image/jpeg"/>
  <template href="http://s3movies.chumby.com/cdn/xmltemplate/DD63B7F8-335A-11DE-BAC1-001B24E044BE" contenttype="text/xml"/>
  <category href="http://xml.chumby.com/xapis/catalog/index/2DAEAFDA-9798-11DB-9563-0030485A78AA" name="Animals" id="2DAEAFDA-9798-11DB-9563-0030485A78AA"/>
  <movie href="http://s3movies.chumby.com/cdn/xmlmovie/DDEEECD8-335A-11DE-BAC1-001B24E044BE" contenttype="application/x-shockwave-flash"/>
  <swfs>
    <swf width="320" microphone="false" kb="false" camera="false" as_version="2" accelerometer="false" previewable="true" content-type="application/x-shockwave-flash" href="http://s3movies.chumby.com/cdn/xmlmovie/DDEEECD8-335A-11DE-BAC1-001B24E044BE" fixed_ar="true" swf_version="8" height="240" bgcolor="ffffff" supports_browser="false" pointing="false" resolution="" scalable="false" requires_sound="false"/>
  </swfs>
</widget>
