<?xml version="1.0" encoding="UTF-8"?>
<widget href="/xapis/catalog/widget/C6A03AEE-47DA-11DD-A42E-001E681DFAC2" id="C6A03AEE-47DA-11DD-A42E-001E681DFAC2">
  <name>Radio Paradise (Now Playing)</name>
  <description>What's playing now, and the 3 most recent previously-played songs, on the very cool Internet radio station Radio Paradise (tune in via Radio Free Chumby). Complete with CD cover art!</description>
  <version>1.0</version>
  <play mode="timeout" time="30"/>
  <user type="community" id="0CE357AA-FADA-11DC-AEDD-00156009DD9B" username="BillGoldsmith"/>
  <security approval="approved" sendable="true" deletable="true" previewable="true" access="public" overlay="true" virtualable="true"/>
  <rating count="79" value="4.0633"/>
  <thumbnail href="http://s3movies.chumby.com/cdn/xmlthumbnail/C6A0151E-47DA-11DD-A42E-001E681DFAC2" contenttype="image/jpeg"/>
  <template href="/xml/configs/C6A03AEE-47DA-11DD-A42E-001E681DFAC2" contenttype=""/>
  <category href="http://xml.chumby.com/xapis/catalog/index/175E3A6A-5D3D-11DB-A0DD-0030485A78AA" name="Entertainment" id="175E3A6A-5D3D-11DB-A0DD-0030485A78AA"/>
  <movie href="http://s3movies.chumby.com/cdn/xmlmovie/C68963C8-47DA-11DD-A42E-001E681DFAC2" contenttype="application/x-shockwave-flash"/>
  <swfs>
    <swf width="320" microphone="false" kb="false" camera="false" as_version="2" accelerometer="false" previewable="true" content-type="application/x-shockwave-flash" href="http://s3movies.chumby.com/cdn/xmlmovie/C68963C8-47DA-11DD-A42E-001E681DFAC2" fixed_ar="true" swf_version="8" height="240" bgcolor="000000" supports_browser="false" pointing="false" resolution="" scalable="false" requires_sound="false"/>
  </swfs>
</widget>
