<?xml version="1.0" encoding="UTF-8"?>
<widget href="/xapis/catalog/widget/FB6CD160-43E2-11DE-A9F7-001E681DFAC2" id="FB6CD160-43E2-11DE-A9F7-001E681DFAC2">
  <name>thingsihavelearnedinmylifesofar</name>
  <description>the latest maxims from thingsihavelearnedinmylife.com --- each image shows for 60s (now customizable) unless tapped!</description>
  <version>0.07</version>
  <play mode="timeout" time="60"/>
  <user type="community" id="4B3A1E42-144B-11DC-B0E0-0030485B7900" username="djchumby"/>
  <security sendable="true" deletable="true" previewable="true" overlay="true" access="public" virtualable="true" approval="approved"/>
  <rating count="17" value="3.2941"/>
  <thumbnail href="http://s3movies.chumby.com/cdn/xmlthumbnail/644E5276-43ED-11DE-A323-001E681DF646" contenttype="image/pjpeg"/>
  <template href="http://s3movies.chumby.com/cdn/xmltemplate/FB6BE07A-43E2-11DE-A9F7-001E681DFAC2" contenttype="application/x-shockwave-flash"/>
  <category href="http://xml.chumby.com/xapis/catalog/index/E130976A-09A5-11DC-8592-0030488E34F8" name="Educational" id="E130976A-09A5-11DC-8592-0030488E34F8"/>
  <movie href="http://s3movies.chumby.com/cdn/xmlmovie/FB6DC71E-43E2-11DE-A9F7-001E681DFAC2" contenttype="application/x-shockwave-flash"/>
  <swfs>
    <swf width="320" microphone="false" kb="false" camera="false" as_version="2" accelerometer="false" previewable="true" content-type="application/x-shockwave-flash" href="http://s3movies.chumby.com/cdn/xmlmovie/FB6DC71E-43E2-11DE-A9F7-001E681DFAC2" fixed_ar="true" swf_version="8" height="240" bgcolor="000000" supports_browser="false" pointing="false" resolution="" scalable="false" requires_sound="false"/>
  </swfs>
</widget>
