<?xml version="1.0" encoding="UTF-8"?>
<widget href="/xapis/catalog/widget/B28C1C62-5D6E-11DE-B3DE-001B24F07EF4" id="B28C1C62-5D6E-11DE-B3DE-001B24F07EF4">
  <name>Good clock 2</name>
  <description>A good clock to complement the much more interesting bad clock 2 in the weird section: You can use both the good and bad clock in different channels, switch among them using alarms at different times of the day and puzzle your friends or family.</description>
  <version>1.2</version>
  <play mode="timeout" time="30"/>
  <user type="community" id="8998D7FC-E2F7-11DC-89AC-001635C47868" username="sirchadwick"/>
  <security sendable="true" overlay="true" previewable="true" access="public" virtualable="true" approval="approved" deletable="true"/>
  <rating count="3" value="4.0"/>
  <thumbnail href="http://s3movies.chumby.com/cdn/xmlthumbnail/C51FC0A2-5D70-11DE-B3DE-001B24F07EF4" contenttype="image/jpeg"/>
  <template href="/xml/configs/B28C1C62-5D6E-11DE-B3DE-001B24F07EF4" contenttype=""/>
  <category href="http://xml.chumby.com/xapis/catalog/index/EF508B70-2F35-11DB-8753-001372292121" name="Clocks" id="EF508B70-2F35-11DB-8753-001372292121"/>
  <movie href="http://s3movies.chumby.com/cdn/xmlmovie/B28D1F72-5D6E-11DE-B3DE-001B24F07EF4" contenttype="application/x-shockwave-flash"/>
  <swfs>
    <swf width="320" microphone="false" kb="false" camera="false" as_version="2" accelerometer="false" previewable="true" content-type="application/x-shockwave-flash" href="http://s3movies.chumby.com/cdn/xmlmovie/B28D1F72-5D6E-11DE-B3DE-001B24F07EF4" fixed_ar="true" swf_version="8" height="240" bgcolor="000000" supports_browser="false" pointing="false" resolution="" scalable="false" requires_sound="false"/>
  </swfs>
</widget>
