<?xml version="1.0" encoding="UTF-8"?>
<widget href="/xapis/catalog/widget/F8483F64-A475-11DC-BBBB-0016353BC7CC" id="F8483F64-A475-11DC-BBBB-0016353BC7CC">
  <name>Astronomy Pic of the Day</name>
  <description>Full astronomy picture of the day.  Currently the image gets updated every day at 9AM eastern US time (-5 GMT).

Updated version includes the description of the image.  Touch/click the Chumby once to see the description, twice to jump down to the bottom of the description, and a third time to go back to the image.</description>
  <version>2.0</version>
  <play mode="timeout" time="30"/>
  <user type="community" id="74E1FEAC-9936-11DC-ADE7-00146C833363" username="nemesis256"/>
  <security sendable="true" approval="approved" previewable="true" access="public" deletable="true" virtualable="true" overlay="true"/>
  <rating count="214" value="4.1121"/>
  <thumbnail href="http://s3movies.chumby.com/cdn/xmlthumbnail/F8481B88-A475-11DC-BBBB-0016353BC7CC" contenttype="image/jpeg"/>
  <template href="/xml/configs/F8483F64-A475-11DC-BBBB-0016353BC7CC" contenttype=""/>
  <category href="http://xml.chumby.com/xapis/catalog/index/E130976A-09A5-11DC-8592-0030488E34F8" name="Educational" id="E130976A-09A5-11DC-8592-0030488E34F8"/>
  <movie href="http://s3movies.chumby.com/cdn/xmlmovie/CA421990-4318-11DD-9FF9-001B24F07EF4" contenttype="application/x-shockwave-flash"/>
  <swfs>
    <swf width="320" microphone="false" kb="false" camera="false" as_version="2" accelerometer="false" previewable="true" content-type="application/x-shockwave-flash" href="http://s3movies.chumby.com/cdn/xmlmovie/CA421990-4318-11DD-9FF9-001B24F07EF4" fixed_ar="true" swf_version="8" height="240" bgcolor="000000" supports_browser="false" pointing="false" resolution="" scalable="false" requires_sound="false"/>
  </swfs>
</widget>
