<?xml version="1.0" encoding="UTF-8"?>
<widget href="/xapis/catalog/widget/D8C5BB3E-54F6-11DE-BC6B-001B24F07EF4" id="D8C5BB3E-54F6-11DE-BC6B-001B24F07EF4">
  <name>All In One Clock (24h format)</name>
  <description>The swiss knife of clocks in a 24h time format. This widget is more then just a clock. It also includes a timer, a countdown timer, a set of dices, a calculator and a Tic Tac Toe game.</description>
  <version>1.0</version>
  <play mode="timeout" time="30"/>
  <user type="community" id="87E213CC-0009-11DD-A70F-0016353B0686" username="Yuzzy"/>
  <security sendable="true" approval="approved" previewable="true" access="public" deletable="true" virtualable="true" overlay="true"/>
  <rating count="83" value="4.4819"/>
  <thumbnail href="http://s3movies.chumby.com/cdn/xmlthumbnail/D8C57E08-54F6-11DE-BC6B-001B24F07EF4" contenttype="image/jpeg"/>
  <template href="/xml/configs/D8C5BB3E-54F6-11DE-BC6B-001B24F07EF4" contenttype=""/>
  <category href="http://xml.chumby.com/xapis/catalog/index/EF508B70-2F35-11DB-8753-001372292121" name="Clocks" id="EF508B70-2F35-11DB-8753-001372292121"/>
  <movie href="http://s3movies.chumby.com/cdn/xmlmovie/D8C6A990-54F6-11DE-BC6B-001B24F07EF4" contenttype="application/x-shockwave-flash"/>
  <swfs>
    <swf width="320" microphone="false" kb="false" camera="false" as_version="2" accelerometer="false" previewable="true" content-type="application/x-shockwave-flash" href="http://s3movies.chumby.com/cdn/xmlmovie/D8C6A990-54F6-11DE-BC6B-001B24F07EF4" fixed_ar="false" swf_version="4" height="240" bgcolor="9db9e6" supports_browser="false" pointing="false" resolution="" scalable="false" requires_sound="false"/>
  </swfs>
</widget>
