<?xml version="1.0" encoding="UTF-8"?>
<widget href="/xapis/catalog/widget/3504042A-B539-11DF-88CE-0021288EBF58" id="3504042A-B539-11DF-88CE-0021288EBF58">
  <name>keyboard_____okok</name>
  <description>ko</description>
  <version>1.0.0</version>
  <play mode="timeout" time="15"/>
  <user type="community" id="8999E3C2-AF7D-11DF-A063-001B24F07D28" username="(Sony community developer)"/>
  <security sendable="true" approval="approved" previewable="true" deletable="true" access="public" virtualable="true" overlay="true"/>
  <rating count="0" value="0.0"/>
  <thumbnail href="http://s3movies.chumby.com/cdn/xmlthumbnail/3503B75E-B539-11DF-88CE-0021288EBF58" contenttype="image/jpeg"/>
  <template href="/xml/configs/3504042A-B539-11DF-88CE-0021288EBF58" contenttype=""/>
  <category href="http://xml.chumby.com/xapis/catalog/index/2DAEAFDA-9798-11DB-9563-0030485A78AA" name="Animals" id="2DAEAFDA-9798-11DB-9563-0030485A78AA"/>
  <movie filtered="true" href="http://s3movies.chumby.com/cdn/xmlmovie/33E721A8-1DB3-11DF-8F13-001B24F07EF4" contenttype="application/x-shockwave-flash"/>
  <swfs>
    <swf width="320" microphone="false" kb="false" camera="false" as_version="2" accelerometer="false" previewable="true" content-type="application/x-shockwave-flash" href="http://s3movies.chumby.com/cdn/xmlmovie/33E721A8-1DB3-11DF-8F13-001B24F07EF4" fixed_ar="true" swf_version="7" height="240" bgcolor="ffffff" supports_browser="false" pointing="false" resolution="" scalable="false" requires_sound="false"/>
  </swfs>
</widget>
