<?xml version="1.0" encoding="UTF-8"?>
<widget href="/xapis/catalog/widget/2D89F440-AF9B-11E0-973B-0021288EBF58" id="2D89F440-AF9B-11E0-973B-0021288EBF58">
  <name>Real Sun/Moon Clock</name>
  <description>The real sun/moon clock comes with the following features:
- 12/24 hrs clock (based on your chumby clock setting)
- sun &amp; moon display according to visibility in your location (configurable)
- clock background color matches the sky color based on sun/moon visibility. This also means it can automatically be used as a night clock without chumby night mode.

Please provide comments/feedback/bugs in the forums here or in comments below.

Update 22-Jul-2011: fixed a bug in the config widget where the location list did not show up sometimes.</description>
  <version>1.1</version>
  <play mode="timeout" time="45"/>
  <user type="community" id="43D7ACE2-CA27-11DF-9958-0021288E6F90" username="rubpa"/>
  <security sendable="true" approval="approved" previewable="true" access="public" deletable="true" virtualable="true" overlay="true"/>
  <rating count="4" value="3.0"/>
  <thumbnail href="http://s3movies.chumby.com/cdn/xmlthumbnail/2D89284E-AF9B-11E0-973B-0021288EBF58" contenttype="image/jpeg"/>
  <template href="http://s3movies.chumby.com/cdn/xmltemplate/93084B2E-B418-11E0-A14F-0021288E6F90" contenttype="application/x-shockwave-flash"/>
  <category href="http://xml.chumby.com/xapis/catalog/index/EF508B70-2F35-11DB-8753-001372292121" name="Clocks" id="EF508B70-2F35-11DB-8753-001372292121"/>
  <movie href="http://s3movies.chumby.com/cdn/xmlmovie/2D8BC310-AF9B-11E0-973B-0021288EBF58" contenttype="application/x-shockwave-flash"/>
  <swfs>
    <swf width="320" microphone="false" kb="false" camera="false" as_version="2" accelerometer="false" previewable="true" content-type="application/x-shockwave-flash" href="http://s3movies.chumby.com/cdn/xmlmovie/2D8BC310-AF9B-11E0-973B-0021288EBF58" fixed_ar="true" swf_version="8" height="240" bgcolor="000000" supports_browser="false" pointing="false" resolution="" scalable="false" requires_sound="false"/>
  </swfs>
</widget>
