<?xml version="1.0" encoding="UTF-8"?>
<widget href="/xapis/catalog/widget/A1CAB4DA-6F06-11DD-B3B1-001B24F07EF4" id="A1CAB4DA-6F06-11DD-B3B1-001B24F07EF4">
  <name>My Panda</name>
  <description>I adopted Rick the Panda from www.bunnyherolabs.com. Get your own cyberpet there today!</description>
  <version>1.1</version>
  <play mode="timeout" time="60"/>
  <user type="community" id="DAA235A6-E722-11DC-AE3F-0016353BC7CC" username="kidawesome"/>
  <security sendable="true" approval="approved" previewable="true" deletable="true" access="public" virtualable="true" overlay="true"/>
  <rating count="66" value="3.8333"/>
  <thumbnail href="http://s3movies.chumby.com/cdn/xmlthumbnail/A1CAA42C-6F06-11DD-B3B1-001B24F07EF4" contenttype="image/jpeg"/>
  <template href="/xml/configs/A1CAB4DA-6F06-11DD-B3B1-001B24F07EF4" contenttype=""/>
  <category href="http://xml.chumby.com/xapis/catalog/index/2DAEAFDA-9798-11DB-9563-0030485A78AA" name="Animals" id="2DAEAFDA-9798-11DB-9563-0030485A78AA"/>
  <movie href="http://s3movies.chumby.com/cdn/xmlmovie/4610A986-6F08-11DD-B3B1-001B24F07EF4" contenttype="application/x-shockwave-flash"/>
  <swfs>
    <swf width="320" microphone="false" kb="false" camera="false" as_version="2" accelerometer="false" previewable="true" content-type="application/x-shockwave-flash" href="http://s3movies.chumby.com/cdn/xmlmovie/4610A986-6F08-11DD-B3B1-001B24F07EF4" fixed_ar="false" swf_version="6" height="240" bgcolor="ffffff" supports_browser="false" pointing="false" resolution="" scalable="false" requires_sound="false"/>
  </swfs>
</widget>
