<?xml version="1.0" encoding="UTF-8"?>
<widget href="/xapis/catalog/widget/33D795BE-AE63-11DD-BA08-001B24F07EF4" id="33D795BE-AE63-11DD-BA08-001B24F07EF4">
  <name>kedama clock</name>
  <description>&#12375;&#12435;&#12407;&#12427;&#12394;&#12392;&#12369;&#12356;
Simple Clock</description>
  <version>1.0</version>
  <play mode="timeout" time="15"/>
  <user type="community" id="CC47A9D6-7CCE-11DD-A6F5-001E681DFAC2" username="taiti"/>
  <security sendable="true" previewable="true" access="public" approval="approved" virtualable="true" deletable="true" overlay="true"/>
  <rating count="9" value="2.7778"/>
  <thumbnail href="http://s3movies.chumby.com/cdn/xmlthumbnail/D59EFDD2-B88C-11DD-AF01-001E681DF646" contenttype="image/jpeg"/>
  <template href="/xml/configs/33D795BE-AE63-11DD-BA08-001B24F07EF4" contenttype=""/>
  <category href="http://xml.chumby.com/xapis/catalog/index/EF508B70-2F35-11DB-8753-001372292121" name="Clocks" id="EF508B70-2F35-11DB-8753-001372292121"/>
  <movie href="http://s3movies.chumby.com/cdn/xmlmovie/23347568-DCB4-11DD-88C9-001B24F07EF4" contenttype="application/x-shockwave-flash"/>
  <swfs>
    <swf width="320" microphone="false" kb="false" camera="false" as_version="2" accelerometer="false" previewable="true" content-type="application/x-shockwave-flash" href="http://s3movies.chumby.com/cdn/xmlmovie/23347568-DCB4-11DD-88C9-001B24F07EF4" fixed_ar="false" swf_version="6" height="240" bgcolor="fffff0" supports_browser="false" pointing="false" resolution="" scalable="false" requires_sound="false"/>
  </swfs>
</widget>
