<?xml version="1.0" encoding="UTF-8"?>
<widget href="/xapis/catalog/widget/EF68B560-2F35-11DB-8753-001372292121" id="EF68B560-2F35-11DB-8753-001372292121">
  <name>Analog Clock</name>
  <description>A simple analog clock</description>
  <version>1.2</version>
  <play mode="default" time="15"/>
  <user type="community" id="E818F108-307A-11DB-9A6C-001372292121" username="dmaxwell"/>
  <security sendable="true" deletable="true" previewable="true" overlay="true" access="public" virtualable="true" approval="approved"/>
  <rating count="34" value="3.6176"/>
  <thumbnail href="http://s3movies.chumby.com/cdn/xmlthumbnail/BA9A60C8-D997-11DC-B110-0016353B4502" contenttype="image/jpeg"/>
  <template href="http://s3movies.chumby.com/cdn/xmltemplate/BB782232-D997-11DC-B110-0016353B4502" contenttype="text/xml"/>
  <category href="http://xml.chumby.com/xapis/catalog/index/EF508B70-2F35-11DB-8753-001372292121" name="Clocks" id="EF508B70-2F35-11DB-8753-001372292121"/>
  <movie href="http://s3movies.chumby.com/cdn/xmlmovie/BB7C5A28-D997-11DC-B110-0016353B4502" contenttype="application/x-shockwave-flash"/>
  <swfs>
    <swf width="320" microphone="false" kb="false" camera="false" as_version="2" accelerometer="false" previewable="true" content-type="application/x-shockwave-flash" href="http://s3movies.chumby.com/cdn/xmlmovie/BB7C5A28-D997-11DC-B110-0016353B4502" fixed_ar="false" swf_version="6" height="240" bgcolor="339999" supports_browser="false" pointing="false" resolution="" scalable="false" requires_sound="false"/>
  </swfs>
</widget>
