<?xml version="1.0" encoding="UTF-8"?>
<widget href="/xapis/catalog/widget/F177C552-F055-11DC-A3D2-001635C47868" id="F177C552-F055-11DC-A3D2-001635C47868">
  <name>Radio Paradise</name>
  <description>Displays the currently playing song, and the three previously played songs from Radio Paradise - listener supported internet radio station. Now displays accented characters correctly.</description>
  <version>1.02</version>
  <play mode="timeout" time="15"/>
  <user type="community" id="41DDC2EC-C5E7-11DC-A5CC-001635C47868" username="gingerbeardman"/>
  <security sendable="true" deletable="true" previewable="true" overlay="true" access="public" virtualable="true" approval="approved"/>
  <rating count="35" value="4.0571"/>
  <thumbnail href="http://s3movies.chumby.com/cdn/xmlthumbnail/17D591EC-F7AF-11DC-8F20-0016353B0686" contenttype="image/jpeg"/>
  <template href="/xml/configs/F177C552-F055-11DC-A3D2-001635C47868" contenttype=""/>
  <category href="http://xml.chumby.com/xapis/catalog/index/175E3A6A-5D3D-11DB-A0DD-0030485A78AA" name="Entertainment" id="175E3A6A-5D3D-11DB-A0DD-0030485A78AA"/>
  <movie href="http://s3movies.chumby.com/cdn/xmlmovie/17C5CE06-F7AF-11DC-8F20-0016353B0686" contenttype="application/x-shockwave-flash"/>
  <swfs>
    <swf width="320" microphone="false" kb="false" camera="false" as_version="2" accelerometer="false" previewable="true" content-type="application/x-shockwave-flash" href="http://s3movies.chumby.com/cdn/xmlmovie/17C5CE06-F7AF-11DC-8F20-0016353B0686" fixed_ar="true" swf_version="8" height="240" bgcolor="ffffff" supports_browser="false" pointing="false" resolution="" scalable="false" requires_sound="false"/>
  </swfs>
</widget>
