<?xml version="1.0" encoding="UTF-8"?>
<widget href="/xapis/catalog/widget/9F9AA7F4-A442-11DC-B9E1-0016353B0686" id="9F9AA7F4-A442-11DC-B9E1-0016353B0686">
  <name>SuperClock</name>
  <description>Combination Clock, Day, Date, Weather, Personal Message.  Tap to dim/restore.  Visit www.marvinsnotepad.com for config instructions</description>
  <version>0.62</version>
  <play mode="timeout" time="30"/>
  <user type="community" id="74754308-69BA-11DC-AA89-00146C833363" username="dnkorte"/>
  <security sendable="true" approval="approved" previewable="true" deletable="true" access="public" virtualable="true" overlay="true"/>
  <rating count="90" value="3.7079"/>
  <thumbnail href="http://s3movies.chumby.com/cdn/xmlthumbnail/76495EF2-A908-11DC-8D48-0016353BC7CC" contenttype="image/jpeg"/>
  <template href="http://s3movies.chumby.com/cdn/xmltemplate/65CDAF78-BE44-11DC-A690-00156009DD9B" contenttype="application/x-shockwave-flash"/>
  <category href="http://xml.chumby.com/xapis/catalog/index/EF508B70-2F35-11DB-8753-001372292121" name="Clocks" id="EF508B70-2F35-11DB-8753-001372292121"/>
  <movie href="http://s3movies.chumby.com/cdn/xmlmovie/2EEDFAB0-AA2D-11DC-AC8F-001635C47868" contenttype="application/x-shockwave-flash"/>
  <swfs>
    <swf width="320" microphone="false" kb="false" camera="false" as_version="2" accelerometer="false" previewable="true" content-type="application/x-shockwave-flash" href="http://s3movies.chumby.com/cdn/xmlmovie/2EEDFAB0-AA2D-11DC-AC8F-001635C47868" fixed_ar="false" swf_version="8" height="240" bgcolor="000000" supports_browser="false" pointing="false" resolution="" scalable="false" requires_sound="false"/>
  </swfs>
</widget>
