<?xml version="1.0" encoding="UTF-8"?>
<widget href="/xapis/catalog/widget/950D15AC-2997-11DE-A469-001E681DF646" id="950D15AC-2997-11DE-A469-001E681DF646">
  <name>Domo Klock</name>
  <description>Hello Domo! What time is it?</description>
  <version>1.0</version>
  <play mode="timeout" time="15"/>
  <user type="community" id="FAE524F6-CCFF-11DB-AD70-00161771248C" username="howdog"/>
  <security sendable="true" deletable="true" previewable="true" overlay="true" access="public" virtualable="true" approval="approved"/>
  <rating count="74" value="4.5135"/>
  <thumbnail href="http://s3movies.chumby.com/cdn/xmlthumbnail/950CFDEC-2997-11DE-A469-001E681DF646" contenttype="image/jpeg"/>
  <template href="/xml/configs/950D15AC-2997-11DE-A469-001E681DF646" contenttype=""/>
  <category href="http://xml.chumby.com/xapis/catalog/index/EF508B70-2F35-11DB-8753-001372292121" name="Clocks" id="EF508B70-2F35-11DB-8753-001372292121"/>
  <movie href="http://s3movies.chumby.com/cdn/xmlmovie/950C0A5E-2997-11DE-A469-001E681DF646" contenttype="application/x-shockwave-flash"/>
  <swfs>
    <swf width="320" microphone="false" kb="false" camera="false" as_version="2" accelerometer="false" previewable="true" content-type="application/x-shockwave-flash" href="http://s3movies.chumby.com/cdn/xmlmovie/950C0A5E-2997-11DE-A469-001E681DF646" fixed_ar="true" swf_version="6" height="240" bgcolor="ffffff" supports_browser="false" pointing="false" resolution="" scalable="false" requires_sound="false"/>
  </swfs>
</widget>
