<?xml version="1.0" encoding="UTF-8"?>
<widget href="/xapis/catalog/widget/E9AC765C-2FA0-11DE-87CB-001B24F07EF4" id="E9AC765C-2FA0-11DE-87CB-001B24F07EF4">
  <name>Critter Clock</name>
  <description>UPDATED clock glitch fixed and added some other stuff. Just a clock with the date. The purple critter just roams around. Day changes to night. You can drag him around as well. </description>
  <version>2.0</version>
  <play mode="timeout" time="15"/>
  <user type="community" id="36A1710A-6FB8-11DD-8B85-001B24F07D28" username="vvaidy"/>
  <security sendable="true" deletable="true" previewable="true" overlay="true" access="public" virtualable="true" approval="approved"/>
  <rating count="82" value="3.9878"/>
  <thumbnail href="http://s3movies.chumby.com/cdn/xmlthumbnail/E9AC3FC0-2FA0-11DE-87CB-001B24F07EF4" contenttype="image/jpeg"/>
  <template href="/xml/configs/E9AC765C-2FA0-11DE-87CB-001B24F07EF4" contenttype=""/>
  <category href="http://xml.chumby.com/xapis/catalog/index/EF508B70-2F35-11DB-8753-001372292121" name="Clocks" id="EF508B70-2F35-11DB-8753-001372292121"/>
  <movie href="http://s3movies.chumby.com/cdn/xmlmovie/E9AD5C7A-2FA0-11DE-87CB-001B24F07EF4" contenttype="application/x-shockwave-flash"/>
  <swfs>
    <swf width="320" microphone="false" kb="false" camera="false" as_version="2" accelerometer="false" previewable="true" content-type="application/x-shockwave-flash" href="http://s3movies.chumby.com/cdn/xmlmovie/E9AD5C7A-2FA0-11DE-87CB-001B24F07EF4" fixed_ar="true" swf_version="7" height="240" bgcolor="ffffff" supports_browser="false" pointing="false" resolution="" scalable="false" requires_sound="false"/>
  </swfs>
</widget>
