<?xml version="1.0" encoding="UTF-8"?>
<widget href="/xapis/catalog/widget/52E4B10E-D815-11DD-8343-001E681DF646" id="52E4B10E-D815-11DD-8343-001E681DF646">
  <name>Australia Day BBQ Countdown</name>
  <description>A count down to Australia Day with sausages on a Barbeque (BBQ). The sausages are stolen by a cheeky Kookaburra and the remaining ones get larger as we get closer to Australia's favourite BBQ holiday. I'm pretty sure that's what the day is for!</description>
  <version>1.3</version>
  <play mode="timeout" time="10"/>
  <user type="community" id="105B5CEC-C128-11DD-8BB2-001E681DFAC2" username="greymatr"/>
  <security sendable="true" approval="approved" previewable="true" deletable="true" access="public" virtualable="true" overlay="true"/>
  <rating count="22" value="1.8636"/>
  <thumbnail href="http://s3movies.chumby.com/cdn/xmlthumbnail/52E4A132-D815-11DD-8343-001E681DF646" contenttype="image/jpeg"/>
  <template href="/xml/configs/52E4B10E-D815-11DD-8343-001E681DF646" contenttype=""/>
  <category href="http://xml.chumby.com/xapis/catalog/index/8A3F7906-B75C-11DD-8466-001E681DF646" name="Australian" id="8A3F7906-B75C-11DD-8466-001E681DF646"/>
  <movie href="http://s3movies.chumby.com/cdn/xmlmovie/B471EC14-D8D5-11DD-9852-001E681DFAC2" contenttype="application/x-shockwave-flash"/>
  <swfs>
    <swf width="320" microphone="false" kb="false" camera="false" as_version="2" accelerometer="false" previewable="true" content-type="application/x-shockwave-flash" href="http://s3movies.chumby.com/cdn/xmlmovie/B471EC14-D8D5-11DD-9852-001E681DFAC2" fixed_ar="true" swf_version="8" height="240" bgcolor="ffffff" supports_browser="false" pointing="false" resolution="" scalable="false" requires_sound="false"/>
  </swfs>
</widget>
