<?xml version="1.0" encoding="UTF-8"?>
<widget href="/xapis/catalog/widget/60FF3438-DDBD-11DC-9104-001635C47868" id="60FF3438-DDBD-11DC-9104-001635C47868">
  <name>World Population</name>
  <description>This widget shows the current human population of the world, based on US Census Bureau statistics</description>
  <version>1.0</version>
  <play mode="timeout" time="15"/>
  <user type="community" id="E818F108-307A-11DB-9A6C-001372292121" username="dmaxwell"/>
  <security sendable="true" approval="approved" previewable="true" deletable="true" access="public" virtualable="true" overlay="true"/>
  <rating count="67" value="3.8806"/>
  <thumbnail href="http://s3movies.chumby.com/cdn/xmlthumbnail/60FF0CEC-DDBD-11DC-9104-001635C47868" contenttype="image/jpeg"/>
  <template href="/xml/configs/60FF3438-DDBD-11DC-9104-001635C47868" contenttype=""/>
  <category href="http://xml.chumby.com/xapis/catalog/index/E130976A-09A5-11DC-8592-0030488E34F8" name="Educational" id="E130976A-09A5-11DC-8592-0030488E34F8"/>
  <movie href="http://s3movies.chumby.com/cdn/xmlmovie/60F3CC38-DDBD-11DC-9104-001635C47868" contenttype="application/x-shockwave-flash"/>
  <swfs>
    <swf width="320" microphone="false" kb="false" camera="false" as_version="2" accelerometer="false" previewable="true" content-type="application/x-shockwave-flash" href="http://s3movies.chumby.com/cdn/xmlmovie/60F3CC38-DDBD-11DC-9104-001635C47868" fixed_ar="true" swf_version="6" height="240" bgcolor="ffffff" supports_browser="false" pointing="false" resolution="" scalable="false" requires_sound="false"/>
  </swfs>
</widget>
