<?xml version="1.0" encoding="UTF-8"?>
<widget href="/xapis/catalog/widget/F14FDEC0-2068-11E0-B178-0021288EBF58" id="F14FDEC0-2068-11E0-B178-0021288EBF58">
  <name>Super Barrio Wisdom</name>
  <description>Super Barrio: real life super hero, activist, wrestler and possibly Viz reader. 
Now, for the first time ever, he's sharing a selection of weighty pearls he has plucked from the oyster of internet edification.

Hasta La Wisdom!</description>
  <version>1.0</version>
  <play mode="timeout" time="42"/>
  <user type="community" id="998A246E-D53E-11DE-937E-001E681DFAC2" username="irnglxy"/>
  <security sendable="true" previewable="true" approval="approved" access="public" deletable="true" virtualable="true" overlay="true"/>
  <rating count="6" value="3.6667"/>
  <thumbnail href="http://s3movies.chumby.com/cdn/xmlthumbnail/F14F3452-2068-11E0-B178-0021288EBF58" contenttype="image/jpeg"/>
  <template href="/xml/configs/F14FDEC0-2068-11E0-B178-0021288EBF58" contenttype=""/>
  <category href="http://xml.chumby.com/xapis/catalog/index/175E3A6A-5D3D-11DB-A0DD-0030485A78AA" name="Entertainment" id="175E3A6A-5D3D-11DB-A0DD-0030485A78AA"/>
  <movie href="http://s3movies.chumby.com/cdn/xmlmovie/F1536874-2068-11E0-B178-0021288EBF58" contenttype="application/x-shockwave-flash"/>
  <swfs>
    <swf width="320" microphone="false" kb="false" camera="false" as_version="2" accelerometer="false" previewable="true" content-type="application/x-shockwave-flash" href="http://s3movies.chumby.com/cdn/xmlmovie/F1536874-2068-11E0-B178-0021288EBF58" fixed_ar="true" swf_version="8" height="240" bgcolor="ffffff" supports_browser="false" pointing="false" resolution="" scalable="false" requires_sound="false"/>
  </swfs>
</widget>
