<?xml version="1.0" encoding="UTF-8"?>
<widget href="/xapis/catalog/widget/E0405A2E-FD1B-11DC-8A3D-0016353B4502" id="E0405A2E-FD1B-11DC-8A3D-0016353B4502">
  <name>Netflix</name>
  <description>Keep track of your queue, rental activity, and movies you have at home, or check out new releases and popular rentals to see what else you might like.</description>
  <version>1.2.1</version>
  <play mode="timeout" time="35"/>
  <user type="chumby" id="00000000-0000-0000-0000-000000000001" username="chumby"/>
  <security sendable="true" previewable="true" access="public" approval="approved" virtualable="true" deletable="true" overlay="true"/>
  <rating count="151" value="3.9868"/>
  <thumbnail href="http://s3movies.chumby.com/cdn/xmlthumbnail/73DF6350-2E73-11DD-AE10-0030488D0168" contenttype="image/jpeg"/>
  <template href="http://s3movies.chumby.com/cdn/xmltemplate/73F27CE2-2E73-11DD-AE10-0030488D0168" contenttype="application/x-shockwave-flash"/>
  <category href="http://xml.chumby.com/xapis/catalog/index/175E3A6A-5D3D-11DB-A0DD-0030485A78AA" name="Entertainment" id="175E3A6A-5D3D-11DB-A0DD-0030485A78AA"/>
  <movie href="http://s3movies.chumby.com/cdn/xmlmovie/73FDFD24-2E73-11DD-AE10-0030488D0168" contenttype="application/x-shockwave-flash"/>
  <swfs>
    <swf width="320" microphone="false" kb="false" camera="false" as_version="2" accelerometer="false" previewable="true" content-type="application/x-shockwave-flash" href="http://s3movies.chumby.com/cdn/xmlmovie/73FDFD24-2E73-11DD-AE10-0030488D0168" fixed_ar="true" swf_version="8" height="240" bgcolor="ffffff" supports_browser="false" pointing="false" resolution="" scalable="false" requires_sound="false"/>
  </swfs>
</widget>
