<?xml version="1.0" encoding="UTF-8"?>
<widget href="/xapis/catalog/widget/1F405C1C-DC2C-11DC-9444-0016353B4502" id="1F405C1C-DC2C-11DC-9444-0016353B4502">
  <name>ET - Movie News</name>
  <description>Movie news and photos from Entertainment Tonight</description>
  <version>2.3</version>
  <play mode="default" time="30"/>
  <user type="partner" id="033DC920-DC20-11DC-BBA2-001635C47868" username="etonline"/>
  <security sendable="true" approval="approved" previewable="true" access="public" deletable="true" virtualable="true" overlay="true"/>
  <rating count="8" value="4.5"/>
  <thumbnail href="http://s3movies.chumby.com/cdn/xmlthumbnail/D22C63D0-0488-11DF-B2D6-001B24E044BE" contenttype="image/jpeg"/>
  <template href="http://s3movies.chumby.com/cdn/xmltemplate/D2984988-0488-11DF-B2D6-001B24E044BE" contenttype="text/xml"/>
  <category href="http://xml.chumby.com/xapis/catalog/index/175E3A6A-5D3D-11DB-A0DD-0030485A78AA" name="Entertainment" id="175E3A6A-5D3D-11DB-A0DD-0030485A78AA"/>
  <movie href="http://s3movies.chumby.com/cdn/xmlmovie/D32F7BBE-0488-11DF-B2D6-001B24E044BE" contenttype="application/x-shockwave-flash"/>
  <swfs>
    <swf width="320" microphone="false" kb="false" camera="false" as_version="2" accelerometer="false" previewable="true" content-type="application/x-shockwave-flash" href="http://s3movies.chumby.com/cdn/xmlmovie/D32F7BBE-0488-11DF-B2D6-001B24E044BE" fixed_ar="false" swf_version="8" height="240" bgcolor="ffffff" supports_browser="false" pointing="false" resolution="" scalable="false" requires_sound="false"/>
  </swfs>
</widget>
