<?xml version="1.0" encoding="UTF-8"?>
<widget href="/xapis/catalog/widget/BB2E64AE-F8E4-11DD-B47E-001E681DF646" id="BB2E64AE-F8E4-11DD-B47E-001E681DF646">
  <name>Wan-Chumby Flickr</name>
  <description>Please enjoy the photograph of dogs in Japan registered in Flickr. The photograph is retrieved and displayed with the tag of "Dog", "Japanese 
midget Shiba", and "Puppy" of the Kanji character. Flickr&#12363;&#12425;&#12300;&#29356;&#12301;&#12289;&#12300;&#26612;&#29356;&#12301;&#12289;&#12300;&#23376;&#29356;&#12301;&#12398;&#12479;&#12464;&#12391;&#20889;&#30495;&#12434;&#26908;&#32034;&#12375;&#12390;&#34920;&#31034;&#12375;&#12414;&#12377;&#12290;</description>
  <version>1.0</version>
  <play mode="timeout" time="60"/>
  <user type="community" id="B0AF08F4-4D67-11DD-82F7-001B24F07EF4" username="trumphouse"/>
  <security sendable="true" approval="approved" previewable="true" access="public" deletable="true" virtualable="true" overlay="true"/>
  <rating count="6" value="4.1667"/>
  <thumbnail href="http://s3movies.chumby.com/cdn/xmlthumbnail/90588FCA-F8EE-11DD-960C-001E681DFAC2" contenttype="image/jpeg"/>
  <template href="http://s3movies.chumby.com/cdn/xmltemplate/905B82AC-F8EE-11DD-960C-001E681DFAC2" contenttype="application/x-shockwave-flash"/>
  <category href="http://xml.chumby.com/xapis/catalog/index/2DAEAFDA-9798-11DB-9563-0030485A78AA" name="Animals" id="2DAEAFDA-9798-11DB-9563-0030485A78AA"/>
  <movie href="http://s3movies.chumby.com/cdn/xmlmovie/BB2C93C2-F8E4-11DD-B47E-001E681DF646" contenttype="application/x-shockwave-flash"/>
  <swfs>
    <swf width="320" microphone="false" kb="false" camera="false" as_version="2" accelerometer="false" previewable="true" content-type="application/x-shockwave-flash" href="http://s3movies.chumby.com/cdn/xmlmovie/BB2C93C2-F8E4-11DD-B47E-001E681DF646" fixed_ar="true" swf_version="8" height="240" bgcolor="000000" supports_browser="false" pointing="false" resolution="" scalable="false" requires_sound="false"/>
  </swfs>
</widget>
