<?xml version="1.0" encoding="UTF-8"?>
<widget href="/xapis/catalog/widget/19B7A110-7CF4-11DD-85AA-001E681DF646" id="19B7A110-7CF4-11DD-85AA-001E681DF646">
  <name>Guitar Chords</name>
  <description>Play 8 guitar chords by tapping your chumby and sing along.
You can use it to accompany your singing or to help you learn basic guitar chord shapes.</description>
  <version>1.1</version>
  <play mode="timeout" time="60"/>
  <user type="community" id="B0E8D832-7CD7-11DD-9AD3-001B24F07D28" username="widgets.gbr.me"/>
  <security sendable="true" previewable="true" approval="approved" access="public" deletable="true" virtualable="true" overlay="true"/>
  <rating count="43" value="4.0698"/>
  <thumbnail href="http://s3movies.chumby.com/cdn/xmlthumbnail/F3AA0B42-7D8A-11DD-990E-001B24F07D28" contenttype="image/pjpeg"/>
  <template href="/xml/configs/19B7A110-7CF4-11DD-85AA-001E681DF646" contenttype=""/>
  <category href="http://xml.chumby.com/xapis/catalog/index/175E3A6A-5D3D-11DB-A0DD-0030485A78AA" name="Entertainment" id="175E3A6A-5D3D-11DB-A0DD-0030485A78AA"/>
  <movie href="http://s3movies.chumby.com/cdn/xmlmovie/F390D01E-7D8A-11DD-990E-001B24F07D28" contenttype="application/x-shockwave-flash"/>
  <swfs>
    <swf width="320" microphone="false" kb="false" camera="false" as_version="2" accelerometer="false" previewable="true" content-type="application/x-shockwave-flash" href="http://s3movies.chumby.com/cdn/xmlmovie/F390D01E-7D8A-11DD-990E-001B24F07D28" fixed_ar="true" swf_version="7" height="240" bgcolor="ffffff" supports_browser="false" pointing="false" resolution="" scalable="false" requires_sound="false"/>
  </swfs>
</widget>
