<?xml version="1.0" encoding="UTF-8"?>
<widget href="/xapis/catalog/widget/262D8F40-3C1A-11DF-909A-001E681DF646" id="262D8F40-3C1A-11DF-909A-001E681DF646">
  <name>color circle</name>
  <description>&#12469;&#12540;&#12463;&#12523;&#12364;&#29694;&#12428;&#12390;&#12521;&#12531;&#12480;&#12512;&#12395;&#33394;&#12434;&#22793;&#12360;&#12394;&#12364;&#12425;&#28040;&#12360;&#12390;&#12356;&#12367;&#12450;&#12491;&#12513;&#12540;&#12471;&#12519;&#12531;&#12290;
This is an animation where circle appears and it disappears while changing color at random.</description>
  <version>3.0</version>
  <play mode="timeout" time="15"/>
  <user type="community" id="E87A6D96-291B-11DF-A306-001E681DF646" username="kt.kt"/>
  <security sendable="true" approval="approved" previewable="true" access="public" deletable="true" virtualable="true" overlay="true"/>
  <rating count="17" value="2.1176"/>
  <thumbnail href="http://s3movies.chumby.com/cdn/xmlthumbnail/4C0274BC-3C1D-11DF-9D83-001B24F07EF4" contenttype="image/pjpeg"/>
  <template href="/xml/configs/262D8F40-3C1A-11DF-909A-001E681DF646" contenttype=""/>
  <category href="http://xml.chumby.com/xapis/catalog/index/AC50ADA4-4088-11DC-B053-0030485A78AA" name="Animation" id="AC50ADA4-4088-11DC-B053-0030485A78AA"/>
  <movie href="http://s3movies.chumby.com/cdn/xmlmovie/262ED8FA-3C1A-11DF-909A-001E681DF646" contenttype="application/x-shockwave-flash"/>
  <swfs>
    <swf width="320" microphone="false" kb="false" camera="false" as_version="2" accelerometer="false" previewable="true" content-type="application/x-shockwave-flash" href="http://s3movies.chumby.com/cdn/xmlmovie/262ED8FA-3C1A-11DF-909A-001E681DF646" fixed_ar="true" swf_version="8" height="240" bgcolor="ffffff" supports_browser="false" pointing="false" resolution="320x240" scalable="false" requires_sound="false"/>
  </swfs>
</widget>
