<?xml version="1.0" encoding="UTF-8"?>
<widget href="/xapis/catalog/widget/4E63BE5A-3F31-11DC-BD46-0030488E34CA" id="4E63BE5A-3F31-11DC-BD46-0030488E34CA">
  <name>MTV News</name>
  <description>Get the latest music, movie and game news on your Chumby.</description>
  <version>1.7</version>
  <play mode="timeout" time="45"/>
  <user type="partner" id="5E6F7BF4-8982-11DC-AA89-00146C833363" username="MTVNetworks"/>
  <security sendable="true" overlay="true" previewable="true" access="public" virtualable="true" approval="approved" deletable="true"/>
  <rating count="134" value="3.6791"/>
  <thumbnail href="http://s3movies.chumby.com/cdn/xmlthumbnail/F75DCE10-6C63-11DC-8649-0030488CBE0D" contenttype="image/jpeg"/>
  <template href="/xml/configs/4E63BE5A-3F31-11DC-BD46-0030488E34CA" contenttype=""/>
  <category href="http://xml.chumby.com/xapis/catalog/index/175E3A6A-5D3D-11DB-A0DD-0030485A78AA" name="Entertainment" id="175E3A6A-5D3D-11DB-A0DD-0030485A78AA"/>
  <movie href="http://s3movies.chumby.com/cdn/xmlmovie/B5E5C674-51CB-11DD-8394-001B24F07D28" contenttype="application/x-shockwave-flash"/>
  <swfs>
    <swf width="320" microphone="false" kb="false" camera="false" as_version="2" accelerometer="false" previewable="true" content-type="application/x-shockwave-flash" href="http://s3movies.chumby.com/cdn/xmlmovie/B5E5C674-51CB-11DD-8394-001B24F07D28" fixed_ar="false" swf_version="8" height="240" bgcolor="cbdae1" supports_browser="false" pointing="false" resolution="" scalable="false" requires_sound="false"/>
  </swfs>
</widget>
