<?xml version="1.0" encoding="UTF-8"?>
<widget href="/xapis/catalog/widget/2C5F9FAA-497E-11DE-AC05-001E681DFAC2" id="2C5F9FAA-497E-11DE-AC05-001E681DFAC2">
  <name>Maukie</name>
  <description>adopt me...</description>
  <version>1.0</version>
  <play mode="timeout" time="20"/>
  <user type="community" id="55EA10E0-1A9A-11DC-8824-00146C833363" username="LucaM"/>
  <security sendable="true" previewable="true" approval="approved" access="public" deletable="true" virtualable="true" overlay="true"/>
  <rating count="40" value="3.875"/>
  <thumbnail href="http://s3movies.chumby.com/cdn/xmlthumbnail/2C5F667A-497E-11DE-AC05-001E681DFAC2" contenttype="image/pjpeg"/>
  <template href="/xml/configs/2C5F9FAA-497E-11DE-AC05-001E681DFAC2" contenttype=""/>
  <category href="http://xml.chumby.com/xapis/catalog/index/2DAEAFDA-9798-11DB-9563-0030485A78AA" name="Animals" id="2DAEAFDA-9798-11DB-9563-0030485A78AA"/>
  <movie href="http://s3movies.chumby.com/cdn/xmlmovie/2C616CCC-497E-11DE-AC05-001E681DFAC2" contenttype="application/x-shockwave-flash"/>
  <swfs>
    <swf width="320" microphone="false" kb="false" camera="false" as_version="2" accelerometer="false" previewable="true" content-type="application/x-shockwave-flash" href="http://s3movies.chumby.com/cdn/xmlmovie/2C616CCC-497E-11DE-AC05-001E681DFAC2" fixed_ar="false" swf_version="8" height="240" bgcolor="cccccc" supports_browser="false" pointing="false" resolution="" scalable="false" requires_sound="false"/>
  </swfs>
</widget>
