<?xml version="1.0" encoding="UTF-8"?>
<widget href="/xapis/catalog/widget/B7E423AE-61A6-11DD-BF39-001E681DFAC2" id="B7E423AE-61A6-11DD-BF39-001E681DFAC2">
  <name>12 hour Flip Clock - Ivory</name>
  <description>This is the official version of my Flip Clock for the Chumby.

Get free clocks for your own website at www.adamdorman.com.</description>
  <version>1.0</version>
  <play mode="timeout" time="15"/>
  <user type="community" id="E790164A-5200-11DD-BAC5-001E681DFAC2" username="adorman"/>
  <security sendable="true" deletable="true" previewable="true" overlay="true" access="public" virtualable="true" approval="approved"/>
  <rating count="57" value="4.1579"/>
  <thumbnail href="http://s3movies.chumby.com/cdn/xmlthumbnail/B7E41198-61A6-11DD-BF39-001E681DFAC2" contenttype="image/jpeg"/>
  <template href="/xml/configs/B7E423AE-61A6-11DD-BF39-001E681DFAC2" contenttype=""/>
  <category href="http://xml.chumby.com/xapis/catalog/index/EF508B70-2F35-11DB-8753-001372292121" name="Clocks" id="EF508B70-2F35-11DB-8753-001372292121"/>
  <movie href="http://s3movies.chumby.com/cdn/xmlmovie/03DC1022-6586-11DD-8C46-001E681DF646" contenttype="application/x-shockwave-flash"/>
  <swfs>
    <swf width="320" microphone="false" kb="false" camera="false" as_version="2" accelerometer="false" previewable="true" content-type="application/x-shockwave-flash" href="http://s3movies.chumby.com/cdn/xmlmovie/03DC1022-6586-11DD-8C46-001E681DF646" fixed_ar="false" swf_version="7" height="240" bgcolor="000000" supports_browser="false" pointing="false" resolution="" scalable="false" requires_sound="false"/>
  </swfs>
</widget>
